[
  {
    "name": "Process Start",
    "start": 1651893187249,
    "end": 1651893188945,
    "duration": 1696,
    "pid": 5428,
    "index": 0
  },
  {
    "name": "Application Start",
    "start": 1651893188947,
    "end": 1651893190305,
    "duration": 1358,
    "pid": 5428,
    "index": 1
  },
  {
    "name": "Load Plugin",
    "start": 1651893188955,
    "end": 1651893188983,
    "duration": 28,
    "pid": 5428,
    "index": 2
  },
  {
    "name": "Load Config",
    "start": 1651893188983,
    "end": 1651893189023,
    "duration": 40,
    "pid": 5428,
    "index": 3
  },
  {
    "name": "Require(0) config/config.default.js",
    "start": 1651893188984,
    "end": 1651893188985,
    "duration": 1,
    "pid": 5428,
    "index": 4
  },
  {
    "name": "Require(1) node_modules/egg-session/config/config.default.js",
    "start": 1651893188987,
    "end": 1651893188988,
    "duration": 1,
    "pid": 5428,
    "index": 5
  },
  {
    "name": "Require(2) node_modules/egg-security/config/config.default.js",
    "start": 1651893188988,
    "end": 1651893188989,
    "duration": 1,
    "pid": 5428,
    "index": 6
  },
  {
    "name": "Require(3) node_modules/egg-jsonp/config/config.default.js",
    "start": 1651893188990,
    "end": 1651893188992,
    "duration": 2,
    "pid": 5428,
    "index": 7
  },
  {
    "name": "Require(4) node_modules/egg-onerror/config/config.default.js",
    "start": 1651893188992,
    "end": 1651893188993,
    "duration": 1,
    "pid": 5428,
    "index": 8
  },
  {
    "name": "Require(5) node_modules/egg-i18n/config/config.default.js",
    "start": 1651893188994,
    "end": 1651893188994,
    "duration": 0,
    "pid": 5428,
    "index": 9
  },
  {
    "name": "Require(6) node_modules/egg-watcher/config/config.default.js",
    "start": 1651893188995,
    "end": 1651893188996,
    "duration": 1,
    "pid": 5428,
    "index": 10
  },
  {
    "name": "Require(7) node_modules/egg-schedule/config/config.default.js",
    "start": 1651893188997,
    "end": 1651893188998,
    "duration": 1,
    "pid": 5428,
    "index": 11
  },
  {
    "name": "Require(8) node_modules/egg-multipart/config/config.default.js",
    "start": 1651893188999,
    "end": 1651893189000,
    "duration": 1,
    "pid": 5428,
    "index": 12
  },
  {
    "name": "Require(9) node_modules/egg-development/config/config.default.js",
    "start": 1651893189001,
    "end": 1651893189002,
    "duration": 1,
    "pid": 5428,
    "index": 13
  },
  {
    "name": "Require(10) node_modules/egg-logrotator/config/config.default.js",
    "start": 1651893189002,
    "end": 1651893189003,
    "duration": 1,
    "pid": 5428,
    "index": 14
  },
  {
    "name": "Require(11) node_modules/egg-static/config/config.default.js",
    "start": 1651893189004,
    "end": 1651893189005,
    "duration": 1,
    "pid": 5428,
    "index": 15
  },
  {
    "name": "Require(12) node_modules/egg-view/config/config.default.js",
    "start": 1651893189005,
    "end": 1651893189006,
    "duration": 1,
    "pid": 5428,
    "index": 16
  },
  {
    "name": "Require(13) node_modules/egg-sequelize/config/config.default.js",
    "start": 1651893189007,
    "end": 1651893189008,
    "duration": 1,
    "pid": 5428,
    "index": 17
  },
  {
    "name": "Require(14) node_modules/egg-cors/config/config.default.js",
    "start": 1651893189009,
    "end": 1651893189009,
    "duration": 0,
    "pid": 5428,
    "index": 18
  },
  {
    "name": "Require(15) node_modules/egg-jwt/config/config.default.js",
    "start": 1651893189010,
    "end": 1651893189010,
    "duration": 0,
    "pid": 5428,
    "index": 19
  },
  {
    "name": "Require(16) node_modules/egg-socket.io/config/config.default.js",
    "start": 1651893189011,
    "end": 1651893189011,
    "duration": 0,
    "pid": 5428,
    "index": 20
  },
  {
    "name": "Require(17) node_modules/egg/config/config.default.js",
    "start": 1651893189012,
    "end": 1651893189012,
    "duration": 0,
    "pid": 5428,
    "index": 21
  },
  {
    "name": "Require(18) config/config.default.js",
    "start": 1651893189014,
    "end": 1651893189014,
    "duration": 0,
    "pid": 5428,
    "index": 22
  },
  {
    "name": "Require(19) node_modules/egg-security/config/config.local.js",
    "start": 1651893189017,
    "end": 1651893189018,
    "duration": 1,
    "pid": 5428,
    "index": 23
  },
  {
    "name": "Require(20) node_modules/egg-watcher/config/config.local.js",
    "start": 1651893189019,
    "end": 1651893189019,
    "duration": 0,
    "pid": 5428,
    "index": 24
  },
  {
    "name": "Require(21) node_modules/egg-view/config/config.local.js",
    "start": 1651893189021,
    "end": 1651893189021,
    "duration": 0,
    "pid": 5428,
    "index": 25
  },
  {
    "name": "Require(22) node_modules/egg/config/config.local.js",
    "start": 1651893189022,
    "end": 1651893189023,
    "duration": 1,
    "pid": 5428,
    "index": 26
  },
  {
    "name": "Load extend/application.js",
    "start": 1651893189025,
    "end": 1651893189182,
    "duration": 157,
    "pid": 5428,
    "index": 27
  },
  {
    "name": "Require(23) node_modules/egg-session/app/extend/application.js",
    "start": 1651893189026,
    "end": 1651893189026,
    "duration": 0,
    "pid": 5428,
    "index": 28
  },
  {
    "name": "Require(24) node_modules/egg-security/app/extend/application.js",
    "start": 1651893189027,
    "end": 1651893189029,
    "duration": 2,
    "pid": 5428,
    "index": 29
  },
  {
    "name": "Require(25) node_modules/egg-jsonp/app/extend/application.js",
    "start": 1651893189029,
    "end": 1651893189031,
    "duration": 2,
    "pid": 5428,
    "index": 30
  },
  {
    "name": "Require(26) node_modules/egg-logrotator/app/extend/application.js",
    "start": 1651893189033,
    "end": 1651893189035,
    "duration": 2,
    "pid": 5428,
    "index": 31
  },
  {
    "name": "Require(27) node_modules/egg-view/app/extend/application.js",
    "start": 1651893189036,
    "end": 1651893189038,
    "duration": 2,
    "pid": 5428,
    "index": 32
  },
  {
    "name": "Require(28) node_modules/egg-jwt/app/extend/application.js",
    "start": 1651893189039,
    "end": 1651893189100,
    "duration": 61,
    "pid": 5428,
    "index": 33
  },
  {
    "name": "Require(29) node_modules/egg-socket.io/app/extend/application.js",
    "start": 1651893189101,
    "end": 1651893189176,
    "duration": 75,
    "pid": 5428,
    "index": 34
  },
  {
    "name": "Load extend/request.js",
    "start": 1651893189182,
    "end": 1651893189191,
    "duration": 9,
    "pid": 5428,
    "index": 35
  },
  {
    "name": "Require(30) node_modules/egg/app/extend/request.js",
    "start": 1651893189186,
    "end": 1651893189187,
    "duration": 1,
    "pid": 5428,
    "index": 36
  },
  {
    "name": "Load extend/response.js",
    "start": 1651893189191,
    "end": 1651893189202,
    "duration": 11,
    "pid": 5428,
    "index": 37
  },
  {
    "name": "Require(31) node_modules/egg/app/extend/response.js",
    "start": 1651893189195,
    "end": 1651893189197,
    "duration": 2,
    "pid": 5428,
    "index": 38
  },
  {
    "name": "Load extend/context.js",
    "start": 1651893189202,
    "end": 1651893189317,
    "duration": 115,
    "pid": 5428,
    "index": 39
  },
  {
    "name": "Require(32) node_modules/egg-security/app/extend/context.js",
    "start": 1651893189203,
    "end": 1651893189218,
    "duration": 15,
    "pid": 5428,
    "index": 40
  },
  {
    "name": "Require(33) node_modules/egg-jsonp/app/extend/context.js",
    "start": 1651893189219,
    "end": 1651893189220,
    "duration": 1,
    "pid": 5428,
    "index": 41
  },
  {
    "name": "Require(34) node_modules/egg-i18n/app/extend/context.js",
    "start": 1651893189221,
    "end": 1651893189222,
    "duration": 1,
    "pid": 5428,
    "index": 42
  },
  {
    "name": "Require(35) node_modules/egg-multipart/app/extend/context.js",
    "start": 1651893189223,
    "end": 1651893189306,
    "duration": 83,
    "pid": 5428,
    "index": 43
  },
  {
    "name": "Require(36) node_modules/egg-view/app/extend/context.js",
    "start": 1651893189308,
    "end": 1651893189310,
    "duration": 2,
    "pid": 5428,
    "index": 44
  },
  {
    "name": "Require(37) node_modules/egg/app/extend/context.js",
    "start": 1651893189311,
    "end": 1651893189313,
    "duration": 2,
    "pid": 5428,
    "index": 45
  },
  {
    "name": "Load extend/helper.js",
    "start": 1651893189317,
    "end": 1651893189350,
    "duration": 33,
    "pid": 5428,
    "index": 46
  },
  {
    "name": "Require(38) node_modules/egg-security/app/extend/helper.js",
    "start": 1651893189318,
    "end": 1651893189342,
    "duration": 24,
    "pid": 5428,
    "index": 47
  },
  {
    "name": "Require(39) node_modules/egg/app/extend/helper.js",
    "start": 1651893189346,
    "end": 1651893189346,
    "duration": 0,
    "pid": 5428,
    "index": 48
  },
  {
    "name": "Load app.js",
    "start": 1651893189351,
    "end": 1651893189473,
    "duration": 122,
    "pid": 5428,
    "index": 49
  },
  {
    "name": "Require(40) node_modules/egg-session/app.js",
    "start": 1651893189351,
    "end": 1651893189352,
    "duration": 1,
    "pid": 5428,
    "index": 50
  },
  {
    "name": "Require(41) node_modules/egg-security/app.js",
    "start": 1651893189352,
    "end": 1651893189354,
    "duration": 2,
    "pid": 5428,
    "index": 51
  },
  {
    "name": "Require(42) node_modules/egg-onerror/app.js",
    "start": 1651893189355,
    "end": 1651893189364,
    "duration": 9,
    "pid": 5428,
    "index": 52
  },
  {
    "name": "Require(43) node_modules/egg-i18n/app.js",
    "start": 1651893189365,
    "end": 1651893189385,
    "duration": 20,
    "pid": 5428,
    "index": 53
  },
  {
    "name": "Require(44) node_modules/egg-watcher/app.js",
    "start": 1651893189385,
    "end": 1651893189391,
    "duration": 6,
    "pid": 5428,
    "index": 54
  },
  {
    "name": "Require(45) node_modules/egg-schedule/app.js",
    "start": 1651893189391,
    "end": 1651893189393,
    "duration": 2,
    "pid": 5428,
    "index": 55
  },
  {
    "name": "Require(46) node_modules/egg-multipart/app.js",
    "start": 1651893189393,
    "end": 1651893189394,
    "duration": 1,
    "pid": 5428,
    "index": 56
  },
  {
    "name": "Require(47) node_modules/egg-development/app.js",
    "start": 1651893189395,
    "end": 1651893189395,
    "duration": 0,
    "pid": 5428,
    "index": 57
  },
  {
    "name": "Require(48) node_modules/egg-logrotator/app.js",
    "start": 1651893189395,
    "end": 1651893189396,
    "duration": 1,
    "pid": 5428,
    "index": 58
  },
  {
    "name": "Require(49) node_modules/egg-static/app.js",
    "start": 1651893189396,
    "end": 1651893189397,
    "duration": 1,
    "pid": 5428,
    "index": 59
  },
  {
    "name": "Require(50) node_modules/egg-sequelize/app.js",
    "start": 1651893189397,
    "end": 1651893189398,
    "duration": 1,
    "pid": 5428,
    "index": 60
  },
  {
    "name": "Require(51) node_modules/egg-cors/app.js",
    "start": 1651893189399,
    "end": 1651893189399,
    "duration": 0,
    "pid": 5428,
    "index": 61
  },
  {
    "name": "Require(52) node_modules/egg-jwt/app.js",
    "start": 1651893189400,
    "end": 1651893189400,
    "duration": 0,
    "pid": 5428,
    "index": 62
  },
  {
    "name": "Require(53) node_modules/egg-socket.io/app.js",
    "start": 1651893189401,
    "end": 1651893189472,
    "duration": 71,
    "pid": 5428,
    "index": 63
  },
  {
    "name": "Before Start in node_modules/egg-watcher/lib/init.js:15:14",
    "start": 1651893189488,
    "end": 1651893190265,
    "duration": 777,
    "pid": 5428,
    "index": 64
  },
  {
    "name": "Load \"Symbol(model)\" to Application",
    "start": 1651893189999,
    "end": 1651893190024,
    "duration": 25,
    "pid": 5428,
    "index": 65
  },
  {
    "name": "Before Start in node_modules/egg-sequelize/lib/loader.js:39:7",
    "start": 1651893190024,
    "end": 1651893190288,
    "duration": 264,
    "pid": 5428,
    "index": 66
  },
  {
    "name": "Load Controller",
    "start": 1651893190035,
    "end": 1651893190157,
    "duration": 122,
    "pid": 5428,
    "index": 67
  },
  {
    "name": "Load \"controller\" to Application",
    "start": 1651893190035,
    "end": 1651893190157,
    "duration": 122,
    "pid": 5428,
    "index": 68
  },
  {
    "name": "Before Start in node_modules/egg-socket.io/lib/io.js:26:7",
    "start": 1651893190042,
    "end": 1651893190224,
    "duration": 182,
    "pid": 5428,
    "index": 69
  },
  {
    "name": "Load Service",
    "start": 1651893190042,
    "end": 1651893190059,
    "duration": 17,
    "pid": 5428,
    "index": 70
  },
  {
    "name": "Load \"service\" to Context",
    "start": 1651893190042,
    "end": 1651893190059,
    "duration": 17,
    "pid": 5428,
    "index": 71
  },
  {
    "name": "Load Middleware",
    "start": 1651893190060,
    "end": 1651893190157,
    "duration": 97,
    "pid": 5428,
    "index": 72
  },
  {
    "name": "Load \"middlewares\" to Application",
    "start": 1651893190060,
    "end": 1651893190142,
    "duration": 82,
    "pid": 5428,
    "index": 73
  },
  {
    "name": "Load Controller",
    "start": 1651893190157,
    "end": 1651893190167,
    "duration": 10,
    "pid": 5428,
    "index": 74
  },
  {
    "name": "Load \"controller\" to Application",
    "start": 1651893190157,
    "end": 1651893190167,
    "duration": 10,
    "pid": 5428,
    "index": 75
  },
  {
    "name": "Load Router",
    "start": 1651893190167,
    "end": 1651893190171,
    "duration": 4,
    "pid": 5428,
    "index": 76
  },
  {
    "name": "Require(54) app/router.js",
    "start": 1651893190167,
    "end": 1651893190168,
    "duration": 1,
    "pid": 5428,
    "index": 77
  },
  {
    "name": "Before Start in node_modules/egg-core/lib/egg.js:303:10",
    "start": 1651893190168,
    "end": 1651893190219,
    "duration": 51,
    "pid": 5428,
    "index": 78
  }
]