[
  {
    "name": "Process Start",
    "start": 1651911846347,
    "end": 1651911848362,
    "duration": 2015,
    "pid": 3588,
    "index": 0
  },
  {
    "name": "Application Start",
    "start": 1651911848365,
    "end": 1651911850048,
    "duration": 1683,
    "pid": 3588,
    "index": 1
  },
  {
    "name": "Load Plugin",
    "start": 1651911848373,
    "end": 1651911848404,
    "duration": 31,
    "pid": 3588,
    "index": 2
  },
  {
    "name": "Load Config",
    "start": 1651911848404,
    "end": 1651911848452,
    "duration": 48,
    "pid": 3588,
    "index": 3
  },
  {
    "name": "Require(0) config/config.default.js",
    "start": 1651911848405,
    "end": 1651911848406,
    "duration": 1,
    "pid": 3588,
    "index": 4
  },
  {
    "name": "Require(1) node_modules/egg-session/config/config.default.js",
    "start": 1651911848409,
    "end": 1651911848410,
    "duration": 1,
    "pid": 3588,
    "index": 5
  },
  {
    "name": "Require(2) node_modules/egg-security/config/config.default.js",
    "start": 1651911848410,
    "end": 1651911848411,
    "duration": 1,
    "pid": 3588,
    "index": 6
  },
  {
    "name": "Require(3) node_modules/egg-jsonp/config/config.default.js",
    "start": 1651911848413,
    "end": 1651911848413,
    "duration": 0,
    "pid": 3588,
    "index": 7
  },
  {
    "name": "Require(4) node_modules/egg-onerror/config/config.default.js",
    "start": 1651911848414,
    "end": 1651911848415,
    "duration": 1,
    "pid": 3588,
    "index": 8
  },
  {
    "name": "Require(5) node_modules/egg-i18n/config/config.default.js",
    "start": 1651911848415,
    "end": 1651911848416,
    "duration": 1,
    "pid": 3588,
    "index": 9
  },
  {
    "name": "Require(6) node_modules/egg-watcher/config/config.default.js",
    "start": 1651911848417,
    "end": 1651911848418,
    "duration": 1,
    "pid": 3588,
    "index": 10
  },
  {
    "name": "Require(7) node_modules/egg-schedule/config/config.default.js",
    "start": 1651911848419,
    "end": 1651911848420,
    "duration": 1,
    "pid": 3588,
    "index": 11
  },
  {
    "name": "Require(8) node_modules/egg-multipart/config/config.default.js",
    "start": 1651911848421,
    "end": 1651911848423,
    "duration": 2,
    "pid": 3588,
    "index": 12
  },
  {
    "name": "Require(9) node_modules/egg-development/config/config.default.js",
    "start": 1651911848424,
    "end": 1651911848425,
    "duration": 1,
    "pid": 3588,
    "index": 13
  },
  {
    "name": "Require(10) node_modules/egg-logrotator/config/config.default.js",
    "start": 1651911848425,
    "end": 1651911848426,
    "duration": 1,
    "pid": 3588,
    "index": 14
  },
  {
    "name": "Require(11) node_modules/egg-static/config/config.default.js",
    "start": 1651911848427,
    "end": 1651911848427,
    "duration": 0,
    "pid": 3588,
    "index": 15
  },
  {
    "name": "Require(12) node_modules/egg-view/config/config.default.js",
    "start": 1651911848428,
    "end": 1651911848429,
    "duration": 1,
    "pid": 3588,
    "index": 16
  },
  {
    "name": "Require(13) node_modules/egg-sequelize/config/config.default.js",
    "start": 1651911848430,
    "end": 1651911848430,
    "duration": 0,
    "pid": 3588,
    "index": 17
  },
  {
    "name": "Require(14) node_modules/egg-cors/config/config.default.js",
    "start": 1651911848431,
    "end": 1651911848432,
    "duration": 1,
    "pid": 3588,
    "index": 18
  },
  {
    "name": "Require(15) node_modules/egg-jwt/config/config.default.js",
    "start": 1651911848433,
    "end": 1651911848434,
    "duration": 1,
    "pid": 3588,
    "index": 19
  },
  {
    "name": "Require(16) node_modules/egg-socket.io/config/config.default.js",
    "start": 1651911848435,
    "end": 1651911848436,
    "duration": 1,
    "pid": 3588,
    "index": 20
  },
  {
    "name": "Require(17) node_modules/egg/config/config.default.js",
    "start": 1651911848437,
    "end": 1651911848438,
    "duration": 1,
    "pid": 3588,
    "index": 21
  },
  {
    "name": "Require(18) config/config.default.js",
    "start": 1651911848441,
    "end": 1651911848441,
    "duration": 0,
    "pid": 3588,
    "index": 22
  },
  {
    "name": "Require(19) node_modules/egg-security/config/config.local.js",
    "start": 1651911848444,
    "end": 1651911848445,
    "duration": 1,
    "pid": 3588,
    "index": 23
  },
  {
    "name": "Require(20) node_modules/egg-watcher/config/config.local.js",
    "start": 1651911848446,
    "end": 1651911848446,
    "duration": 0,
    "pid": 3588,
    "index": 24
  },
  {
    "name": "Require(21) node_modules/egg-view/config/config.local.js",
    "start": 1651911848448,
    "end": 1651911848449,
    "duration": 1,
    "pid": 3588,
    "index": 25
  },
  {
    "name": "Require(22) node_modules/egg/config/config.local.js",
    "start": 1651911848450,
    "end": 1651911848451,
    "duration": 1,
    "pid": 3588,
    "index": 26
  },
  {
    "name": "Load extend/application.js",
    "start": 1651911848455,
    "end": 1651911848604,
    "duration": 149,
    "pid": 3588,
    "index": 27
  },
  {
    "name": "Require(23) node_modules/egg-session/app/extend/application.js",
    "start": 1651911848456,
    "end": 1651911848457,
    "duration": 1,
    "pid": 3588,
    "index": 28
  },
  {
    "name": "Require(24) node_modules/egg-security/app/extend/application.js",
    "start": 1651911848458,
    "end": 1651911848463,
    "duration": 5,
    "pid": 3588,
    "index": 29
  },
  {
    "name": "Require(25) node_modules/egg-jsonp/app/extend/application.js",
    "start": 1651911848463,
    "end": 1651911848470,
    "duration": 7,
    "pid": 3588,
    "index": 30
  },
  {
    "name": "Require(26) node_modules/egg-logrotator/app/extend/application.js",
    "start": 1651911848472,
    "end": 1651911848474,
    "duration": 2,
    "pid": 3588,
    "index": 31
  },
  {
    "name": "Require(27) node_modules/egg-view/app/extend/application.js",
    "start": 1651911848474,
    "end": 1651911848476,
    "duration": 2,
    "pid": 3588,
    "index": 32
  },
  {
    "name": "Require(28) node_modules/egg-jwt/app/extend/application.js",
    "start": 1651911848477,
    "end": 1651911848530,
    "duration": 53,
    "pid": 3588,
    "index": 33
  },
  {
    "name": "Require(29) node_modules/egg-socket.io/app/extend/application.js",
    "start": 1651911848530,
    "end": 1651911848600,
    "duration": 70,
    "pid": 3588,
    "index": 34
  },
  {
    "name": "Load extend/request.js",
    "start": 1651911848604,
    "end": 1651911848615,
    "duration": 11,
    "pid": 3588,
    "index": 35
  },
  {
    "name": "Require(30) node_modules/egg/app/extend/request.js",
    "start": 1651911848609,
    "end": 1651911848610,
    "duration": 1,
    "pid": 3588,
    "index": 36
  },
  {
    "name": "Load extend/response.js",
    "start": 1651911848615,
    "end": 1651911848625,
    "duration": 10,
    "pid": 3588,
    "index": 37
  },
  {
    "name": "Require(31) node_modules/egg/app/extend/response.js",
    "start": 1651911848618,
    "end": 1651911848620,
    "duration": 2,
    "pid": 3588,
    "index": 38
  },
  {
    "name": "Load extend/context.js",
    "start": 1651911848625,
    "end": 1651911848748,
    "duration": 123,
    "pid": 3588,
    "index": 39
  },
  {
    "name": "Require(32) node_modules/egg-security/app/extend/context.js",
    "start": 1651911848626,
    "end": 1651911848645,
    "duration": 19,
    "pid": 3588,
    "index": 40
  },
  {
    "name": "Require(33) node_modules/egg-jsonp/app/extend/context.js",
    "start": 1651911848646,
    "end": 1651911848650,
    "duration": 4,
    "pid": 3588,
    "index": 41
  },
  {
    "name": "Require(34) node_modules/egg-i18n/app/extend/context.js",
    "start": 1651911848651,
    "end": 1651911848652,
    "duration": 1,
    "pid": 3588,
    "index": 42
  },
  {
    "name": "Require(35) node_modules/egg-multipart/app/extend/context.js",
    "start": 1651911848653,
    "end": 1651911848732,
    "duration": 79,
    "pid": 3588,
    "index": 43
  },
  {
    "name": "Require(36) node_modules/egg-view/app/extend/context.js",
    "start": 1651911848734,
    "end": 1651911848736,
    "duration": 2,
    "pid": 3588,
    "index": 44
  },
  {
    "name": "Require(37) node_modules/egg/app/extend/context.js",
    "start": 1651911848739,
    "end": 1651911848742,
    "duration": 3,
    "pid": 3588,
    "index": 45
  },
  {
    "name": "Load extend/helper.js",
    "start": 1651911848748,
    "end": 1651911848787,
    "duration": 39,
    "pid": 3588,
    "index": 46
  },
  {
    "name": "Require(38) node_modules/egg-security/app/extend/helper.js",
    "start": 1651911848749,
    "end": 1651911848777,
    "duration": 28,
    "pid": 3588,
    "index": 47
  },
  {
    "name": "Require(39) node_modules/egg/app/extend/helper.js",
    "start": 1651911848781,
    "end": 1651911848782,
    "duration": 1,
    "pid": 3588,
    "index": 48
  },
  {
    "name": "Load app.js",
    "start": 1651911848787,
    "end": 1651911848929,
    "duration": 142,
    "pid": 3588,
    "index": 49
  },
  {
    "name": "Require(40) node_modules/egg-session/app.js",
    "start": 1651911848788,
    "end": 1651911848788,
    "duration": 0,
    "pid": 3588,
    "index": 50
  },
  {
    "name": "Require(41) node_modules/egg-security/app.js",
    "start": 1651911848789,
    "end": 1651911848791,
    "duration": 2,
    "pid": 3588,
    "index": 51
  },
  {
    "name": "Require(42) node_modules/egg-onerror/app.js",
    "start": 1651911848792,
    "end": 1651911848807,
    "duration": 15,
    "pid": 3588,
    "index": 52
  },
  {
    "name": "Require(43) node_modules/egg-i18n/app.js",
    "start": 1651911848808,
    "end": 1651911848834,
    "duration": 26,
    "pid": 3588,
    "index": 53
  },
  {
    "name": "Require(44) node_modules/egg-watcher/app.js",
    "start": 1651911848834,
    "end": 1651911848842,
    "duration": 8,
    "pid": 3588,
    "index": 54
  },
  {
    "name": "Require(45) node_modules/egg-schedule/app.js",
    "start": 1651911848843,
    "end": 1651911848845,
    "duration": 2,
    "pid": 3588,
    "index": 55
  },
  {
    "name": "Require(46) node_modules/egg-multipart/app.js",
    "start": 1651911848845,
    "end": 1651911848846,
    "duration": 1,
    "pid": 3588,
    "index": 56
  },
  {
    "name": "Require(47) node_modules/egg-development/app.js",
    "start": 1651911848847,
    "end": 1651911848847,
    "duration": 0,
    "pid": 3588,
    "index": 57
  },
  {
    "name": "Require(48) node_modules/egg-logrotator/app.js",
    "start": 1651911848848,
    "end": 1651911848848,
    "duration": 0,
    "pid": 3588,
    "index": 58
  },
  {
    "name": "Require(49) node_modules/egg-static/app.js",
    "start": 1651911848849,
    "end": 1651911848849,
    "duration": 0,
    "pid": 3588,
    "index": 59
  },
  {
    "name": "Require(50) node_modules/egg-sequelize/app.js",
    "start": 1651911848850,
    "end": 1651911848851,
    "duration": 1,
    "pid": 3588,
    "index": 60
  },
  {
    "name": "Require(51) node_modules/egg-cors/app.js",
    "start": 1651911848851,
    "end": 1651911848852,
    "duration": 1,
    "pid": 3588,
    "index": 61
  },
  {
    "name": "Require(52) node_modules/egg-jwt/app.js",
    "start": 1651911848853,
    "end": 1651911848854,
    "duration": 1,
    "pid": 3588,
    "index": 62
  },
  {
    "name": "Require(53) node_modules/egg-socket.io/app.js",
    "start": 1651911848854,
    "end": 1651911848927,
    "duration": 73,
    "pid": 3588,
    "index": 63
  },
  {
    "name": "Before Start in node_modules/egg-watcher/lib/init.js:15:14",
    "start": 1651911848951,
    "end": 1651911850006,
    "duration": 1055,
    "pid": 3588,
    "index": 64
  },
  {
    "name": "Load \"Symbol(model)\" to Application",
    "start": 1651911849615,
    "end": 1651911849656,
    "duration": 41,
    "pid": 3588,
    "index": 65
  },
  {
    "name": "Before Start in node_modules/egg-sequelize/lib/loader.js:39:7",
    "start": 1651911849656,
    "end": 1651911850033,
    "duration": 377,
    "pid": 3588,
    "index": 66
  },
  {
    "name": "Load Controller",
    "start": 1651911849674,
    "end": 1651911849867,
    "duration": 193,
    "pid": 3588,
    "index": 67
  },
  {
    "name": "Load \"controller\" to Application",
    "start": 1651911849674,
    "end": 1651911849867,
    "duration": 193,
    "pid": 3588,
    "index": 68
  },
  {
    "name": "Before Start in node_modules/egg-socket.io/lib/io.js:26:7",
    "start": 1651911849687,
    "end": 1651911849957,
    "duration": 270,
    "pid": 3588,
    "index": 69
  },
  {
    "name": "Load Service",
    "start": 1651911849688,
    "end": 1651911849715,
    "duration": 27,
    "pid": 3588,
    "index": 70
  },
  {
    "name": "Load \"service\" to Context",
    "start": 1651911849688,
    "end": 1651911849715,
    "duration": 27,
    "pid": 3588,
    "index": 71
  },
  {
    "name": "Load Middleware",
    "start": 1651911849715,
    "end": 1651911849867,
    "duration": 152,
    "pid": 3588,
    "index": 72
  },
  {
    "name": "Load \"middlewares\" to Application",
    "start": 1651911849715,
    "end": 1651911849843,
    "duration": 128,
    "pid": 3588,
    "index": 73
  },
  {
    "name": "Load Controller",
    "start": 1651911849867,
    "end": 1651911849889,
    "duration": 22,
    "pid": 3588,
    "index": 74
  },
  {
    "name": "Load \"controller\" to Application",
    "start": 1651911849867,
    "end": 1651911849889,
    "duration": 22,
    "pid": 3588,
    "index": 75
  },
  {
    "name": "Load Router",
    "start": 1651911849889,
    "end": 1651911849899,
    "duration": 10,
    "pid": 3588,
    "index": 76
  },
  {
    "name": "Require(54) app/router.js",
    "start": 1651911849890,
    "end": 1651911849891,
    "duration": 1,
    "pid": 3588,
    "index": 77
  },
  {
    "name": "Before Start in node_modules/egg-core/lib/egg.js:303:10",
    "start": 1651911849892,
    "end": 1651911849951,
    "duration": 59,
    "pid": 3588,
    "index": 78
  }
]