[
  {
    "name": "Process Start",
    "start": 1651893013058,
    "end": 1651893014579,
    "duration": 1521,
    "pid": 11224,
    "index": 0
  },
  {
    "name": "Application Start",
    "start": 1651893014580,
    "end": 1651893015922,
    "duration": 1342,
    "pid": 11224,
    "index": 1
  },
  {
    "name": "Load Plugin",
    "start": 1651893014588,
    "end": 1651893014615,
    "duration": 27,
    "pid": 11224,
    "index": 2
  },
  {
    "name": "Load Config",
    "start": 1651893014615,
    "end": 1651893014670,
    "duration": 55,
    "pid": 11224,
    "index": 3
  },
  {
    "name": "Require(0) config/config.default.js",
    "start": 1651893014617,
    "end": 1651893014617,
    "duration": 0,
    "pid": 11224,
    "index": 4
  },
  {
    "name": "Require(1) node_modules/egg-session/config/config.default.js",
    "start": 1651893014620,
    "end": 1651893014620,
    "duration": 0,
    "pid": 11224,
    "index": 5
  },
  {
    "name": "Require(2) node_modules/egg-security/config/config.default.js",
    "start": 1651893014621,
    "end": 1651893014622,
    "duration": 1,
    "pid": 11224,
    "index": 6
  },
  {
    "name": "Require(3) node_modules/egg-jsonp/config/config.default.js",
    "start": 1651893014623,
    "end": 1651893014624,
    "duration": 1,
    "pid": 11224,
    "index": 7
  },
  {
    "name": "Require(4) node_modules/egg-onerror/config/config.default.js",
    "start": 1651893014625,
    "end": 1651893014626,
    "duration": 1,
    "pid": 11224,
    "index": 8
  },
  {
    "name": "Require(5) node_modules/egg-i18n/config/config.default.js",
    "start": 1651893014627,
    "end": 1651893014627,
    "duration": 0,
    "pid": 11224,
    "index": 9
  },
  {
    "name": "Require(6) node_modules/egg-watcher/config/config.default.js",
    "start": 1651893014628,
    "end": 1651893014629,
    "duration": 1,
    "pid": 11224,
    "index": 10
  },
  {
    "name": "Require(7) node_modules/egg-schedule/config/config.default.js",
    "start": 1651893014630,
    "end": 1651893014630,
    "duration": 0,
    "pid": 11224,
    "index": 11
  },
  {
    "name": "Require(8) node_modules/egg-multipart/config/config.default.js",
    "start": 1651893014631,
    "end": 1651893014632,
    "duration": 1,
    "pid": 11224,
    "index": 12
  },
  {
    "name": "Require(9) node_modules/egg-development/config/config.default.js",
    "start": 1651893014634,
    "end": 1651893014634,
    "duration": 0,
    "pid": 11224,
    "index": 13
  },
  {
    "name": "Require(10) node_modules/egg-logrotator/config/config.default.js",
    "start": 1651893014635,
    "end": 1651893014636,
    "duration": 1,
    "pid": 11224,
    "index": 14
  },
  {
    "name": "Require(11) node_modules/egg-static/config/config.default.js",
    "start": 1651893014636,
    "end": 1651893014637,
    "duration": 1,
    "pid": 11224,
    "index": 15
  },
  {
    "name": "Require(12) node_modules/egg-view/config/config.default.js",
    "start": 1651893014639,
    "end": 1651893014640,
    "duration": 1,
    "pid": 11224,
    "index": 16
  },
  {
    "name": "Require(13) node_modules/egg-sequelize/config/config.default.js",
    "start": 1651893014640,
    "end": 1651893014641,
    "duration": 1,
    "pid": 11224,
    "index": 17
  },
  {
    "name": "Require(14) node_modules/egg-cors/config/config.default.js",
    "start": 1651893014642,
    "end": 1651893014643,
    "duration": 1,
    "pid": 11224,
    "index": 18
  },
  {
    "name": "Require(15) node_modules/egg-jwt/config/config.default.js",
    "start": 1651893014644,
    "end": 1651893014645,
    "duration": 1,
    "pid": 11224,
    "index": 19
  },
  {
    "name": "Require(16) node_modules/egg-socket.io/config/config.default.js",
    "start": 1651893014646,
    "end": 1651893014646,
    "duration": 0,
    "pid": 11224,
    "index": 20
  },
  {
    "name": "Require(17) node_modules/egg/config/config.default.js",
    "start": 1651893014647,
    "end": 1651893014648,
    "duration": 1,
    "pid": 11224,
    "index": 21
  },
  {
    "name": "Require(18) config/config.default.js",
    "start": 1651893014650,
    "end": 1651893014650,
    "duration": 0,
    "pid": 11224,
    "index": 22
  },
  {
    "name": "Require(19) node_modules/egg-security/config/config.local.js",
    "start": 1651893014656,
    "end": 1651893014657,
    "duration": 1,
    "pid": 11224,
    "index": 23
  },
  {
    "name": "Require(20) node_modules/egg-watcher/config/config.local.js",
    "start": 1651893014660,
    "end": 1651893014661,
    "duration": 1,
    "pid": 11224,
    "index": 24
  },
  {
    "name": "Require(21) node_modules/egg-view/config/config.local.js",
    "start": 1651893014665,
    "end": 1651893014666,
    "duration": 1,
    "pid": 11224,
    "index": 25
  },
  {
    "name": "Require(22) node_modules/egg/config/config.local.js",
    "start": 1651893014668,
    "end": 1651893014669,
    "duration": 1,
    "pid": 11224,
    "index": 26
  },
  {
    "name": "Load extend/application.js",
    "start": 1651893014672,
    "end": 1651893014802,
    "duration": 130,
    "pid": 11224,
    "index": 27
  },
  {
    "name": "Require(23) node_modules/egg-session/app/extend/application.js",
    "start": 1651893014673,
    "end": 1651893014673,
    "duration": 0,
    "pid": 11224,
    "index": 28
  },
  {
    "name": "Require(24) node_modules/egg-security/app/extend/application.js",
    "start": 1651893014674,
    "end": 1651893014675,
    "duration": 1,
    "pid": 11224,
    "index": 29
  },
  {
    "name": "Require(25) node_modules/egg-jsonp/app/extend/application.js",
    "start": 1651893014676,
    "end": 1651893014677,
    "duration": 1,
    "pid": 11224,
    "index": 30
  },
  {
    "name": "Require(26) node_modules/egg-logrotator/app/extend/application.js",
    "start": 1651893014679,
    "end": 1651893014680,
    "duration": 1,
    "pid": 11224,
    "index": 31
  },
  {
    "name": "Require(27) node_modules/egg-view/app/extend/application.js",
    "start": 1651893014681,
    "end": 1651893014683,
    "duration": 2,
    "pid": 11224,
    "index": 32
  },
  {
    "name": "Require(28) node_modules/egg-jwt/app/extend/application.js",
    "start": 1651893014684,
    "end": 1651893014737,
    "duration": 53,
    "pid": 11224,
    "index": 33
  },
  {
    "name": "Require(29) node_modules/egg-socket.io/app/extend/application.js",
    "start": 1651893014738,
    "end": 1651893014798,
    "duration": 60,
    "pid": 11224,
    "index": 34
  },
  {
    "name": "Load extend/request.js",
    "start": 1651893014802,
    "end": 1651893014809,
    "duration": 7,
    "pid": 11224,
    "index": 35
  },
  {
    "name": "Require(30) node_modules/egg/app/extend/request.js",
    "start": 1651893014805,
    "end": 1651893014806,
    "duration": 1,
    "pid": 11224,
    "index": 36
  },
  {
    "name": "Load extend/response.js",
    "start": 1651893014809,
    "end": 1651893014817,
    "duration": 8,
    "pid": 11224,
    "index": 37
  },
  {
    "name": "Require(31) node_modules/egg/app/extend/response.js",
    "start": 1651893014812,
    "end": 1651893014814,
    "duration": 2,
    "pid": 11224,
    "index": 38
  },
  {
    "name": "Load extend/context.js",
    "start": 1651893014817,
    "end": 1651893014889,
    "duration": 72,
    "pid": 11224,
    "index": 39
  },
  {
    "name": "Require(32) node_modules/egg-security/app/extend/context.js",
    "start": 1651893014818,
    "end": 1651893014826,
    "duration": 8,
    "pid": 11224,
    "index": 40
  },
  {
    "name": "Require(33) node_modules/egg-jsonp/app/extend/context.js",
    "start": 1651893014826,
    "end": 1651893014828,
    "duration": 2,
    "pid": 11224,
    "index": 41
  },
  {
    "name": "Require(34) node_modules/egg-i18n/app/extend/context.js",
    "start": 1651893014828,
    "end": 1651893014829,
    "duration": 1,
    "pid": 11224,
    "index": 42
  },
  {
    "name": "Require(35) node_modules/egg-multipart/app/extend/context.js",
    "start": 1651893014829,
    "end": 1651893014882,
    "duration": 53,
    "pid": 11224,
    "index": 43
  },
  {
    "name": "Require(36) node_modules/egg-view/app/extend/context.js",
    "start": 1651893014883,
    "end": 1651893014884,
    "duration": 1,
    "pid": 11224,
    "index": 44
  },
  {
    "name": "Require(37) node_modules/egg/app/extend/context.js",
    "start": 1651893014885,
    "end": 1651893014886,
    "duration": 1,
    "pid": 11224,
    "index": 45
  },
  {
    "name": "Load extend/helper.js",
    "start": 1651893014890,
    "end": 1651893014914,
    "duration": 24,
    "pid": 11224,
    "index": 46
  },
  {
    "name": "Require(38) node_modules/egg-security/app/extend/helper.js",
    "start": 1651893014890,
    "end": 1651893014907,
    "duration": 17,
    "pid": 11224,
    "index": 47
  },
  {
    "name": "Require(39) node_modules/egg/app/extend/helper.js",
    "start": 1651893014910,
    "end": 1651893014910,
    "duration": 0,
    "pid": 11224,
    "index": 48
  },
  {
    "name": "Load app.js",
    "start": 1651893014914,
    "end": 1651893015025,
    "duration": 111,
    "pid": 11224,
    "index": 49
  },
  {
    "name": "Require(40) node_modules/egg-session/app.js",
    "start": 1651893014914,
    "end": 1651893014915,
    "duration": 1,
    "pid": 11224,
    "index": 50
  },
  {
    "name": "Require(41) node_modules/egg-security/app.js",
    "start": 1651893014915,
    "end": 1651893014917,
    "duration": 2,
    "pid": 11224,
    "index": 51
  },
  {
    "name": "Require(42) node_modules/egg-onerror/app.js",
    "start": 1651893014917,
    "end": 1651893014928,
    "duration": 11,
    "pid": 11224,
    "index": 52
  },
  {
    "name": "Require(43) node_modules/egg-i18n/app.js",
    "start": 1651893014929,
    "end": 1651893014950,
    "duration": 21,
    "pid": 11224,
    "index": 53
  },
  {
    "name": "Require(44) node_modules/egg-watcher/app.js",
    "start": 1651893014951,
    "end": 1651893014955,
    "duration": 4,
    "pid": 11224,
    "index": 54
  },
  {
    "name": "Require(45) node_modules/egg-schedule/app.js",
    "start": 1651893014955,
    "end": 1651893014957,
    "duration": 2,
    "pid": 11224,
    "index": 55
  },
  {
    "name": "Require(46) node_modules/egg-multipart/app.js",
    "start": 1651893014957,
    "end": 1651893014958,
    "duration": 1,
    "pid": 11224,
    "index": 56
  },
  {
    "name": "Require(47) node_modules/egg-development/app.js",
    "start": 1651893014958,
    "end": 1651893014958,
    "duration": 0,
    "pid": 11224,
    "index": 57
  },
  {
    "name": "Require(48) node_modules/egg-logrotator/app.js",
    "start": 1651893014959,
    "end": 1651893014959,
    "duration": 0,
    "pid": 11224,
    "index": 58
  },
  {
    "name": "Require(49) node_modules/egg-static/app.js",
    "start": 1651893014959,
    "end": 1651893014960,
    "duration": 1,
    "pid": 11224,
    "index": 59
  },
  {
    "name": "Require(50) node_modules/egg-sequelize/app.js",
    "start": 1651893014960,
    "end": 1651893014961,
    "duration": 1,
    "pid": 11224,
    "index": 60
  },
  {
    "name": "Require(51) node_modules/egg-cors/app.js",
    "start": 1651893014961,
    "end": 1651893014961,
    "duration": 0,
    "pid": 11224,
    "index": 61
  },
  {
    "name": "Require(52) node_modules/egg-jwt/app.js",
    "start": 1651893014962,
    "end": 1651893014962,
    "duration": 0,
    "pid": 11224,
    "index": 62
  },
  {
    "name": "Require(53) node_modules/egg-socket.io/app.js",
    "start": 1651893014962,
    "end": 1651893015024,
    "duration": 62,
    "pid": 11224,
    "index": 63
  },
  {
    "name": "Before Start in node_modules/egg-watcher/lib/init.js:15:14",
    "start": 1651893015041,
    "end": 1651893015889,
    "duration": 848,
    "pid": 11224,
    "index": 64
  },
  {
    "name": "Load \"Symbol(model)\" to Application",
    "start": 1651893015597,
    "end": 1651893015630,
    "duration": 33,
    "pid": 11224,
    "index": 65
  },
  {
    "name": "Before Start in node_modules/egg-sequelize/lib/loader.js:39:7",
    "start": 1651893015631,
    "end": 1651893015911,
    "duration": 280,
    "pid": 11224,
    "index": 66
  },
  {
    "name": "Load Controller",
    "start": 1651893015643,
    "end": 1651893015790,
    "duration": 147,
    "pid": 11224,
    "index": 67
  },
  {
    "name": "Load \"controller\" to Application",
    "start": 1651893015643,
    "end": 1651893015790,
    "duration": 147,
    "pid": 11224,
    "index": 68
  },
  {
    "name": "Before Start in node_modules/egg-socket.io/lib/io.js:26:7",
    "start": 1651893015653,
    "end": 1651893015855,
    "duration": 202,
    "pid": 11224,
    "index": 69
  },
  {
    "name": "Load Service",
    "start": 1651893015654,
    "end": 1651893015676,
    "duration": 22,
    "pid": 11224,
    "index": 70
  },
  {
    "name": "Load \"service\" to Context",
    "start": 1651893015654,
    "end": 1651893015676,
    "duration": 22,
    "pid": 11224,
    "index": 71
  },
  {
    "name": "Load Middleware",
    "start": 1651893015676,
    "end": 1651893015790,
    "duration": 114,
    "pid": 11224,
    "index": 72
  },
  {
    "name": "Load \"middlewares\" to Application",
    "start": 1651893015677,
    "end": 1651893015776,
    "duration": 99,
    "pid": 11224,
    "index": 73
  },
  {
    "name": "Load Controller",
    "start": 1651893015790,
    "end": 1651893015799,
    "duration": 9,
    "pid": 11224,
    "index": 74
  },
  {
    "name": "Load \"controller\" to Application",
    "start": 1651893015790,
    "end": 1651893015799,
    "duration": 9,
    "pid": 11224,
    "index": 75
  },
  {
    "name": "Load Router",
    "start": 1651893015799,
    "end": 1651893015805,
    "duration": 6,
    "pid": 11224,
    "index": 76
  },
  {
    "name": "Require(54) app/router.js",
    "start": 1651893015799,
    "end": 1651893015801,
    "duration": 2,
    "pid": 11224,
    "index": 77
  },
  {
    "name": "Before Start in node_modules/egg-core/lib/egg.js:303:10",
    "start": 1651893015802,
    "end": 1651893015851,
    "duration": 49,
    "pid": 11224,
    "index": 78
  }
]