[
  {
    "name": "Process Start",
    "start": 1651901861905,
    "end": 1651901863531,
    "duration": 1626,
    "pid": 11592,
    "index": 0
  },
  {
    "name": "Application Start",
    "start": 1651901863533,
    "end": 1651901864981,
    "duration": 1448,
    "pid": 11592,
    "index": 1
  },
  {
    "name": "Load Plugin",
    "start": 1651901863541,
    "end": 1651901863569,
    "duration": 28,
    "pid": 11592,
    "index": 2
  },
  {
    "name": "Load Config",
    "start": 1651901863569,
    "end": 1651901863610,
    "duration": 41,
    "pid": 11592,
    "index": 3
  },
  {
    "name": "Require(0) config/config.default.js",
    "start": 1651901863570,
    "end": 1651901863571,
    "duration": 1,
    "pid": 11592,
    "index": 4
  },
  {
    "name": "Require(1) node_modules/egg-session/config/config.default.js",
    "start": 1651901863572,
    "end": 1651901863573,
    "duration": 1,
    "pid": 11592,
    "index": 5
  },
  {
    "name": "Require(2) node_modules/egg-security/config/config.default.js",
    "start": 1651901863574,
    "end": 1651901863574,
    "duration": 0,
    "pid": 11592,
    "index": 6
  },
  {
    "name": "Require(3) node_modules/egg-jsonp/config/config.default.js",
    "start": 1651901863576,
    "end": 1651901863576,
    "duration": 0,
    "pid": 11592,
    "index": 7
  },
  {
    "name": "Require(4) node_modules/egg-onerror/config/config.default.js",
    "start": 1651901863577,
    "end": 1651901863578,
    "duration": 1,
    "pid": 11592,
    "index": 8
  },
  {
    "name": "Require(5) node_modules/egg-i18n/config/config.default.js",
    "start": 1651901863578,
    "end": 1651901863578,
    "duration": 0,
    "pid": 11592,
    "index": 9
  },
  {
    "name": "Require(6) node_modules/egg-watcher/config/config.default.js",
    "start": 1651901863579,
    "end": 1651901863580,
    "duration": 1,
    "pid": 11592,
    "index": 10
  },
  {
    "name": "Require(7) node_modules/egg-schedule/config/config.default.js",
    "start": 1651901863580,
    "end": 1651901863581,
    "duration": 1,
    "pid": 11592,
    "index": 11
  },
  {
    "name": "Require(8) node_modules/egg-multipart/config/config.default.js",
    "start": 1651901863581,
    "end": 1651901863582,
    "duration": 1,
    "pid": 11592,
    "index": 12
  },
  {
    "name": "Require(9) node_modules/egg-development/config/config.default.js",
    "start": 1651901863583,
    "end": 1651901863583,
    "duration": 0,
    "pid": 11592,
    "index": 13
  },
  {
    "name": "Require(10) node_modules/egg-logrotator/config/config.default.js",
    "start": 1651901863584,
    "end": 1651901863585,
    "duration": 1,
    "pid": 11592,
    "index": 14
  },
  {
    "name": "Require(11) node_modules/egg-static/config/config.default.js",
    "start": 1651901863586,
    "end": 1651901863586,
    "duration": 0,
    "pid": 11592,
    "index": 15
  },
  {
    "name": "Require(12) node_modules/egg-view/config/config.default.js",
    "start": 1651901863587,
    "end": 1651901863588,
    "duration": 1,
    "pid": 11592,
    "index": 16
  },
  {
    "name": "Require(13) node_modules/egg-sequelize/config/config.default.js",
    "start": 1651901863589,
    "end": 1651901863589,
    "duration": 0,
    "pid": 11592,
    "index": 17
  },
  {
    "name": "Require(14) node_modules/egg-cors/config/config.default.js",
    "start": 1651901863590,
    "end": 1651901863591,
    "duration": 1,
    "pid": 11592,
    "index": 18
  },
  {
    "name": "Require(15) node_modules/egg-jwt/config/config.default.js",
    "start": 1651901863592,
    "end": 1651901863593,
    "duration": 1,
    "pid": 11592,
    "index": 19
  },
  {
    "name": "Require(16) node_modules/egg-socket.io/config/config.default.js",
    "start": 1651901863593,
    "end": 1651901863594,
    "duration": 1,
    "pid": 11592,
    "index": 20
  },
  {
    "name": "Require(17) node_modules/egg/config/config.default.js",
    "start": 1651901863595,
    "end": 1651901863595,
    "duration": 0,
    "pid": 11592,
    "index": 21
  },
  {
    "name": "Require(18) config/config.default.js",
    "start": 1651901863597,
    "end": 1651901863597,
    "duration": 0,
    "pid": 11592,
    "index": 22
  },
  {
    "name": "Require(19) node_modules/egg-security/config/config.local.js",
    "start": 1651901863600,
    "end": 1651901863600,
    "duration": 0,
    "pid": 11592,
    "index": 23
  },
  {
    "name": "Require(20) node_modules/egg-watcher/config/config.local.js",
    "start": 1651901863601,
    "end": 1651901863602,
    "duration": 1,
    "pid": 11592,
    "index": 24
  },
  {
    "name": "Require(21) node_modules/egg-view/config/config.local.js",
    "start": 1651901863608,
    "end": 1651901863608,
    "duration": 0,
    "pid": 11592,
    "index": 25
  },
  {
    "name": "Require(22) node_modules/egg/config/config.local.js",
    "start": 1651901863609,
    "end": 1651901863610,
    "duration": 1,
    "pid": 11592,
    "index": 26
  },
  {
    "name": "Load extend/application.js",
    "start": 1651901863611,
    "end": 1651901863743,
    "duration": 132,
    "pid": 11592,
    "index": 27
  },
  {
    "name": "Require(23) node_modules/egg-session/app/extend/application.js",
    "start": 1651901863612,
    "end": 1651901863613,
    "duration": 1,
    "pid": 11592,
    "index": 28
  },
  {
    "name": "Require(24) node_modules/egg-security/app/extend/application.js",
    "start": 1651901863614,
    "end": 1651901863615,
    "duration": 1,
    "pid": 11592,
    "index": 29
  },
  {
    "name": "Require(25) node_modules/egg-jsonp/app/extend/application.js",
    "start": 1651901863616,
    "end": 1651901863618,
    "duration": 2,
    "pid": 11592,
    "index": 30
  },
  {
    "name": "Require(26) node_modules/egg-logrotator/app/extend/application.js",
    "start": 1651901863619,
    "end": 1651901863625,
    "duration": 6,
    "pid": 11592,
    "index": 31
  },
  {
    "name": "Require(27) node_modules/egg-view/app/extend/application.js",
    "start": 1651901863626,
    "end": 1651901863628,
    "duration": 2,
    "pid": 11592,
    "index": 32
  },
  {
    "name": "Require(28) node_modules/egg-jwt/app/extend/application.js",
    "start": 1651901863629,
    "end": 1651901863675,
    "duration": 46,
    "pid": 11592,
    "index": 33
  },
  {
    "name": "Require(29) node_modules/egg-socket.io/app/extend/application.js",
    "start": 1651901863676,
    "end": 1651901863739,
    "duration": 63,
    "pid": 11592,
    "index": 34
  },
  {
    "name": "Load extend/request.js",
    "start": 1651901863743,
    "end": 1651901863753,
    "duration": 10,
    "pid": 11592,
    "index": 35
  },
  {
    "name": "Require(30) node_modules/egg/app/extend/request.js",
    "start": 1651901863746,
    "end": 1651901863747,
    "duration": 1,
    "pid": 11592,
    "index": 36
  },
  {
    "name": "Load extend/response.js",
    "start": 1651901863753,
    "end": 1651901863765,
    "duration": 12,
    "pid": 11592,
    "index": 37
  },
  {
    "name": "Require(31) node_modules/egg/app/extend/response.js",
    "start": 1651901863757,
    "end": 1651901863759,
    "duration": 2,
    "pid": 11592,
    "index": 38
  },
  {
    "name": "Load extend/context.js",
    "start": 1651901863765,
    "end": 1651901863868,
    "duration": 103,
    "pid": 11592,
    "index": 39
  },
  {
    "name": "Require(32) node_modules/egg-security/app/extend/context.js",
    "start": 1651901863766,
    "end": 1651901863776,
    "duration": 10,
    "pid": 11592,
    "index": 40
  },
  {
    "name": "Require(33) node_modules/egg-jsonp/app/extend/context.js",
    "start": 1651901863776,
    "end": 1651901863779,
    "duration": 3,
    "pid": 11592,
    "index": 41
  },
  {
    "name": "Require(34) node_modules/egg-i18n/app/extend/context.js",
    "start": 1651901863780,
    "end": 1651901863780,
    "duration": 0,
    "pid": 11592,
    "index": 42
  },
  {
    "name": "Require(35) node_modules/egg-multipart/app/extend/context.js",
    "start": 1651901863782,
    "end": 1651901863860,
    "duration": 78,
    "pid": 11592,
    "index": 43
  },
  {
    "name": "Require(36) node_modules/egg-view/app/extend/context.js",
    "start": 1651901863861,
    "end": 1651901863863,
    "duration": 2,
    "pid": 11592,
    "index": 44
  },
  {
    "name": "Require(37) node_modules/egg/app/extend/context.js",
    "start": 1651901863864,
    "end": 1651901863865,
    "duration": 1,
    "pid": 11592,
    "index": 45
  },
  {
    "name": "Load extend/helper.js",
    "start": 1651901863869,
    "end": 1651901863898,
    "duration": 29,
    "pid": 11592,
    "index": 46
  },
  {
    "name": "Require(38) node_modules/egg-security/app/extend/helper.js",
    "start": 1651901863869,
    "end": 1651901863889,
    "duration": 20,
    "pid": 11592,
    "index": 47
  },
  {
    "name": "Require(39) node_modules/egg/app/extend/helper.js",
    "start": 1651901863893,
    "end": 1651901863894,
    "duration": 1,
    "pid": 11592,
    "index": 48
  },
  {
    "name": "Load app.js",
    "start": 1651901863898,
    "end": 1651901864023,
    "duration": 125,
    "pid": 11592,
    "index": 49
  },
  {
    "name": "Require(40) node_modules/egg-session/app.js",
    "start": 1651901863898,
    "end": 1651901863899,
    "duration": 1,
    "pid": 11592,
    "index": 50
  },
  {
    "name": "Require(41) node_modules/egg-security/app.js",
    "start": 1651901863899,
    "end": 1651901863901,
    "duration": 2,
    "pid": 11592,
    "index": 51
  },
  {
    "name": "Require(42) node_modules/egg-onerror/app.js",
    "start": 1651901863901,
    "end": 1651901863911,
    "duration": 10,
    "pid": 11592,
    "index": 52
  },
  {
    "name": "Require(43) node_modules/egg-i18n/app.js",
    "start": 1651901863912,
    "end": 1651901863934,
    "duration": 22,
    "pid": 11592,
    "index": 53
  },
  {
    "name": "Require(44) node_modules/egg-watcher/app.js",
    "start": 1651901863934,
    "end": 1651901863939,
    "duration": 5,
    "pid": 11592,
    "index": 54
  },
  {
    "name": "Require(45) node_modules/egg-schedule/app.js",
    "start": 1651901863940,
    "end": 1651901863942,
    "duration": 2,
    "pid": 11592,
    "index": 55
  },
  {
    "name": "Require(46) node_modules/egg-multipart/app.js",
    "start": 1651901863943,
    "end": 1651901863944,
    "duration": 1,
    "pid": 11592,
    "index": 56
  },
  {
    "name": "Require(47) node_modules/egg-development/app.js",
    "start": 1651901863944,
    "end": 1651901863945,
    "duration": 1,
    "pid": 11592,
    "index": 57
  },
  {
    "name": "Require(48) node_modules/egg-logrotator/app.js",
    "start": 1651901863945,
    "end": 1651901863946,
    "duration": 1,
    "pid": 11592,
    "index": 58
  },
  {
    "name": "Require(49) node_modules/egg-static/app.js",
    "start": 1651901863946,
    "end": 1651901863947,
    "duration": 1,
    "pid": 11592,
    "index": 59
  },
  {
    "name": "Require(50) node_modules/egg-sequelize/app.js",
    "start": 1651901863948,
    "end": 1651901863948,
    "duration": 0,
    "pid": 11592,
    "index": 60
  },
  {
    "name": "Require(51) node_modules/egg-cors/app.js",
    "start": 1651901863949,
    "end": 1651901863949,
    "duration": 0,
    "pid": 11592,
    "index": 61
  },
  {
    "name": "Require(52) node_modules/egg-jwt/app.js",
    "start": 1651901863950,
    "end": 1651901863951,
    "duration": 1,
    "pid": 11592,
    "index": 62
  },
  {
    "name": "Require(53) node_modules/egg-socket.io/app.js",
    "start": 1651901863951,
    "end": 1651901864022,
    "duration": 71,
    "pid": 11592,
    "index": 63
  },
  {
    "name": "Before Start in node_modules/egg-watcher/lib/init.js:15:14",
    "start": 1651901864039,
    "end": 1651901864944,
    "duration": 905,
    "pid": 11592,
    "index": 64
  },
  {
    "name": "Load \"Symbol(model)\" to Application",
    "start": 1651901864629,
    "end": 1651901864667,
    "duration": 38,
    "pid": 11592,
    "index": 65
  },
  {
    "name": "Before Start in node_modules/egg-sequelize/lib/loader.js:39:7",
    "start": 1651901864667,
    "end": 1651901864968,
    "duration": 301,
    "pid": 11592,
    "index": 66
  },
  {
    "name": "Load Controller",
    "start": 1651901864682,
    "end": 1651901864839,
    "duration": 157,
    "pid": 11592,
    "index": 67
  },
  {
    "name": "Load \"controller\" to Application",
    "start": 1651901864682,
    "end": 1651901864839,
    "duration": 157,
    "pid": 11592,
    "index": 68
  },
  {
    "name": "Before Start in node_modules/egg-socket.io/lib/io.js:26:7",
    "start": 1651901864692,
    "end": 1651901864907,
    "duration": 215,
    "pid": 11592,
    "index": 69
  },
  {
    "name": "Load Service",
    "start": 1651901864692,
    "end": 1651901864719,
    "duration": 27,
    "pid": 11592,
    "index": 70
  },
  {
    "name": "Load \"service\" to Context",
    "start": 1651901864692,
    "end": 1651901864719,
    "duration": 27,
    "pid": 11592,
    "index": 71
  },
  {
    "name": "Load Middleware",
    "start": 1651901864720,
    "end": 1651901864839,
    "duration": 119,
    "pid": 11592,
    "index": 72
  },
  {
    "name": "Load \"middlewares\" to Application",
    "start": 1651901864720,
    "end": 1651901864824,
    "duration": 104,
    "pid": 11592,
    "index": 73
  },
  {
    "name": "Load Controller",
    "start": 1651901864839,
    "end": 1651901864855,
    "duration": 16,
    "pid": 11592,
    "index": 74
  },
  {
    "name": "Load \"controller\" to Application",
    "start": 1651901864839,
    "end": 1651901864855,
    "duration": 16,
    "pid": 11592,
    "index": 75
  },
  {
    "name": "Load Router",
    "start": 1651901864855,
    "end": 1651901864861,
    "duration": 6,
    "pid": 11592,
    "index": 76
  },
  {
    "name": "Require(54) app/router.js",
    "start": 1651901864856,
    "end": 1651901864856,
    "duration": 0,
    "pid": 11592,
    "index": 77
  },
  {
    "name": "Before Start in node_modules/egg-core/lib/egg.js:303:10",
    "start": 1651901864857,
    "end": 1651901864903,
    "duration": 46,
    "pid": 11592,
    "index": 78
  }
]