[
  {
    "name": "Process Start",
    "start": 1651907197637,
    "end": 1651907199127,
    "duration": 1490,
    "pid": 14904,
    "index": 0
  },
  {
    "name": "Application Start",
    "start": 1651907199128,
    "end": 1651907200473,
    "duration": 1345,
    "pid": 14904,
    "index": 1
  },
  {
    "name": "Load Plugin",
    "start": 1651907199134,
    "end": 1651907199158,
    "duration": 24,
    "pid": 14904,
    "index": 2
  },
  {
    "name": "Load Config",
    "start": 1651907199158,
    "end": 1651907199197,
    "duration": 39,
    "pid": 14904,
    "index": 3
  },
  {
    "name": "Require(0) config/config.default.js",
    "start": 1651907199159,
    "end": 1651907199160,
    "duration": 1,
    "pid": 14904,
    "index": 4
  },
  {
    "name": "Require(1) node_modules/egg-session/config/config.default.js",
    "start": 1651907199161,
    "end": 1651907199162,
    "duration": 1,
    "pid": 14904,
    "index": 5
  },
  {
    "name": "Require(2) node_modules/egg-security/config/config.default.js",
    "start": 1651907199162,
    "end": 1651907199163,
    "duration": 1,
    "pid": 14904,
    "index": 6
  },
  {
    "name": "Require(3) node_modules/egg-jsonp/config/config.default.js",
    "start": 1651907199164,
    "end": 1651907199165,
    "duration": 1,
    "pid": 14904,
    "index": 7
  },
  {
    "name": "Require(4) node_modules/egg-onerror/config/config.default.js",
    "start": 1651907199165,
    "end": 1651907199166,
    "duration": 1,
    "pid": 14904,
    "index": 8
  },
  {
    "name": "Require(5) node_modules/egg-i18n/config/config.default.js",
    "start": 1651907199167,
    "end": 1651907199168,
    "duration": 1,
    "pid": 14904,
    "index": 9
  },
  {
    "name": "Require(6) node_modules/egg-watcher/config/config.default.js",
    "start": 1651907199168,
    "end": 1651907199169,
    "duration": 1,
    "pid": 14904,
    "index": 10
  },
  {
    "name": "Require(7) node_modules/egg-schedule/config/config.default.js",
    "start": 1651907199170,
    "end": 1651907199170,
    "duration": 0,
    "pid": 14904,
    "index": 11
  },
  {
    "name": "Require(8) node_modules/egg-multipart/config/config.default.js",
    "start": 1651907199171,
    "end": 1651907199172,
    "duration": 1,
    "pid": 14904,
    "index": 12
  },
  {
    "name": "Require(9) node_modules/egg-development/config/config.default.js",
    "start": 1651907199172,
    "end": 1651907199173,
    "duration": 1,
    "pid": 14904,
    "index": 13
  },
  {
    "name": "Require(10) node_modules/egg-logrotator/config/config.default.js",
    "start": 1651907199174,
    "end": 1651907199174,
    "duration": 0,
    "pid": 14904,
    "index": 14
  },
  {
    "name": "Require(11) node_modules/egg-static/config/config.default.js",
    "start": 1651907199175,
    "end": 1651907199175,
    "duration": 0,
    "pid": 14904,
    "index": 15
  },
  {
    "name": "Require(12) node_modules/egg-view/config/config.default.js",
    "start": 1651907199176,
    "end": 1651907199177,
    "duration": 1,
    "pid": 14904,
    "index": 16
  },
  {
    "name": "Require(13) node_modules/egg-sequelize/config/config.default.js",
    "start": 1651907199177,
    "end": 1651907199178,
    "duration": 1,
    "pid": 14904,
    "index": 17
  },
  {
    "name": "Require(14) node_modules/egg-cors/config/config.default.js",
    "start": 1651907199179,
    "end": 1651907199179,
    "duration": 0,
    "pid": 14904,
    "index": 18
  },
  {
    "name": "Require(15) node_modules/egg-jwt/config/config.default.js",
    "start": 1651907199180,
    "end": 1651907199180,
    "duration": 0,
    "pid": 14904,
    "index": 19
  },
  {
    "name": "Require(16) node_modules/egg-socket.io/config/config.default.js",
    "start": 1651907199181,
    "end": 1651907199182,
    "duration": 1,
    "pid": 14904,
    "index": 20
  },
  {
    "name": "Require(17) node_modules/egg/config/config.default.js",
    "start": 1651907199182,
    "end": 1651907199183,
    "duration": 1,
    "pid": 14904,
    "index": 21
  },
  {
    "name": "Require(18) config/config.default.js",
    "start": 1651907199185,
    "end": 1651907199185,
    "duration": 0,
    "pid": 14904,
    "index": 22
  },
  {
    "name": "Require(19) node_modules/egg-security/config/config.local.js",
    "start": 1651907199189,
    "end": 1651907199190,
    "duration": 1,
    "pid": 14904,
    "index": 23
  },
  {
    "name": "Require(20) node_modules/egg-watcher/config/config.local.js",
    "start": 1651907199191,
    "end": 1651907199192,
    "duration": 1,
    "pid": 14904,
    "index": 24
  },
  {
    "name": "Require(21) node_modules/egg-view/config/config.local.js",
    "start": 1651907199194,
    "end": 1651907199194,
    "duration": 0,
    "pid": 14904,
    "index": 25
  },
  {
    "name": "Require(22) node_modules/egg/config/config.local.js",
    "start": 1651907199196,
    "end": 1651907199196,
    "duration": 0,
    "pid": 14904,
    "index": 26
  },
  {
    "name": "Load extend/application.js",
    "start": 1651907199199,
    "end": 1651907199330,
    "duration": 131,
    "pid": 14904,
    "index": 27
  },
  {
    "name": "Require(23) node_modules/egg-session/app/extend/application.js",
    "start": 1651907199200,
    "end": 1651907199201,
    "duration": 1,
    "pid": 14904,
    "index": 28
  },
  {
    "name": "Require(24) node_modules/egg-security/app/extend/application.js",
    "start": 1651907199201,
    "end": 1651907199202,
    "duration": 1,
    "pid": 14904,
    "index": 29
  },
  {
    "name": "Require(25) node_modules/egg-jsonp/app/extend/application.js",
    "start": 1651907199203,
    "end": 1651907199205,
    "duration": 2,
    "pid": 14904,
    "index": 30
  },
  {
    "name": "Require(26) node_modules/egg-logrotator/app/extend/application.js",
    "start": 1651907199206,
    "end": 1651907199208,
    "duration": 2,
    "pid": 14904,
    "index": 31
  },
  {
    "name": "Require(27) node_modules/egg-view/app/extend/application.js",
    "start": 1651907199209,
    "end": 1651907199210,
    "duration": 1,
    "pid": 14904,
    "index": 32
  },
  {
    "name": "Require(28) node_modules/egg-jwt/app/extend/application.js",
    "start": 1651907199211,
    "end": 1651907199263,
    "duration": 52,
    "pid": 14904,
    "index": 33
  },
  {
    "name": "Require(29) node_modules/egg-socket.io/app/extend/application.js",
    "start": 1651907199263,
    "end": 1651907199324,
    "duration": 61,
    "pid": 14904,
    "index": 34
  },
  {
    "name": "Load extend/request.js",
    "start": 1651907199330,
    "end": 1651907199337,
    "duration": 7,
    "pid": 14904,
    "index": 35
  },
  {
    "name": "Require(30) node_modules/egg/app/extend/request.js",
    "start": 1651907199333,
    "end": 1651907199334,
    "duration": 1,
    "pid": 14904,
    "index": 36
  },
  {
    "name": "Load extend/response.js",
    "start": 1651907199337,
    "end": 1651907199345,
    "duration": 8,
    "pid": 14904,
    "index": 37
  },
  {
    "name": "Require(31) node_modules/egg/app/extend/response.js",
    "start": 1651907199341,
    "end": 1651907199342,
    "duration": 1,
    "pid": 14904,
    "index": 38
  },
  {
    "name": "Load extend/context.js",
    "start": 1651907199345,
    "end": 1651907199443,
    "duration": 98,
    "pid": 14904,
    "index": 39
  },
  {
    "name": "Require(32) node_modules/egg-security/app/extend/context.js",
    "start": 1651907199346,
    "end": 1651907199356,
    "duration": 10,
    "pid": 14904,
    "index": 40
  },
  {
    "name": "Require(33) node_modules/egg-jsonp/app/extend/context.js",
    "start": 1651907199357,
    "end": 1651907199359,
    "duration": 2,
    "pid": 14904,
    "index": 41
  },
  {
    "name": "Require(34) node_modules/egg-i18n/app/extend/context.js",
    "start": 1651907199359,
    "end": 1651907199360,
    "duration": 1,
    "pid": 14904,
    "index": 42
  },
  {
    "name": "Require(35) node_modules/egg-multipart/app/extend/context.js",
    "start": 1651907199361,
    "end": 1651907199433,
    "duration": 72,
    "pid": 14904,
    "index": 43
  },
  {
    "name": "Require(36) node_modules/egg-view/app/extend/context.js",
    "start": 1651907199435,
    "end": 1651907199437,
    "duration": 2,
    "pid": 14904,
    "index": 44
  },
  {
    "name": "Require(37) node_modules/egg/app/extend/context.js",
    "start": 1651907199438,
    "end": 1651907199439,
    "duration": 1,
    "pid": 14904,
    "index": 45
  },
  {
    "name": "Load extend/helper.js",
    "start": 1651907199444,
    "end": 1651907199471,
    "duration": 27,
    "pid": 14904,
    "index": 46
  },
  {
    "name": "Require(38) node_modules/egg-security/app/extend/helper.js",
    "start": 1651907199444,
    "end": 1651907199463,
    "duration": 19,
    "pid": 14904,
    "index": 47
  },
  {
    "name": "Require(39) node_modules/egg/app/extend/helper.js",
    "start": 1651907199466,
    "end": 1651907199467,
    "duration": 1,
    "pid": 14904,
    "index": 48
  },
  {
    "name": "Load app.js",
    "start": 1651907199471,
    "end": 1651907199589,
    "duration": 118,
    "pid": 14904,
    "index": 49
  },
  {
    "name": "Require(40) node_modules/egg-session/app.js",
    "start": 1651907199471,
    "end": 1651907199472,
    "duration": 1,
    "pid": 14904,
    "index": 50
  },
  {
    "name": "Require(41) node_modules/egg-security/app.js",
    "start": 1651907199472,
    "end": 1651907199474,
    "duration": 2,
    "pid": 14904,
    "index": 51
  },
  {
    "name": "Require(42) node_modules/egg-onerror/app.js",
    "start": 1651907199474,
    "end": 1651907199482,
    "duration": 8,
    "pid": 14904,
    "index": 52
  },
  {
    "name": "Require(43) node_modules/egg-i18n/app.js",
    "start": 1651907199483,
    "end": 1651907199502,
    "duration": 19,
    "pid": 14904,
    "index": 53
  },
  {
    "name": "Require(44) node_modules/egg-watcher/app.js",
    "start": 1651907199503,
    "end": 1651907199510,
    "duration": 7,
    "pid": 14904,
    "index": 54
  },
  {
    "name": "Require(45) node_modules/egg-schedule/app.js",
    "start": 1651907199511,
    "end": 1651907199513,
    "duration": 2,
    "pid": 14904,
    "index": 55
  },
  {
    "name": "Require(46) node_modules/egg-multipart/app.js",
    "start": 1651907199513,
    "end": 1651907199514,
    "duration": 1,
    "pid": 14904,
    "index": 56
  },
  {
    "name": "Require(47) node_modules/egg-development/app.js",
    "start": 1651907199515,
    "end": 1651907199515,
    "duration": 0,
    "pid": 14904,
    "index": 57
  },
  {
    "name": "Require(48) node_modules/egg-logrotator/app.js",
    "start": 1651907199516,
    "end": 1651907199516,
    "duration": 0,
    "pid": 14904,
    "index": 58
  },
  {
    "name": "Require(49) node_modules/egg-static/app.js",
    "start": 1651907199516,
    "end": 1651907199517,
    "duration": 1,
    "pid": 14904,
    "index": 59
  },
  {
    "name": "Require(50) node_modules/egg-sequelize/app.js",
    "start": 1651907199517,
    "end": 1651907199518,
    "duration": 1,
    "pid": 14904,
    "index": 60
  },
  {
    "name": "Require(51) node_modules/egg-cors/app.js",
    "start": 1651907199518,
    "end": 1651907199519,
    "duration": 1,
    "pid": 14904,
    "index": 61
  },
  {
    "name": "Require(52) node_modules/egg-jwt/app.js",
    "start": 1651907199519,
    "end": 1651907199520,
    "duration": 1,
    "pid": 14904,
    "index": 62
  },
  {
    "name": "Require(53) node_modules/egg-socket.io/app.js",
    "start": 1651907199521,
    "end": 1651907199588,
    "duration": 67,
    "pid": 14904,
    "index": 63
  },
  {
    "name": "Before Start in node_modules/egg-watcher/lib/init.js:15:14",
    "start": 1651907199605,
    "end": 1651907200431,
    "duration": 826,
    "pid": 14904,
    "index": 64
  },
  {
    "name": "Load \"Symbol(model)\" to Application",
    "start": 1651907200140,
    "end": 1651907200172,
    "duration": 32,
    "pid": 14904,
    "index": 65
  },
  {
    "name": "Before Start in node_modules/egg-sequelize/lib/loader.js:39:7",
    "start": 1651907200172,
    "end": 1651907200461,
    "duration": 289,
    "pid": 14904,
    "index": 66
  },
  {
    "name": "Load Controller",
    "start": 1651907200186,
    "end": 1651907200325,
    "duration": 139,
    "pid": 14904,
    "index": 67
  },
  {
    "name": "Load \"controller\" to Application",
    "start": 1651907200186,
    "end": 1651907200326,
    "duration": 140,
    "pid": 14904,
    "index": 68
  },
  {
    "name": "Before Start in node_modules/egg-socket.io/lib/io.js:26:7",
    "start": 1651907200194,
    "end": 1651907200388,
    "duration": 194,
    "pid": 14904,
    "index": 69
  },
  {
    "name": "Load Service",
    "start": 1651907200194,
    "end": 1651907200214,
    "duration": 20,
    "pid": 14904,
    "index": 70
  },
  {
    "name": "Load \"service\" to Context",
    "start": 1651907200194,
    "end": 1651907200214,
    "duration": 20,
    "pid": 14904,
    "index": 71
  },
  {
    "name": "Load Middleware",
    "start": 1651907200214,
    "end": 1651907200325,
    "duration": 111,
    "pid": 14904,
    "index": 72
  },
  {
    "name": "Load \"middlewares\" to Application",
    "start": 1651907200215,
    "end": 1651907200304,
    "duration": 89,
    "pid": 14904,
    "index": 73
  },
  {
    "name": "Load Controller",
    "start": 1651907200325,
    "end": 1651907200337,
    "duration": 12,
    "pid": 14904,
    "index": 74
  },
  {
    "name": "Load \"controller\" to Application",
    "start": 1651907200326,
    "end": 1651907200337,
    "duration": 11,
    "pid": 14904,
    "index": 75
  },
  {
    "name": "Load Router",
    "start": 1651907200337,
    "end": 1651907200342,
    "duration": 5,
    "pid": 14904,
    "index": 76
  },
  {
    "name": "Require(54) app/router.js",
    "start": 1651907200337,
    "end": 1651907200338,
    "duration": 1,
    "pid": 14904,
    "index": 77
  },
  {
    "name": "Before Start in node_modules/egg-core/lib/egg.js:303:10",
    "start": 1651907200339,
    "end": 1651907200383,
    "duration": 44,
    "pid": 14904,
    "index": 78
  }
]