[
  {
    "name": "Process Start",
    "start": 1651886903189,
    "end": 1651886905492,
    "duration": 2303,
    "pid": 8792,
    "index": 0
  },
  {
    "name": "Application Start",
    "start": 1651886905494,
    "end": 1651886910350,
    "duration": 4856,
    "pid": 8792,
    "index": 1
  },
  {
    "name": "Load Plugin",
    "start": 1651886905502,
    "end": 1651886905526,
    "duration": 24,
    "pid": 8792,
    "index": 2
  },
  {
    "name": "Load Config",
    "start": 1651886905526,
    "end": 1651886905561,
    "duration": 35,
    "pid": 8792,
    "index": 3
  },
  {
    "name": "Require(0) config/config.default.js",
    "start": 1651886905528,
    "end": 1651886905528,
    "duration": 0,
    "pid": 8792,
    "index": 4
  },
  {
    "name": "Require(1) node_modules/egg-session/config/config.default.js",
    "start": 1651886905531,
    "end": 1651886905532,
    "duration": 1,
    "pid": 8792,
    "index": 5
  },
  {
    "name": "Require(2) node_modules/egg-security/config/config.default.js",
    "start": 1651886905533,
    "end": 1651886905533,
    "duration": 0,
    "pid": 8792,
    "index": 6
  },
  {
    "name": "Require(3) node_modules/egg-jsonp/config/config.default.js",
    "start": 1651886905535,
    "end": 1651886905536,
    "duration": 1,
    "pid": 8792,
    "index": 7
  },
  {
    "name": "Require(4) node_modules/egg-onerror/config/config.default.js",
    "start": 1651886905536,
    "end": 1651886905537,
    "duration": 1,
    "pid": 8792,
    "index": 8
  },
  {
    "name": "Require(5) node_modules/egg-i18n/config/config.default.js",
    "start": 1651886905537,
    "end": 1651886905538,
    "duration": 1,
    "pid": 8792,
    "index": 9
  },
  {
    "name": "Require(6) node_modules/egg-watcher/config/config.default.js",
    "start": 1651886905539,
    "end": 1651886905539,
    "duration": 0,
    "pid": 8792,
    "index": 10
  },
  {
    "name": "Require(7) node_modules/egg-schedule/config/config.default.js",
    "start": 1651886905540,
    "end": 1651886905540,
    "duration": 0,
    "pid": 8792,
    "index": 11
  },
  {
    "name": "Require(8) node_modules/egg-multipart/config/config.default.js",
    "start": 1651886905541,
    "end": 1651886905542,
    "duration": 1,
    "pid": 8792,
    "index": 12
  },
  {
    "name": "Require(9) node_modules/egg-development/config/config.default.js",
    "start": 1651886905542,
    "end": 1651886905543,
    "duration": 1,
    "pid": 8792,
    "index": 13
  },
  {
    "name": "Require(10) node_modules/egg-logrotator/config/config.default.js",
    "start": 1651886905543,
    "end": 1651886905544,
    "duration": 1,
    "pid": 8792,
    "index": 14
  },
  {
    "name": "Require(11) node_modules/egg-static/config/config.default.js",
    "start": 1651886905544,
    "end": 1651886905545,
    "duration": 1,
    "pid": 8792,
    "index": 15
  },
  {
    "name": "Require(12) node_modules/egg-view/config/config.default.js",
    "start": 1651886905545,
    "end": 1651886905546,
    "duration": 1,
    "pid": 8792,
    "index": 16
  },
  {
    "name": "Require(13) node_modules/egg-sequelize/config/config.default.js",
    "start": 1651886905547,
    "end": 1651886905547,
    "duration": 0,
    "pid": 8792,
    "index": 17
  },
  {
    "name": "Require(14) node_modules/egg-cors/config/config.default.js",
    "start": 1651886905548,
    "end": 1651886905548,
    "duration": 0,
    "pid": 8792,
    "index": 18
  },
  {
    "name": "Require(15) node_modules/egg-jwt/config/config.default.js",
    "start": 1651886905549,
    "end": 1651886905549,
    "duration": 0,
    "pid": 8792,
    "index": 19
  },
  {
    "name": "Require(16) node_modules/egg-socket.io/config/config.default.js",
    "start": 1651886905550,
    "end": 1651886905551,
    "duration": 1,
    "pid": 8792,
    "index": 20
  },
  {
    "name": "Require(17) node_modules/egg/config/config.default.js",
    "start": 1651886905551,
    "end": 1651886905552,
    "duration": 1,
    "pid": 8792,
    "index": 21
  },
  {
    "name": "Require(18) config/config.default.js",
    "start": 1651886905554,
    "end": 1651886905554,
    "duration": 0,
    "pid": 8792,
    "index": 22
  },
  {
    "name": "Require(19) node_modules/egg-security/config/config.local.js",
    "start": 1651886905556,
    "end": 1651886905557,
    "duration": 1,
    "pid": 8792,
    "index": 23
  },
  {
    "name": "Require(20) node_modules/egg-watcher/config/config.local.js",
    "start": 1651886905558,
    "end": 1651886905558,
    "duration": 0,
    "pid": 8792,
    "index": 24
  },
  {
    "name": "Require(21) node_modules/egg-view/config/config.local.js",
    "start": 1651886905559,
    "end": 1651886905560,
    "duration": 1,
    "pid": 8792,
    "index": 25
  },
  {
    "name": "Require(22) node_modules/egg/config/config.local.js",
    "start": 1651886905561,
    "end": 1651886905561,
    "duration": 0,
    "pid": 8792,
    "index": 26
  },
  {
    "name": "Load extend/application.js",
    "start": 1651886905563,
    "end": 1651886906958,
    "duration": 1395,
    "pid": 8792,
    "index": 27
  },
  {
    "name": "Require(23) node_modules/egg-session/app/extend/application.js",
    "start": 1651886905564,
    "end": 1651886905753,
    "duration": 189,
    "pid": 8792,
    "index": 28
  },
  {
    "name": "Require(24) node_modules/egg-security/app/extend/application.js",
    "start": 1651886905754,
    "end": 1651886905782,
    "duration": 28,
    "pid": 8792,
    "index": 29
  },
  {
    "name": "Require(25) node_modules/egg-jsonp/app/extend/application.js",
    "start": 1651886905783,
    "end": 1651886905785,
    "duration": 2,
    "pid": 8792,
    "index": 30
  },
  {
    "name": "Require(26) node_modules/egg-logrotator/app/extend/application.js",
    "start": 1651886905787,
    "end": 1651886905789,
    "duration": 2,
    "pid": 8792,
    "index": 31
  },
  {
    "name": "Require(27) node_modules/egg-view/app/extend/application.js",
    "start": 1651886905790,
    "end": 1651886905792,
    "duration": 2,
    "pid": 8792,
    "index": 32
  },
  {
    "name": "Require(28) node_modules/egg-jwt/app/extend/application.js",
    "start": 1651886905794,
    "end": 1651886906515,
    "duration": 721,
    "pid": 8792,
    "index": 33
  },
  {
    "name": "Require(29) node_modules/egg-socket.io/app/extend/application.js",
    "start": 1651886906515,
    "end": 1651886906952,
    "duration": 437,
    "pid": 8792,
    "index": 34
  },
  {
    "name": "Load extend/request.js",
    "start": 1651886906958,
    "end": 1651886906968,
    "duration": 10,
    "pid": 8792,
    "index": 35
  },
  {
    "name": "Require(30) node_modules/egg/app/extend/request.js",
    "start": 1651886906962,
    "end": 1651886906964,
    "duration": 2,
    "pid": 8792,
    "index": 36
  },
  {
    "name": "Load extend/response.js",
    "start": 1651886906968,
    "end": 1651886906986,
    "duration": 18,
    "pid": 8792,
    "index": 37
  },
  {
    "name": "Require(31) node_modules/egg/app/extend/response.js",
    "start": 1651886906973,
    "end": 1651886906982,
    "duration": 9,
    "pid": 8792,
    "index": 38
  },
  {
    "name": "Load extend/context.js",
    "start": 1651886906987,
    "end": 1651886907111,
    "duration": 124,
    "pid": 8792,
    "index": 39
  },
  {
    "name": "Require(32) node_modules/egg-security/app/extend/context.js",
    "start": 1651886906987,
    "end": 1651886906999,
    "duration": 12,
    "pid": 8792,
    "index": 40
  },
  {
    "name": "Require(33) node_modules/egg-jsonp/app/extend/context.js",
    "start": 1651886907000,
    "end": 1651886907002,
    "duration": 2,
    "pid": 8792,
    "index": 41
  },
  {
    "name": "Require(34) node_modules/egg-i18n/app/extend/context.js",
    "start": 1651886907003,
    "end": 1651886907004,
    "duration": 1,
    "pid": 8792,
    "index": 42
  },
  {
    "name": "Require(35) node_modules/egg-multipart/app/extend/context.js",
    "start": 1651886907005,
    "end": 1651886907100,
    "duration": 95,
    "pid": 8792,
    "index": 43
  },
  {
    "name": "Require(36) node_modules/egg-view/app/extend/context.js",
    "start": 1651886907101,
    "end": 1651886907103,
    "duration": 2,
    "pid": 8792,
    "index": 44
  },
  {
    "name": "Require(37) node_modules/egg/app/extend/context.js",
    "start": 1651886907104,
    "end": 1651886907106,
    "duration": 2,
    "pid": 8792,
    "index": 45
  },
  {
    "name": "Load extend/helper.js",
    "start": 1651886907111,
    "end": 1651886907254,
    "duration": 143,
    "pid": 8792,
    "index": 46
  },
  {
    "name": "Require(38) node_modules/egg-security/app/extend/helper.js",
    "start": 1651886907112,
    "end": 1651886907243,
    "duration": 131,
    "pid": 8792,
    "index": 47
  },
  {
    "name": "Require(39) node_modules/egg/app/extend/helper.js",
    "start": 1651886907247,
    "end": 1651886907248,
    "duration": 1,
    "pid": 8792,
    "index": 48
  },
  {
    "name": "Load app.js",
    "start": 1651886907254,
    "end": 1651886907884,
    "duration": 630,
    "pid": 8792,
    "index": 49
  },
  {
    "name": "Require(40) node_modules/egg-session/app.js",
    "start": 1651886907255,
    "end": 1651886907255,
    "duration": 0,
    "pid": 8792,
    "index": 50
  },
  {
    "name": "Require(41) node_modules/egg-security/app.js",
    "start": 1651886907256,
    "end": 1651886907267,
    "duration": 11,
    "pid": 8792,
    "index": 51
  },
  {
    "name": "Require(42) node_modules/egg-onerror/app.js",
    "start": 1651886907268,
    "end": 1651886907432,
    "duration": 164,
    "pid": 8792,
    "index": 52
  },
  {
    "name": "Require(43) node_modules/egg-i18n/app.js",
    "start": 1651886907433,
    "end": 1651886907570,
    "duration": 137,
    "pid": 8792,
    "index": 53
  },
  {
    "name": "Require(44) node_modules/egg-watcher/app.js",
    "start": 1651886907571,
    "end": 1651886907575,
    "duration": 4,
    "pid": 8792,
    "index": 54
  },
  {
    "name": "Require(45) node_modules/egg-schedule/app.js",
    "start": 1651886907576,
    "end": 1651886907596,
    "duration": 20,
    "pid": 8792,
    "index": 55
  },
  {
    "name": "Require(46) node_modules/egg-multipart/app.js",
    "start": 1651886907596,
    "end": 1651886907601,
    "duration": 5,
    "pid": 8792,
    "index": 56
  },
  {
    "name": "Require(47) node_modules/egg-development/app.js",
    "start": 1651886907602,
    "end": 1651886907602,
    "duration": 0,
    "pid": 8792,
    "index": 57
  },
  {
    "name": "Require(48) node_modules/egg-logrotator/app.js",
    "start": 1651886907603,
    "end": 1651886907603,
    "duration": 0,
    "pid": 8792,
    "index": 58
  },
  {
    "name": "Require(49) node_modules/egg-static/app.js",
    "start": 1651886907604,
    "end": 1651886907604,
    "duration": 0,
    "pid": 8792,
    "index": 59
  },
  {
    "name": "Require(50) node_modules/egg-sequelize/app.js",
    "start": 1651886907605,
    "end": 1651886907605,
    "duration": 0,
    "pid": 8792,
    "index": 60
  },
  {
    "name": "Require(51) node_modules/egg-cors/app.js",
    "start": 1651886907606,
    "end": 1651886907618,
    "duration": 12,
    "pid": 8792,
    "index": 61
  },
  {
    "name": "Require(52) node_modules/egg-jwt/app.js",
    "start": 1651886907619,
    "end": 1651886907620,
    "duration": 1,
    "pid": 8792,
    "index": 62
  },
  {
    "name": "Require(53) node_modules/egg-socket.io/app.js",
    "start": 1651886907620,
    "end": 1651886907883,
    "duration": 263,
    "pid": 8792,
    "index": 63
  },
  {
    "name": "Before Start in node_modules/egg-watcher/lib/init.js:15:14",
    "start": 1651886907903,
    "end": 1651886910314,
    "duration": 2411,
    "pid": 8792,
    "index": 64
  },
  {
    "name": "Load \"Symbol(model)\" to Application",
    "start": 1651886908505,
    "end": 1651886908542,
    "duration": 37,
    "pid": 8792,
    "index": 65
  },
  {
    "name": "Before Start in node_modules/egg-sequelize/lib/loader.js:39:7",
    "start": 1651886908542,
    "end": 1651886910335,
    "duration": 1793,
    "pid": 8792,
    "index": 66
  },
  {
    "name": "Load Controller",
    "start": 1651886909272,
    "end": 1651886910214,
    "duration": 942,
    "pid": 8792,
    "index": 67
  },
  {
    "name": "Load \"controller\" to Application",
    "start": 1651886909272,
    "end": 1651886910214,
    "duration": 942,
    "pid": 8792,
    "index": 68
  },
  {
    "name": "Before Start in node_modules/egg-socket.io/lib/io.js:26:7",
    "start": 1651886909280,
    "end": 1651886910277,
    "duration": 997,
    "pid": 8792,
    "index": 69
  },
  {
    "name": "Load Service",
    "start": 1651886909281,
    "end": 1651886909303,
    "duration": 22,
    "pid": 8792,
    "index": 70
  },
  {
    "name": "Load \"service\" to Context",
    "start": 1651886909281,
    "end": 1651886909303,
    "duration": 22,
    "pid": 8792,
    "index": 71
  },
  {
    "name": "Load Middleware",
    "start": 1651886909303,
    "end": 1651886910214,
    "duration": 911,
    "pid": 8792,
    "index": 72
  },
  {
    "name": "Load \"middlewares\" to Application",
    "start": 1651886909303,
    "end": 1651886910196,
    "duration": 893,
    "pid": 8792,
    "index": 73
  },
  {
    "name": "Load Controller",
    "start": 1651886910214,
    "end": 1651886910228,
    "duration": 14,
    "pid": 8792,
    "index": 74
  },
  {
    "name": "Load \"controller\" to Application",
    "start": 1651886910214,
    "end": 1651886910228,
    "duration": 14,
    "pid": 8792,
    "index": 75
  },
  {
    "name": "Load Router",
    "start": 1651886910228,
    "end": 1651886910234,
    "duration": 6,
    "pid": 8792,
    "index": 76
  },
  {
    "name": "Require(54) app/router.js",
    "start": 1651886910229,
    "end": 1651886910229,
    "duration": 0,
    "pid": 8792,
    "index": 77
  },
  {
    "name": "Before Start in node_modules/egg-core/lib/egg.js:303:10",
    "start": 1651886910230,
    "end": 1651886910273,
    "duration": 43,
    "pid": 8792,
    "index": 78
  }
]