[
  {
    "name": "Process Start",
    "start": 1651908682227,
    "end": 1651908683810,
    "duration": 1583,
    "pid": 16552,
    "index": 0
  },
  {
    "name": "Application Start",
    "start": 1651908683811,
    "end": 1651908685060,
    "duration": 1249,
    "pid": 16552,
    "index": 1
  },
  {
    "name": "Load Plugin",
    "start": 1651908683821,
    "end": 1651908683849,
    "duration": 28,
    "pid": 16552,
    "index": 2
  },
  {
    "name": "Load Config",
    "start": 1651908683849,
    "end": 1651908683889,
    "duration": 40,
    "pid": 16552,
    "index": 3
  },
  {
    "name": "Require(0) config/config.default.js",
    "start": 1651908683850,
    "end": 1651908683851,
    "duration": 1,
    "pid": 16552,
    "index": 4
  },
  {
    "name": "Require(1) node_modules/egg-session/config/config.default.js",
    "start": 1651908683853,
    "end": 1651908683854,
    "duration": 1,
    "pid": 16552,
    "index": 5
  },
  {
    "name": "Require(2) node_modules/egg-security/config/config.default.js",
    "start": 1651908683854,
    "end": 1651908683855,
    "duration": 1,
    "pid": 16552,
    "index": 6
  },
  {
    "name": "Require(3) node_modules/egg-jsonp/config/config.default.js",
    "start": 1651908683857,
    "end": 1651908683858,
    "duration": 1,
    "pid": 16552,
    "index": 7
  },
  {
    "name": "Require(4) node_modules/egg-onerror/config/config.default.js",
    "start": 1651908683859,
    "end": 1651908683860,
    "duration": 1,
    "pid": 16552,
    "index": 8
  },
  {
    "name": "Require(5) node_modules/egg-i18n/config/config.default.js",
    "start": 1651908683860,
    "end": 1651908683861,
    "duration": 1,
    "pid": 16552,
    "index": 9
  },
  {
    "name": "Require(6) node_modules/egg-watcher/config/config.default.js",
    "start": 1651908683862,
    "end": 1651908683862,
    "duration": 0,
    "pid": 16552,
    "index": 10
  },
  {
    "name": "Require(7) node_modules/egg-schedule/config/config.default.js",
    "start": 1651908683863,
    "end": 1651908683863,
    "duration": 0,
    "pid": 16552,
    "index": 11
  },
  {
    "name": "Require(8) node_modules/egg-multipart/config/config.default.js",
    "start": 1651908683864,
    "end": 1651908683864,
    "duration": 0,
    "pid": 16552,
    "index": 12
  },
  {
    "name": "Require(9) node_modules/egg-development/config/config.default.js",
    "start": 1651908683865,
    "end": 1651908683866,
    "duration": 1,
    "pid": 16552,
    "index": 13
  },
  {
    "name": "Require(10) node_modules/egg-logrotator/config/config.default.js",
    "start": 1651908683866,
    "end": 1651908683867,
    "duration": 1,
    "pid": 16552,
    "index": 14
  },
  {
    "name": "Require(11) node_modules/egg-static/config/config.default.js",
    "start": 1651908683868,
    "end": 1651908683869,
    "duration": 1,
    "pid": 16552,
    "index": 15
  },
  {
    "name": "Require(12) node_modules/egg-view/config/config.default.js",
    "start": 1651908683870,
    "end": 1651908683871,
    "duration": 1,
    "pid": 16552,
    "index": 16
  },
  {
    "name": "Require(13) node_modules/egg-sequelize/config/config.default.js",
    "start": 1651908683872,
    "end": 1651908683872,
    "duration": 0,
    "pid": 16552,
    "index": 17
  },
  {
    "name": "Require(14) node_modules/egg-cors/config/config.default.js",
    "start": 1651908683873,
    "end": 1651908683874,
    "duration": 1,
    "pid": 16552,
    "index": 18
  },
  {
    "name": "Require(15) node_modules/egg-jwt/config/config.default.js",
    "start": 1651908683874,
    "end": 1651908683875,
    "duration": 1,
    "pid": 16552,
    "index": 19
  },
  {
    "name": "Require(16) node_modules/egg-socket.io/config/config.default.js",
    "start": 1651908683876,
    "end": 1651908683876,
    "duration": 0,
    "pid": 16552,
    "index": 20
  },
  {
    "name": "Require(17) node_modules/egg/config/config.default.js",
    "start": 1651908683877,
    "end": 1651908683878,
    "duration": 1,
    "pid": 16552,
    "index": 21
  },
  {
    "name": "Require(18) config/config.default.js",
    "start": 1651908683879,
    "end": 1651908683879,
    "duration": 0,
    "pid": 16552,
    "index": 22
  },
  {
    "name": "Require(19) node_modules/egg-security/config/config.local.js",
    "start": 1651908683882,
    "end": 1651908683882,
    "duration": 0,
    "pid": 16552,
    "index": 23
  },
  {
    "name": "Require(20) node_modules/egg-watcher/config/config.local.js",
    "start": 1651908683884,
    "end": 1651908683884,
    "duration": 0,
    "pid": 16552,
    "index": 24
  },
  {
    "name": "Require(21) node_modules/egg-view/config/config.local.js",
    "start": 1651908683886,
    "end": 1651908683887,
    "duration": 1,
    "pid": 16552,
    "index": 25
  },
  {
    "name": "Require(22) node_modules/egg/config/config.local.js",
    "start": 1651908683888,
    "end": 1651908683889,
    "duration": 1,
    "pid": 16552,
    "index": 26
  },
  {
    "name": "Load extend/application.js",
    "start": 1651908683895,
    "end": 1651908684016,
    "duration": 121,
    "pid": 16552,
    "index": 27
  },
  {
    "name": "Require(23) node_modules/egg-session/app/extend/application.js",
    "start": 1651908683896,
    "end": 1651908683897,
    "duration": 1,
    "pid": 16552,
    "index": 28
  },
  {
    "name": "Require(24) node_modules/egg-security/app/extend/application.js",
    "start": 1651908683897,
    "end": 1651908683899,
    "duration": 2,
    "pid": 16552,
    "index": 29
  },
  {
    "name": "Require(25) node_modules/egg-jsonp/app/extend/application.js",
    "start": 1651908683899,
    "end": 1651908683902,
    "duration": 3,
    "pid": 16552,
    "index": 30
  },
  {
    "name": "Require(26) node_modules/egg-logrotator/app/extend/application.js",
    "start": 1651908683904,
    "end": 1651908683906,
    "duration": 2,
    "pid": 16552,
    "index": 31
  },
  {
    "name": "Require(27) node_modules/egg-view/app/extend/application.js",
    "start": 1651908683907,
    "end": 1651908683909,
    "duration": 2,
    "pid": 16552,
    "index": 32
  },
  {
    "name": "Require(28) node_modules/egg-jwt/app/extend/application.js",
    "start": 1651908683910,
    "end": 1651908683957,
    "duration": 47,
    "pid": 16552,
    "index": 33
  },
  {
    "name": "Require(29) node_modules/egg-socket.io/app/extend/application.js",
    "start": 1651908683958,
    "end": 1651908684012,
    "duration": 54,
    "pid": 16552,
    "index": 34
  },
  {
    "name": "Load extend/request.js",
    "start": 1651908684016,
    "end": 1651908684023,
    "duration": 7,
    "pid": 16552,
    "index": 35
  },
  {
    "name": "Require(30) node_modules/egg/app/extend/request.js",
    "start": 1651908684019,
    "end": 1651908684020,
    "duration": 1,
    "pid": 16552,
    "index": 36
  },
  {
    "name": "Load extend/response.js",
    "start": 1651908684023,
    "end": 1651908684033,
    "duration": 10,
    "pid": 16552,
    "index": 37
  },
  {
    "name": "Require(31) node_modules/egg/app/extend/response.js",
    "start": 1651908684026,
    "end": 1651908684027,
    "duration": 1,
    "pid": 16552,
    "index": 38
  },
  {
    "name": "Load extend/context.js",
    "start": 1651908684033,
    "end": 1651908684114,
    "duration": 81,
    "pid": 16552,
    "index": 39
  },
  {
    "name": "Require(32) node_modules/egg-security/app/extend/context.js",
    "start": 1651908684034,
    "end": 1651908684046,
    "duration": 12,
    "pid": 16552,
    "index": 40
  },
  {
    "name": "Require(33) node_modules/egg-jsonp/app/extend/context.js",
    "start": 1651908684046,
    "end": 1651908684048,
    "duration": 2,
    "pid": 16552,
    "index": 41
  },
  {
    "name": "Require(34) node_modules/egg-i18n/app/extend/context.js",
    "start": 1651908684048,
    "end": 1651908684049,
    "duration": 1,
    "pid": 16552,
    "index": 42
  },
  {
    "name": "Require(35) node_modules/egg-multipart/app/extend/context.js",
    "start": 1651908684050,
    "end": 1651908684106,
    "duration": 56,
    "pid": 16552,
    "index": 43
  },
  {
    "name": "Require(36) node_modules/egg-view/app/extend/context.js",
    "start": 1651908684107,
    "end": 1651908684108,
    "duration": 1,
    "pid": 16552,
    "index": 44
  },
  {
    "name": "Require(37) node_modules/egg/app/extend/context.js",
    "start": 1651908684109,
    "end": 1651908684110,
    "duration": 1,
    "pid": 16552,
    "index": 45
  },
  {
    "name": "Load extend/helper.js",
    "start": 1651908684114,
    "end": 1651908684140,
    "duration": 26,
    "pid": 16552,
    "index": 46
  },
  {
    "name": "Require(38) node_modules/egg-security/app/extend/helper.js",
    "start": 1651908684114,
    "end": 1651908684131,
    "duration": 17,
    "pid": 16552,
    "index": 47
  },
  {
    "name": "Require(39) node_modules/egg/app/extend/helper.js",
    "start": 1651908684134,
    "end": 1651908684135,
    "duration": 1,
    "pid": 16552,
    "index": 48
  },
  {
    "name": "Load app.js",
    "start": 1651908684140,
    "end": 1651908684257,
    "duration": 117,
    "pid": 16552,
    "index": 49
  },
  {
    "name": "Require(40) node_modules/egg-session/app.js",
    "start": 1651908684141,
    "end": 1651908684141,
    "duration": 0,
    "pid": 16552,
    "index": 50
  },
  {
    "name": "Require(41) node_modules/egg-security/app.js",
    "start": 1651908684142,
    "end": 1651908684144,
    "duration": 2,
    "pid": 16552,
    "index": 51
  },
  {
    "name": "Require(42) node_modules/egg-onerror/app.js",
    "start": 1651908684145,
    "end": 1651908684156,
    "duration": 11,
    "pid": 16552,
    "index": 52
  },
  {
    "name": "Require(43) node_modules/egg-i18n/app.js",
    "start": 1651908684157,
    "end": 1651908684174,
    "duration": 17,
    "pid": 16552,
    "index": 53
  },
  {
    "name": "Require(44) node_modules/egg-watcher/app.js",
    "start": 1651908684175,
    "end": 1651908684180,
    "duration": 5,
    "pid": 16552,
    "index": 54
  },
  {
    "name": "Require(45) node_modules/egg-schedule/app.js",
    "start": 1651908684181,
    "end": 1651908684183,
    "duration": 2,
    "pid": 16552,
    "index": 55
  },
  {
    "name": "Require(46) node_modules/egg-multipart/app.js",
    "start": 1651908684184,
    "end": 1651908684186,
    "duration": 2,
    "pid": 16552,
    "index": 56
  },
  {
    "name": "Require(47) node_modules/egg-development/app.js",
    "start": 1651908684186,
    "end": 1651908684187,
    "duration": 1,
    "pid": 16552,
    "index": 57
  },
  {
    "name": "Require(48) node_modules/egg-logrotator/app.js",
    "start": 1651908684187,
    "end": 1651908684188,
    "duration": 1,
    "pid": 16552,
    "index": 58
  },
  {
    "name": "Require(49) node_modules/egg-static/app.js",
    "start": 1651908684188,
    "end": 1651908684189,
    "duration": 1,
    "pid": 16552,
    "index": 59
  },
  {
    "name": "Require(50) node_modules/egg-sequelize/app.js",
    "start": 1651908684190,
    "end": 1651908684190,
    "duration": 0,
    "pid": 16552,
    "index": 60
  },
  {
    "name": "Require(51) node_modules/egg-cors/app.js",
    "start": 1651908684190,
    "end": 1651908684191,
    "duration": 1,
    "pid": 16552,
    "index": 61
  },
  {
    "name": "Require(52) node_modules/egg-jwt/app.js",
    "start": 1651908684191,
    "end": 1651908684191,
    "duration": 0,
    "pid": 16552,
    "index": 62
  },
  {
    "name": "Require(53) node_modules/egg-socket.io/app.js",
    "start": 1651908684192,
    "end": 1651908684255,
    "duration": 63,
    "pid": 16552,
    "index": 63
  },
  {
    "name": "Before Start in node_modules/egg-watcher/lib/init.js:15:14",
    "start": 1651908684273,
    "end": 1651908685024,
    "duration": 751,
    "pid": 16552,
    "index": 64
  },
  {
    "name": "Load \"Symbol(model)\" to Application",
    "start": 1651908684768,
    "end": 1651908684795,
    "duration": 27,
    "pid": 16552,
    "index": 65
  },
  {
    "name": "Before Start in node_modules/egg-sequelize/lib/loader.js:39:7",
    "start": 1651908684795,
    "end": 1651908685046,
    "duration": 251,
    "pid": 16552,
    "index": 66
  },
  {
    "name": "Load Controller",
    "start": 1651908684807,
    "end": 1651908684930,
    "duration": 123,
    "pid": 16552,
    "index": 67
  },
  {
    "name": "Load \"controller\" to Application",
    "start": 1651908684807,
    "end": 1651908684930,
    "duration": 123,
    "pid": 16552,
    "index": 68
  },
  {
    "name": "Before Start in node_modules/egg-socket.io/lib/io.js:26:7",
    "start": 1651908684814,
    "end": 1651908684990,
    "duration": 176,
    "pid": 16552,
    "index": 69
  },
  {
    "name": "Load Service",
    "start": 1651908684814,
    "end": 1651908684832,
    "duration": 18,
    "pid": 16552,
    "index": 70
  },
  {
    "name": "Load \"service\" to Context",
    "start": 1651908684814,
    "end": 1651908684832,
    "duration": 18,
    "pid": 16552,
    "index": 71
  },
  {
    "name": "Load Middleware",
    "start": 1651908684832,
    "end": 1651908684930,
    "duration": 98,
    "pid": 16552,
    "index": 72
  },
  {
    "name": "Load \"middlewares\" to Application",
    "start": 1651908684833,
    "end": 1651908684912,
    "duration": 79,
    "pid": 16552,
    "index": 73
  },
  {
    "name": "Load Controller",
    "start": 1651908684930,
    "end": 1651908684940,
    "duration": 10,
    "pid": 16552,
    "index": 74
  },
  {
    "name": "Load \"controller\" to Application",
    "start": 1651908684930,
    "end": 1651908684940,
    "duration": 10,
    "pid": 16552,
    "index": 75
  },
  {
    "name": "Load Router",
    "start": 1651908684940,
    "end": 1651908684945,
    "duration": 5,
    "pid": 16552,
    "index": 76
  },
  {
    "name": "Require(54) app/router.js",
    "start": 1651908684941,
    "end": 1651908684941,
    "duration": 0,
    "pid": 16552,
    "index": 77
  },
  {
    "name": "Before Start in node_modules/egg-core/lib/egg.js:303:10",
    "start": 1651908684942,
    "end": 1651908684986,
    "duration": 44,
    "pid": 16552,
    "index": 78
  }
]