[
  {
    "name": "Process Start",
    "start": 1651907194514,
    "end": 1651907196114,
    "duration": 1600,
    "pid": 11064,
    "index": 0
  },
  {
    "name": "Application Start",
    "start": 1651907196116,
    "end": 1651907197481,
    "duration": 1365,
    "pid": 11064,
    "index": 1
  },
  {
    "name": "Load Plugin",
    "start": 1651907196124,
    "end": 1651907196150,
    "duration": 26,
    "pid": 11064,
    "index": 2
  },
  {
    "name": "Load Config",
    "start": 1651907196150,
    "end": 1651907196189,
    "duration": 39,
    "pid": 11064,
    "index": 3
  },
  {
    "name": "Require(0) config/config.default.js",
    "start": 1651907196151,
    "end": 1651907196152,
    "duration": 1,
    "pid": 11064,
    "index": 4
  },
  {
    "name": "Require(1) node_modules/egg-session/config/config.default.js",
    "start": 1651907196155,
    "end": 1651907196156,
    "duration": 1,
    "pid": 11064,
    "index": 5
  },
  {
    "name": "Require(2) node_modules/egg-security/config/config.default.js",
    "start": 1651907196157,
    "end": 1651907196158,
    "duration": 1,
    "pid": 11064,
    "index": 6
  },
  {
    "name": "Require(3) node_modules/egg-jsonp/config/config.default.js",
    "start": 1651907196159,
    "end": 1651907196160,
    "duration": 1,
    "pid": 11064,
    "index": 7
  },
  {
    "name": "Require(4) node_modules/egg-onerror/config/config.default.js",
    "start": 1651907196160,
    "end": 1651907196161,
    "duration": 1,
    "pid": 11064,
    "index": 8
  },
  {
    "name": "Require(5) node_modules/egg-i18n/config/config.default.js",
    "start": 1651907196161,
    "end": 1651907196162,
    "duration": 1,
    "pid": 11064,
    "index": 9
  },
  {
    "name": "Require(6) node_modules/egg-watcher/config/config.default.js",
    "start": 1651907196162,
    "end": 1651907196163,
    "duration": 1,
    "pid": 11064,
    "index": 10
  },
  {
    "name": "Require(7) node_modules/egg-schedule/config/config.default.js",
    "start": 1651907196163,
    "end": 1651907196164,
    "duration": 1,
    "pid": 11064,
    "index": 11
  },
  {
    "name": "Require(8) node_modules/egg-multipart/config/config.default.js",
    "start": 1651907196164,
    "end": 1651907196165,
    "duration": 1,
    "pid": 11064,
    "index": 12
  },
  {
    "name": "Require(9) node_modules/egg-development/config/config.default.js",
    "start": 1651907196166,
    "end": 1651907196166,
    "duration": 0,
    "pid": 11064,
    "index": 13
  },
  {
    "name": "Require(10) node_modules/egg-logrotator/config/config.default.js",
    "start": 1651907196167,
    "end": 1651907196168,
    "duration": 1,
    "pid": 11064,
    "index": 14
  },
  {
    "name": "Require(11) node_modules/egg-static/config/config.default.js",
    "start": 1651907196169,
    "end": 1651907196170,
    "duration": 1,
    "pid": 11064,
    "index": 15
  },
  {
    "name": "Require(12) node_modules/egg-view/config/config.default.js",
    "start": 1651907196171,
    "end": 1651907196171,
    "duration": 0,
    "pid": 11064,
    "index": 16
  },
  {
    "name": "Require(13) node_modules/egg-sequelize/config/config.default.js",
    "start": 1651907196173,
    "end": 1651907196173,
    "duration": 0,
    "pid": 11064,
    "index": 17
  },
  {
    "name": "Require(14) node_modules/egg-cors/config/config.default.js",
    "start": 1651907196174,
    "end": 1651907196175,
    "duration": 1,
    "pid": 11064,
    "index": 18
  },
  {
    "name": "Require(15) node_modules/egg-jwt/config/config.default.js",
    "start": 1651907196175,
    "end": 1651907196176,
    "duration": 1,
    "pid": 11064,
    "index": 19
  },
  {
    "name": "Require(16) node_modules/egg-socket.io/config/config.default.js",
    "start": 1651907196176,
    "end": 1651907196177,
    "duration": 1,
    "pid": 11064,
    "index": 20
  },
  {
    "name": "Require(17) node_modules/egg/config/config.default.js",
    "start": 1651907196177,
    "end": 1651907196178,
    "duration": 1,
    "pid": 11064,
    "index": 21
  },
  {
    "name": "Require(18) config/config.default.js",
    "start": 1651907196179,
    "end": 1651907196179,
    "duration": 0,
    "pid": 11064,
    "index": 22
  },
  {
    "name": "Require(19) node_modules/egg-security/config/config.local.js",
    "start": 1651907196182,
    "end": 1651907196183,
    "duration": 1,
    "pid": 11064,
    "index": 23
  },
  {
    "name": "Require(20) node_modules/egg-watcher/config/config.local.js",
    "start": 1651907196184,
    "end": 1651907196185,
    "duration": 1,
    "pid": 11064,
    "index": 24
  },
  {
    "name": "Require(21) node_modules/egg-view/config/config.local.js",
    "start": 1651907196187,
    "end": 1651907196187,
    "duration": 0,
    "pid": 11064,
    "index": 25
  },
  {
    "name": "Require(22) node_modules/egg/config/config.local.js",
    "start": 1651907196188,
    "end": 1651907196189,
    "duration": 1,
    "pid": 11064,
    "index": 26
  },
  {
    "name": "Load extend/application.js",
    "start": 1651907196191,
    "end": 1651907196339,
    "duration": 148,
    "pid": 11064,
    "index": 27
  },
  {
    "name": "Require(23) node_modules/egg-session/app/extend/application.js",
    "start": 1651907196191,
    "end": 1651907196192,
    "duration": 1,
    "pid": 11064,
    "index": 28
  },
  {
    "name": "Require(24) node_modules/egg-security/app/extend/application.js",
    "start": 1651907196193,
    "end": 1651907196194,
    "duration": 1,
    "pid": 11064,
    "index": 29
  },
  {
    "name": "Require(25) node_modules/egg-jsonp/app/extend/application.js",
    "start": 1651907196195,
    "end": 1651907196196,
    "duration": 1,
    "pid": 11064,
    "index": 30
  },
  {
    "name": "Require(26) node_modules/egg-logrotator/app/extend/application.js",
    "start": 1651907196198,
    "end": 1651907196200,
    "duration": 2,
    "pid": 11064,
    "index": 31
  },
  {
    "name": "Require(27) node_modules/egg-view/app/extend/application.js",
    "start": 1651907196201,
    "end": 1651907196203,
    "duration": 2,
    "pid": 11064,
    "index": 32
  },
  {
    "name": "Require(28) node_modules/egg-jwt/app/extend/application.js",
    "start": 1651907196204,
    "end": 1651907196269,
    "duration": 65,
    "pid": 11064,
    "index": 33
  },
  {
    "name": "Require(29) node_modules/egg-socket.io/app/extend/application.js",
    "start": 1651907196269,
    "end": 1651907196333,
    "duration": 64,
    "pid": 11064,
    "index": 34
  },
  {
    "name": "Load extend/request.js",
    "start": 1651907196339,
    "end": 1651907196348,
    "duration": 9,
    "pid": 11064,
    "index": 35
  },
  {
    "name": "Require(30) node_modules/egg/app/extend/request.js",
    "start": 1651907196344,
    "end": 1651907196344,
    "duration": 0,
    "pid": 11064,
    "index": 36
  },
  {
    "name": "Load extend/response.js",
    "start": 1651907196348,
    "end": 1651907196358,
    "duration": 10,
    "pid": 11064,
    "index": 37
  },
  {
    "name": "Require(31) node_modules/egg/app/extend/response.js",
    "start": 1651907196351,
    "end": 1651907196353,
    "duration": 2,
    "pid": 11064,
    "index": 38
  },
  {
    "name": "Load extend/context.js",
    "start": 1651907196358,
    "end": 1651907196450,
    "duration": 92,
    "pid": 11064,
    "index": 39
  },
  {
    "name": "Require(32) node_modules/egg-security/app/extend/context.js",
    "start": 1651907196359,
    "end": 1651907196370,
    "duration": 11,
    "pid": 11064,
    "index": 40
  },
  {
    "name": "Require(33) node_modules/egg-jsonp/app/extend/context.js",
    "start": 1651907196370,
    "end": 1651907196372,
    "duration": 2,
    "pid": 11064,
    "index": 41
  },
  {
    "name": "Require(34) node_modules/egg-i18n/app/extend/context.js",
    "start": 1651907196372,
    "end": 1651907196373,
    "duration": 1,
    "pid": 11064,
    "index": 42
  },
  {
    "name": "Require(35) node_modules/egg-multipart/app/extend/context.js",
    "start": 1651907196374,
    "end": 1651907196441,
    "duration": 67,
    "pid": 11064,
    "index": 43
  },
  {
    "name": "Require(36) node_modules/egg-view/app/extend/context.js",
    "start": 1651907196442,
    "end": 1651907196444,
    "duration": 2,
    "pid": 11064,
    "index": 44
  },
  {
    "name": "Require(37) node_modules/egg/app/extend/context.js",
    "start": 1651907196445,
    "end": 1651907196446,
    "duration": 1,
    "pid": 11064,
    "index": 45
  },
  {
    "name": "Load extend/helper.js",
    "start": 1651907196450,
    "end": 1651907196482,
    "duration": 32,
    "pid": 11064,
    "index": 46
  },
  {
    "name": "Require(38) node_modules/egg-security/app/extend/helper.js",
    "start": 1651907196451,
    "end": 1651907196474,
    "duration": 23,
    "pid": 11064,
    "index": 47
  },
  {
    "name": "Require(39) node_modules/egg/app/extend/helper.js",
    "start": 1651907196476,
    "end": 1651907196477,
    "duration": 1,
    "pid": 11064,
    "index": 48
  },
  {
    "name": "Load app.js",
    "start": 1651907196482,
    "end": 1651907196590,
    "duration": 108,
    "pid": 11064,
    "index": 49
  },
  {
    "name": "Require(40) node_modules/egg-session/app.js",
    "start": 1651907196482,
    "end": 1651907196483,
    "duration": 1,
    "pid": 11064,
    "index": 50
  },
  {
    "name": "Require(41) node_modules/egg-security/app.js",
    "start": 1651907196483,
    "end": 1651907196486,
    "duration": 3,
    "pid": 11064,
    "index": 51
  },
  {
    "name": "Require(42) node_modules/egg-onerror/app.js",
    "start": 1651907196486,
    "end": 1651907196494,
    "duration": 8,
    "pid": 11064,
    "index": 52
  },
  {
    "name": "Require(43) node_modules/egg-i18n/app.js",
    "start": 1651907196495,
    "end": 1651907196512,
    "duration": 17,
    "pid": 11064,
    "index": 53
  },
  {
    "name": "Require(44) node_modules/egg-watcher/app.js",
    "start": 1651907196513,
    "end": 1651907196518,
    "duration": 5,
    "pid": 11064,
    "index": 54
  },
  {
    "name": "Require(45) node_modules/egg-schedule/app.js",
    "start": 1651907196519,
    "end": 1651907196521,
    "duration": 2,
    "pid": 11064,
    "index": 55
  },
  {
    "name": "Require(46) node_modules/egg-multipart/app.js",
    "start": 1651907196522,
    "end": 1651907196522,
    "duration": 0,
    "pid": 11064,
    "index": 56
  },
  {
    "name": "Require(47) node_modules/egg-development/app.js",
    "start": 1651907196523,
    "end": 1651907196524,
    "duration": 1,
    "pid": 11064,
    "index": 57
  },
  {
    "name": "Require(48) node_modules/egg-logrotator/app.js",
    "start": 1651907196524,
    "end": 1651907196524,
    "duration": 0,
    "pid": 11064,
    "index": 58
  },
  {
    "name": "Require(49) node_modules/egg-static/app.js",
    "start": 1651907196525,
    "end": 1651907196525,
    "duration": 0,
    "pid": 11064,
    "index": 59
  },
  {
    "name": "Require(50) node_modules/egg-sequelize/app.js",
    "start": 1651907196526,
    "end": 1651907196526,
    "duration": 0,
    "pid": 11064,
    "index": 60
  },
  {
    "name": "Require(51) node_modules/egg-cors/app.js",
    "start": 1651907196527,
    "end": 1651907196527,
    "duration": 0,
    "pid": 11064,
    "index": 61
  },
  {
    "name": "Require(52) node_modules/egg-jwt/app.js",
    "start": 1651907196527,
    "end": 1651907196528,
    "duration": 1,
    "pid": 11064,
    "index": 62
  },
  {
    "name": "Require(53) node_modules/egg-socket.io/app.js",
    "start": 1651907196528,
    "end": 1651907196588,
    "duration": 60,
    "pid": 11064,
    "index": 63
  },
  {
    "name": "Before Start in node_modules/egg-watcher/lib/init.js:15:14",
    "start": 1651907196608,
    "end": 1651907197448,
    "duration": 840,
    "pid": 11064,
    "index": 64
  },
  {
    "name": "Load \"Symbol(model)\" to Application",
    "start": 1651907197138,
    "end": 1651907197173,
    "duration": 35,
    "pid": 11064,
    "index": 65
  },
  {
    "name": "Before Start in node_modules/egg-sequelize/lib/loader.js:39:7",
    "start": 1651907197173,
    "end": 1651907197471,
    "duration": 298,
    "pid": 11064,
    "index": 66
  },
  {
    "name": "Load Controller",
    "start": 1651907197187,
    "end": 1651907197347,
    "duration": 160,
    "pid": 11064,
    "index": 67
  },
  {
    "name": "Load \"controller\" to Application",
    "start": 1651907197187,
    "end": 1651907197347,
    "duration": 160,
    "pid": 11064,
    "index": 68
  },
  {
    "name": "Before Start in node_modules/egg-socket.io/lib/io.js:26:7",
    "start": 1651907197196,
    "end": 1651907197412,
    "duration": 216,
    "pid": 11064,
    "index": 69
  },
  {
    "name": "Load Service",
    "start": 1651907197196,
    "end": 1651907197223,
    "duration": 27,
    "pid": 11064,
    "index": 70
  },
  {
    "name": "Load \"service\" to Context",
    "start": 1651907197196,
    "end": 1651907197223,
    "duration": 27,
    "pid": 11064,
    "index": 71
  },
  {
    "name": "Load Middleware",
    "start": 1651907197224,
    "end": 1651907197347,
    "duration": 123,
    "pid": 11064,
    "index": 72
  },
  {
    "name": "Load \"middlewares\" to Application",
    "start": 1651907197224,
    "end": 1651907197329,
    "duration": 105,
    "pid": 11064,
    "index": 73
  },
  {
    "name": "Load Controller",
    "start": 1651907197347,
    "end": 1651907197361,
    "duration": 14,
    "pid": 11064,
    "index": 74
  },
  {
    "name": "Load \"controller\" to Application",
    "start": 1651907197347,
    "end": 1651907197361,
    "duration": 14,
    "pid": 11064,
    "index": 75
  },
  {
    "name": "Load Router",
    "start": 1651907197361,
    "end": 1651907197366,
    "duration": 5,
    "pid": 11064,
    "index": 76
  },
  {
    "name": "Require(54) app/router.js",
    "start": 1651907197361,
    "end": 1651907197362,
    "duration": 1,
    "pid": 11064,
    "index": 77
  },
  {
    "name": "Before Start in node_modules/egg-core/lib/egg.js:303:10",
    "start": 1651907197362,
    "end": 1651907197409,
    "duration": 47,
    "pid": 11064,
    "index": 78
  }
]