[
  {
    "name": "Process Start",
    "start": 1651990632843,
    "end": 1651990634464,
    "duration": 1621,
    "pid": 14292,
    "index": 0
  },
  {
    "name": "Application Start",
    "start": 1651990634465,
    "end": 1651990635818,
    "duration": 1353,
    "pid": 14292,
    "index": 1
  },
  {
    "name": "Load Plugin",
    "start": 1651990634474,
    "end": 1651990634498,
    "duration": 24,
    "pid": 14292,
    "index": 2
  },
  {
    "name": "Load Config",
    "start": 1651990634498,
    "end": 1651990634530,
    "duration": 32,
    "pid": 14292,
    "index": 3
  },
  {
    "name": "Require(0) config/config.default.js",
    "start": 1651990634499,
    "end": 1651990634499,
    "duration": 0,
    "pid": 14292,
    "index": 4
  },
  {
    "name": "Require(1) node_modules/egg-session/config/config.default.js",
    "start": 1651990634502,
    "end": 1651990634502,
    "duration": 0,
    "pid": 14292,
    "index": 5
  },
  {
    "name": "Require(2) node_modules/egg-security/config/config.default.js",
    "start": 1651990634503,
    "end": 1651990634504,
    "duration": 1,
    "pid": 14292,
    "index": 6
  },
  {
    "name": "Require(3) node_modules/egg-jsonp/config/config.default.js",
    "start": 1651990634505,
    "end": 1651990634505,
    "duration": 0,
    "pid": 14292,
    "index": 7
  },
  {
    "name": "Require(4) node_modules/egg-onerror/config/config.default.js",
    "start": 1651990634506,
    "end": 1651990634507,
    "duration": 1,
    "pid": 14292,
    "index": 8
  },
  {
    "name": "Require(5) node_modules/egg-i18n/config/config.default.js",
    "start": 1651990634507,
    "end": 1651990634508,
    "duration": 1,
    "pid": 14292,
    "index": 9
  },
  {
    "name": "Require(6) node_modules/egg-watcher/config/config.default.js",
    "start": 1651990634508,
    "end": 1651990634509,
    "duration": 1,
    "pid": 14292,
    "index": 10
  },
  {
    "name": "Require(7) node_modules/egg-schedule/config/config.default.js",
    "start": 1651990634509,
    "end": 1651990634510,
    "duration": 1,
    "pid": 14292,
    "index": 11
  },
  {
    "name": "Require(8) node_modules/egg-multipart/config/config.default.js",
    "start": 1651990634510,
    "end": 1651990634511,
    "duration": 1,
    "pid": 14292,
    "index": 12
  },
  {
    "name": "Require(9) node_modules/egg-development/config/config.default.js",
    "start": 1651990634512,
    "end": 1651990634512,
    "duration": 0,
    "pid": 14292,
    "index": 13
  },
  {
    "name": "Require(10) node_modules/egg-logrotator/config/config.default.js",
    "start": 1651990634513,
    "end": 1651990634513,
    "duration": 0,
    "pid": 14292,
    "index": 14
  },
  {
    "name": "Require(11) node_modules/egg-static/config/config.default.js",
    "start": 1651990634514,
    "end": 1651990634514,
    "duration": 0,
    "pid": 14292,
    "index": 15
  },
  {
    "name": "Require(12) node_modules/egg-view/config/config.default.js",
    "start": 1651990634515,
    "end": 1651990634515,
    "duration": 0,
    "pid": 14292,
    "index": 16
  },
  {
    "name": "Require(13) node_modules/egg-sequelize/config/config.default.js",
    "start": 1651990634516,
    "end": 1651990634517,
    "duration": 1,
    "pid": 14292,
    "index": 17
  },
  {
    "name": "Require(14) node_modules/egg-cors/config/config.default.js",
    "start": 1651990634517,
    "end": 1651990634518,
    "duration": 1,
    "pid": 14292,
    "index": 18
  },
  {
    "name": "Require(15) node_modules/egg-jwt/config/config.default.js",
    "start": 1651990634518,
    "end": 1651990634519,
    "duration": 1,
    "pid": 14292,
    "index": 19
  },
  {
    "name": "Require(16) node_modules/egg-socket.io/config/config.default.js",
    "start": 1651990634519,
    "end": 1651990634520,
    "duration": 1,
    "pid": 14292,
    "index": 20
  },
  {
    "name": "Require(17) node_modules/egg/config/config.default.js",
    "start": 1651990634520,
    "end": 1651990634521,
    "duration": 1,
    "pid": 14292,
    "index": 21
  },
  {
    "name": "Require(18) config/config.default.js",
    "start": 1651990634522,
    "end": 1651990634522,
    "duration": 0,
    "pid": 14292,
    "index": 22
  },
  {
    "name": "Require(19) node_modules/egg-security/config/config.local.js",
    "start": 1651990634525,
    "end": 1651990634525,
    "duration": 0,
    "pid": 14292,
    "index": 23
  },
  {
    "name": "Require(20) node_modules/egg-watcher/config/config.local.js",
    "start": 1651990634526,
    "end": 1651990634527,
    "duration": 1,
    "pid": 14292,
    "index": 24
  },
  {
    "name": "Require(21) node_modules/egg-view/config/config.local.js",
    "start": 1651990634528,
    "end": 1651990634528,
    "duration": 0,
    "pid": 14292,
    "index": 25
  },
  {
    "name": "Require(22) node_modules/egg/config/config.local.js",
    "start": 1651990634530,
    "end": 1651990634530,
    "duration": 0,
    "pid": 14292,
    "index": 26
  },
  {
    "name": "Load extend/application.js",
    "start": 1651990634531,
    "end": 1651990634655,
    "duration": 124,
    "pid": 14292,
    "index": 27
  },
  {
    "name": "Require(23) node_modules/egg-session/app/extend/application.js",
    "start": 1651990634532,
    "end": 1651990634533,
    "duration": 1,
    "pid": 14292,
    "index": 28
  },
  {
    "name": "Require(24) node_modules/egg-security/app/extend/application.js",
    "start": 1651990634533,
    "end": 1651990634535,
    "duration": 2,
    "pid": 14292,
    "index": 29
  },
  {
    "name": "Require(25) node_modules/egg-jsonp/app/extend/application.js",
    "start": 1651990634535,
    "end": 1651990634537,
    "duration": 2,
    "pid": 14292,
    "index": 30
  },
  {
    "name": "Require(26) node_modules/egg-logrotator/app/extend/application.js",
    "start": 1651990634539,
    "end": 1651990634541,
    "duration": 2,
    "pid": 14292,
    "index": 31
  },
  {
    "name": "Require(27) node_modules/egg-view/app/extend/application.js",
    "start": 1651990634541,
    "end": 1651990634543,
    "duration": 2,
    "pid": 14292,
    "index": 32
  },
  {
    "name": "Require(28) node_modules/egg-jwt/app/extend/application.js",
    "start": 1651990634544,
    "end": 1651990634590,
    "duration": 46,
    "pid": 14292,
    "index": 33
  },
  {
    "name": "Require(29) node_modules/egg-socket.io/app/extend/application.js",
    "start": 1651990634590,
    "end": 1651990634651,
    "duration": 61,
    "pid": 14292,
    "index": 34
  },
  {
    "name": "Load extend/request.js",
    "start": 1651990634655,
    "end": 1651990634662,
    "duration": 7,
    "pid": 14292,
    "index": 35
  },
  {
    "name": "Require(30) node_modules/egg/app/extend/request.js",
    "start": 1651990634658,
    "end": 1651990634659,
    "duration": 1,
    "pid": 14292,
    "index": 36
  },
  {
    "name": "Load extend/response.js",
    "start": 1651990634662,
    "end": 1651990634670,
    "duration": 8,
    "pid": 14292,
    "index": 37
  },
  {
    "name": "Require(31) node_modules/egg/app/extend/response.js",
    "start": 1651990634665,
    "end": 1651990634666,
    "duration": 1,
    "pid": 14292,
    "index": 38
  },
  {
    "name": "Load extend/context.js",
    "start": 1651990634670,
    "end": 1651990634757,
    "duration": 87,
    "pid": 14292,
    "index": 39
  },
  {
    "name": "Require(32) node_modules/egg-security/app/extend/context.js",
    "start": 1651990634670,
    "end": 1651990634680,
    "duration": 10,
    "pid": 14292,
    "index": 40
  },
  {
    "name": "Require(33) node_modules/egg-jsonp/app/extend/context.js",
    "start": 1651990634680,
    "end": 1651990634681,
    "duration": 1,
    "pid": 14292,
    "index": 41
  },
  {
    "name": "Require(34) node_modules/egg-i18n/app/extend/context.js",
    "start": 1651990634682,
    "end": 1651990634682,
    "duration": 0,
    "pid": 14292,
    "index": 42
  },
  {
    "name": "Require(35) node_modules/egg-multipart/app/extend/context.js",
    "start": 1651990634683,
    "end": 1651990634749,
    "duration": 66,
    "pid": 14292,
    "index": 43
  },
  {
    "name": "Require(36) node_modules/egg-view/app/extend/context.js",
    "start": 1651990634750,
    "end": 1651990634751,
    "duration": 1,
    "pid": 14292,
    "index": 44
  },
  {
    "name": "Require(37) node_modules/egg/app/extend/context.js",
    "start": 1651990634752,
    "end": 1651990634753,
    "duration": 1,
    "pid": 14292,
    "index": 45
  },
  {
    "name": "Load extend/helper.js",
    "start": 1651990634757,
    "end": 1651990634788,
    "duration": 31,
    "pid": 14292,
    "index": 46
  },
  {
    "name": "Require(38) node_modules/egg-security/app/extend/helper.js",
    "start": 1651990634757,
    "end": 1651990634778,
    "duration": 21,
    "pid": 14292,
    "index": 47
  },
  {
    "name": "Require(39) node_modules/egg/app/extend/helper.js",
    "start": 1651990634782,
    "end": 1651990634783,
    "duration": 1,
    "pid": 14292,
    "index": 48
  },
  {
    "name": "Load app.js",
    "start": 1651990634789,
    "end": 1651990634900,
    "duration": 111,
    "pid": 14292,
    "index": 49
  },
  {
    "name": "Require(40) node_modules/egg-session/app.js",
    "start": 1651990634789,
    "end": 1651990634790,
    "duration": 1,
    "pid": 14292,
    "index": 50
  },
  {
    "name": "Require(41) node_modules/egg-security/app.js",
    "start": 1651990634790,
    "end": 1651990634792,
    "duration": 2,
    "pid": 14292,
    "index": 51
  },
  {
    "name": "Require(42) node_modules/egg-onerror/app.js",
    "start": 1651990634793,
    "end": 1651990634802,
    "duration": 9,
    "pid": 14292,
    "index": 52
  },
  {
    "name": "Require(43) node_modules/egg-i18n/app.js",
    "start": 1651990634803,
    "end": 1651990634825,
    "duration": 22,
    "pid": 14292,
    "index": 53
  },
  {
    "name": "Require(44) node_modules/egg-watcher/app.js",
    "start": 1651990634826,
    "end": 1651990634829,
    "duration": 3,
    "pid": 14292,
    "index": 54
  },
  {
    "name": "Require(45) node_modules/egg-schedule/app.js",
    "start": 1651990634830,
    "end": 1651990634831,
    "duration": 1,
    "pid": 14292,
    "index": 55
  },
  {
    "name": "Require(46) node_modules/egg-multipart/app.js",
    "start": 1651990634832,
    "end": 1651990634833,
    "duration": 1,
    "pid": 14292,
    "index": 56
  },
  {
    "name": "Require(47) node_modules/egg-development/app.js",
    "start": 1651990634833,
    "end": 1651990634834,
    "duration": 1,
    "pid": 14292,
    "index": 57
  },
  {
    "name": "Require(48) node_modules/egg-logrotator/app.js",
    "start": 1651990634834,
    "end": 1651990634834,
    "duration": 0,
    "pid": 14292,
    "index": 58
  },
  {
    "name": "Require(49) node_modules/egg-static/app.js",
    "start": 1651990634835,
    "end": 1651990634835,
    "duration": 0,
    "pid": 14292,
    "index": 59
  },
  {
    "name": "Require(50) node_modules/egg-sequelize/app.js",
    "start": 1651990634836,
    "end": 1651990634836,
    "duration": 0,
    "pid": 14292,
    "index": 60
  },
  {
    "name": "Require(51) node_modules/egg-cors/app.js",
    "start": 1651990634837,
    "end": 1651990634837,
    "duration": 0,
    "pid": 14292,
    "index": 61
  },
  {
    "name": "Require(52) node_modules/egg-jwt/app.js",
    "start": 1651990634837,
    "end": 1651990634838,
    "duration": 1,
    "pid": 14292,
    "index": 62
  },
  {
    "name": "Require(53) node_modules/egg-socket.io/app.js",
    "start": 1651990634838,
    "end": 1651990634899,
    "duration": 61,
    "pid": 14292,
    "index": 63
  },
  {
    "name": "Before Start in node_modules/egg-watcher/lib/init.js:15:14",
    "start": 1651990634917,
    "end": 1651990635787,
    "duration": 870,
    "pid": 14292,
    "index": 64
  },
  {
    "name": "Load \"Symbol(model)\" to Application",
    "start": 1651990635500,
    "end": 1651990635533,
    "duration": 33,
    "pid": 14292,
    "index": 65
  },
  {
    "name": "Before Start in node_modules/egg-sequelize/lib/loader.js:39:7",
    "start": 1651990635534,
    "end": 1651990635807,
    "duration": 273,
    "pid": 14292,
    "index": 66
  },
  {
    "name": "Load Controller",
    "start": 1651990635545,
    "end": 1651990635684,
    "duration": 139,
    "pid": 14292,
    "index": 67
  },
  {
    "name": "Load \"controller\" to Application",
    "start": 1651990635545,
    "end": 1651990635684,
    "duration": 139,
    "pid": 14292,
    "index": 68
  },
  {
    "name": "Before Start in node_modules/egg-socket.io/lib/io.js:26:7",
    "start": 1651990635554,
    "end": 1651990635754,
    "duration": 200,
    "pid": 14292,
    "index": 69
  },
  {
    "name": "Load Service",
    "start": 1651990635554,
    "end": 1651990635582,
    "duration": 28,
    "pid": 14292,
    "index": 70
  },
  {
    "name": "Load \"service\" to Context",
    "start": 1651990635554,
    "end": 1651990635582,
    "duration": 28,
    "pid": 14292,
    "index": 71
  },
  {
    "name": "Load Middleware",
    "start": 1651990635582,
    "end": 1651990635684,
    "duration": 102,
    "pid": 14292,
    "index": 72
  },
  {
    "name": "Load \"middlewares\" to Application",
    "start": 1651990635582,
    "end": 1651990635671,
    "duration": 89,
    "pid": 14292,
    "index": 73
  },
  {
    "name": "Load Controller",
    "start": 1651990635684,
    "end": 1651990635699,
    "duration": 15,
    "pid": 14292,
    "index": 74
  },
  {
    "name": "Load \"controller\" to Application",
    "start": 1651990635684,
    "end": 1651990635699,
    "duration": 15,
    "pid": 14292,
    "index": 75
  },
  {
    "name": "Load Router",
    "start": 1651990635699,
    "end": 1651990635705,
    "duration": 6,
    "pid": 14292,
    "index": 76
  },
  {
    "name": "Require(54) app/router.js",
    "start": 1651990635699,
    "end": 1651990635700,
    "duration": 1,
    "pid": 14292,
    "index": 77
  },
  {
    "name": "Before Start in node_modules/egg-core/lib/egg.js:303:10",
    "start": 1651990635701,
    "end": 1651990635751,
    "duration": 50,
    "pid": 14292,
    "index": 78
  }
]