[
  {
    "name": "Process Start",
    "start": 1651911850195,
    "end": 1651911852066,
    "duration": 1871,
    "pid": 17248,
    "index": 0
  },
  {
    "name": "Application Start",
    "start": 1651911852068,
    "end": 1651911853632,
    "duration": 1564,
    "pid": 17248,
    "index": 1
  },
  {
    "name": "Load Plugin",
    "start": 1651911852076,
    "end": 1651911852103,
    "duration": 27,
    "pid": 17248,
    "index": 2
  },
  {
    "name": "Load Config",
    "start": 1651911852103,
    "end": 1651911852148,
    "duration": 45,
    "pid": 17248,
    "index": 3
  },
  {
    "name": "Require(0) config/config.default.js",
    "start": 1651911852105,
    "end": 1651911852106,
    "duration": 1,
    "pid": 17248,
    "index": 4
  },
  {
    "name": "Require(1) node_modules/egg-session/config/config.default.js",
    "start": 1651911852108,
    "end": 1651911852109,
    "duration": 1,
    "pid": 17248,
    "index": 5
  },
  {
    "name": "Require(2) node_modules/egg-security/config/config.default.js",
    "start": 1651911852109,
    "end": 1651911852109,
    "duration": 0,
    "pid": 17248,
    "index": 6
  },
  {
    "name": "Require(3) node_modules/egg-jsonp/config/config.default.js",
    "start": 1651911852111,
    "end": 1651911852111,
    "duration": 0,
    "pid": 17248,
    "index": 7
  },
  {
    "name": "Require(4) node_modules/egg-onerror/config/config.default.js",
    "start": 1651911852112,
    "end": 1651911852112,
    "duration": 0,
    "pid": 17248,
    "index": 8
  },
  {
    "name": "Require(5) node_modules/egg-i18n/config/config.default.js",
    "start": 1651911852113,
    "end": 1651911852113,
    "duration": 0,
    "pid": 17248,
    "index": 9
  },
  {
    "name": "Require(6) node_modules/egg-watcher/config/config.default.js",
    "start": 1651911852114,
    "end": 1651911852115,
    "duration": 1,
    "pid": 17248,
    "index": 10
  },
  {
    "name": "Require(7) node_modules/egg-schedule/config/config.default.js",
    "start": 1651911852115,
    "end": 1651911852116,
    "duration": 1,
    "pid": 17248,
    "index": 11
  },
  {
    "name": "Require(8) node_modules/egg-multipart/config/config.default.js",
    "start": 1651911852116,
    "end": 1651911852117,
    "duration": 1,
    "pid": 17248,
    "index": 12
  },
  {
    "name": "Require(9) node_modules/egg-development/config/config.default.js",
    "start": 1651911852118,
    "end": 1651911852118,
    "duration": 0,
    "pid": 17248,
    "index": 13
  },
  {
    "name": "Require(10) node_modules/egg-logrotator/config/config.default.js",
    "start": 1651911852119,
    "end": 1651911852119,
    "duration": 0,
    "pid": 17248,
    "index": 14
  },
  {
    "name": "Require(11) node_modules/egg-static/config/config.default.js",
    "start": 1651911852120,
    "end": 1651911852121,
    "duration": 1,
    "pid": 17248,
    "index": 15
  },
  {
    "name": "Require(12) node_modules/egg-view/config/config.default.js",
    "start": 1651911852123,
    "end": 1651911852124,
    "duration": 1,
    "pid": 17248,
    "index": 16
  },
  {
    "name": "Require(13) node_modules/egg-sequelize/config/config.default.js",
    "start": 1651911852125,
    "end": 1651911852125,
    "duration": 0,
    "pid": 17248,
    "index": 17
  },
  {
    "name": "Require(14) node_modules/egg-cors/config/config.default.js",
    "start": 1651911852126,
    "end": 1651911852127,
    "duration": 1,
    "pid": 17248,
    "index": 18
  },
  {
    "name": "Require(15) node_modules/egg-jwt/config/config.default.js",
    "start": 1651911852128,
    "end": 1651911852128,
    "duration": 0,
    "pid": 17248,
    "index": 19
  },
  {
    "name": "Require(16) node_modules/egg-socket.io/config/config.default.js",
    "start": 1651911852129,
    "end": 1651911852131,
    "duration": 2,
    "pid": 17248,
    "index": 20
  },
  {
    "name": "Require(17) node_modules/egg/config/config.default.js",
    "start": 1651911852132,
    "end": 1651911852132,
    "duration": 0,
    "pid": 17248,
    "index": 21
  },
  {
    "name": "Require(18) config/config.default.js",
    "start": 1651911852135,
    "end": 1651911852135,
    "duration": 0,
    "pid": 17248,
    "index": 22
  },
  {
    "name": "Require(19) node_modules/egg-security/config/config.local.js",
    "start": 1651911852139,
    "end": 1651911852140,
    "duration": 1,
    "pid": 17248,
    "index": 23
  },
  {
    "name": "Require(20) node_modules/egg-watcher/config/config.local.js",
    "start": 1651911852141,
    "end": 1651911852142,
    "duration": 1,
    "pid": 17248,
    "index": 24
  },
  {
    "name": "Require(21) node_modules/egg-view/config/config.local.js",
    "start": 1651911852144,
    "end": 1651911852144,
    "duration": 0,
    "pid": 17248,
    "index": 25
  },
  {
    "name": "Require(22) node_modules/egg/config/config.local.js",
    "start": 1651911852147,
    "end": 1651911852148,
    "duration": 1,
    "pid": 17248,
    "index": 26
  },
  {
    "name": "Load extend/application.js",
    "start": 1651911852151,
    "end": 1651911852297,
    "duration": 146,
    "pid": 17248,
    "index": 27
  },
  {
    "name": "Require(23) node_modules/egg-session/app/extend/application.js",
    "start": 1651911852152,
    "end": 1651911852152,
    "duration": 0,
    "pid": 17248,
    "index": 28
  },
  {
    "name": "Require(24) node_modules/egg-security/app/extend/application.js",
    "start": 1651911852153,
    "end": 1651911852154,
    "duration": 1,
    "pid": 17248,
    "index": 29
  },
  {
    "name": "Require(25) node_modules/egg-jsonp/app/extend/application.js",
    "start": 1651911852155,
    "end": 1651911852157,
    "duration": 2,
    "pid": 17248,
    "index": 30
  },
  {
    "name": "Require(26) node_modules/egg-logrotator/app/extend/application.js",
    "start": 1651911852159,
    "end": 1651911852164,
    "duration": 5,
    "pid": 17248,
    "index": 31
  },
  {
    "name": "Require(27) node_modules/egg-view/app/extend/application.js",
    "start": 1651911852165,
    "end": 1651911852167,
    "duration": 2,
    "pid": 17248,
    "index": 32
  },
  {
    "name": "Require(28) node_modules/egg-jwt/app/extend/application.js",
    "start": 1651911852168,
    "end": 1651911852218,
    "duration": 50,
    "pid": 17248,
    "index": 33
  },
  {
    "name": "Require(29) node_modules/egg-socket.io/app/extend/application.js",
    "start": 1651911852219,
    "end": 1651911852293,
    "duration": 74,
    "pid": 17248,
    "index": 34
  },
  {
    "name": "Load extend/request.js",
    "start": 1651911852297,
    "end": 1651911852305,
    "duration": 8,
    "pid": 17248,
    "index": 35
  },
  {
    "name": "Require(30) node_modules/egg/app/extend/request.js",
    "start": 1651911852300,
    "end": 1651911852301,
    "duration": 1,
    "pid": 17248,
    "index": 36
  },
  {
    "name": "Load extend/response.js",
    "start": 1651911852305,
    "end": 1651911852314,
    "duration": 9,
    "pid": 17248,
    "index": 37
  },
  {
    "name": "Require(31) node_modules/egg/app/extend/response.js",
    "start": 1651911852309,
    "end": 1651911852310,
    "duration": 1,
    "pid": 17248,
    "index": 38
  },
  {
    "name": "Load extend/context.js",
    "start": 1651911852314,
    "end": 1651911852418,
    "duration": 104,
    "pid": 17248,
    "index": 39
  },
  {
    "name": "Require(32) node_modules/egg-security/app/extend/context.js",
    "start": 1651911852315,
    "end": 1651911852326,
    "duration": 11,
    "pid": 17248,
    "index": 40
  },
  {
    "name": "Require(33) node_modules/egg-jsonp/app/extend/context.js",
    "start": 1651911852326,
    "end": 1651911852328,
    "duration": 2,
    "pid": 17248,
    "index": 41
  },
  {
    "name": "Require(34) node_modules/egg-i18n/app/extend/context.js",
    "start": 1651911852328,
    "end": 1651911852329,
    "duration": 1,
    "pid": 17248,
    "index": 42
  },
  {
    "name": "Require(35) node_modules/egg-multipart/app/extend/context.js",
    "start": 1651911852330,
    "end": 1651911852402,
    "duration": 72,
    "pid": 17248,
    "index": 43
  },
  {
    "name": "Require(36) node_modules/egg-view/app/extend/context.js",
    "start": 1651911852404,
    "end": 1651911852407,
    "duration": 3,
    "pid": 17248,
    "index": 44
  },
  {
    "name": "Require(37) node_modules/egg/app/extend/context.js",
    "start": 1651911852409,
    "end": 1651911852411,
    "duration": 2,
    "pid": 17248,
    "index": 45
  },
  {
    "name": "Load extend/helper.js",
    "start": 1651911852418,
    "end": 1651911852456,
    "duration": 38,
    "pid": 17248,
    "index": 46
  },
  {
    "name": "Require(38) node_modules/egg-security/app/extend/helper.js",
    "start": 1651911852419,
    "end": 1651911852445,
    "duration": 26,
    "pid": 17248,
    "index": 47
  },
  {
    "name": "Require(39) node_modules/egg/app/extend/helper.js",
    "start": 1651911852450,
    "end": 1651911852451,
    "duration": 1,
    "pid": 17248,
    "index": 48
  },
  {
    "name": "Load app.js",
    "start": 1651911852457,
    "end": 1651911852591,
    "duration": 134,
    "pid": 17248,
    "index": 49
  },
  {
    "name": "Require(40) node_modules/egg-session/app.js",
    "start": 1651911852457,
    "end": 1651911852458,
    "duration": 1,
    "pid": 17248,
    "index": 50
  },
  {
    "name": "Require(41) node_modules/egg-security/app.js",
    "start": 1651911852458,
    "end": 1651911852460,
    "duration": 2,
    "pid": 17248,
    "index": 51
  },
  {
    "name": "Require(42) node_modules/egg-onerror/app.js",
    "start": 1651911852461,
    "end": 1651911852472,
    "duration": 11,
    "pid": 17248,
    "index": 52
  },
  {
    "name": "Require(43) node_modules/egg-i18n/app.js",
    "start": 1651911852472,
    "end": 1651911852495,
    "duration": 23,
    "pid": 17248,
    "index": 53
  },
  {
    "name": "Require(44) node_modules/egg-watcher/app.js",
    "start": 1651911852496,
    "end": 1651911852500,
    "duration": 4,
    "pid": 17248,
    "index": 54
  },
  {
    "name": "Require(45) node_modules/egg-schedule/app.js",
    "start": 1651911852500,
    "end": 1651911852502,
    "duration": 2,
    "pid": 17248,
    "index": 55
  },
  {
    "name": "Require(46) node_modules/egg-multipart/app.js",
    "start": 1651911852503,
    "end": 1651911852503,
    "duration": 0,
    "pid": 17248,
    "index": 56
  },
  {
    "name": "Require(47) node_modules/egg-development/app.js",
    "start": 1651911852504,
    "end": 1651911852504,
    "duration": 0,
    "pid": 17248,
    "index": 57
  },
  {
    "name": "Require(48) node_modules/egg-logrotator/app.js",
    "start": 1651911852504,
    "end": 1651911852505,
    "duration": 1,
    "pid": 17248,
    "index": 58
  },
  {
    "name": "Require(49) node_modules/egg-static/app.js",
    "start": 1651911852505,
    "end": 1651911852506,
    "duration": 1,
    "pid": 17248,
    "index": 59
  },
  {
    "name": "Require(50) node_modules/egg-sequelize/app.js",
    "start": 1651911852506,
    "end": 1651911852507,
    "duration": 1,
    "pid": 17248,
    "index": 60
  },
  {
    "name": "Require(51) node_modules/egg-cors/app.js",
    "start": 1651911852508,
    "end": 1651911852509,
    "duration": 1,
    "pid": 17248,
    "index": 61
  },
  {
    "name": "Require(52) node_modules/egg-jwt/app.js",
    "start": 1651911852510,
    "end": 1651911852510,
    "duration": 0,
    "pid": 17248,
    "index": 62
  },
  {
    "name": "Require(53) node_modules/egg-socket.io/app.js",
    "start": 1651911852511,
    "end": 1651911852590,
    "duration": 79,
    "pid": 17248,
    "index": 63
  },
  {
    "name": "Before Start in node_modules/egg-watcher/lib/init.js:15:14",
    "start": 1651911852609,
    "end": 1651911853588,
    "duration": 979,
    "pid": 17248,
    "index": 64
  },
  {
    "name": "Load \"Symbol(model)\" to Application",
    "start": 1651911853233,
    "end": 1651911853273,
    "duration": 40,
    "pid": 17248,
    "index": 65
  },
  {
    "name": "Before Start in node_modules/egg-sequelize/lib/loader.js:39:7",
    "start": 1651911853273,
    "end": 1651911853618,
    "duration": 345,
    "pid": 17248,
    "index": 66
  },
  {
    "name": "Load Controller",
    "start": 1651911853289,
    "end": 1651911853476,
    "duration": 187,
    "pid": 17248,
    "index": 67
  },
  {
    "name": "Load \"controller\" to Application",
    "start": 1651911853289,
    "end": 1651911853477,
    "duration": 188,
    "pid": 17248,
    "index": 68
  },
  {
    "name": "Before Start in node_modules/egg-socket.io/lib/io.js:26:7",
    "start": 1651911853300,
    "end": 1651911853546,
    "duration": 246,
    "pid": 17248,
    "index": 69
  },
  {
    "name": "Load Service",
    "start": 1651911853300,
    "end": 1651911853324,
    "duration": 24,
    "pid": 17248,
    "index": 70
  },
  {
    "name": "Load \"service\" to Context",
    "start": 1651911853301,
    "end": 1651911853324,
    "duration": 23,
    "pid": 17248,
    "index": 71
  },
  {
    "name": "Load Middleware",
    "start": 1651911853324,
    "end": 1651911853476,
    "duration": 152,
    "pid": 17248,
    "index": 72
  },
  {
    "name": "Load \"middlewares\" to Application",
    "start": 1651911853324,
    "end": 1651911853454,
    "duration": 130,
    "pid": 17248,
    "index": 73
  },
  {
    "name": "Load Controller",
    "start": 1651911853476,
    "end": 1651911853490,
    "duration": 14,
    "pid": 17248,
    "index": 74
  },
  {
    "name": "Load \"controller\" to Application",
    "start": 1651911853477,
    "end": 1651911853490,
    "duration": 13,
    "pid": 17248,
    "index": 75
  },
  {
    "name": "Load Router",
    "start": 1651911853490,
    "end": 1651911853495,
    "duration": 5,
    "pid": 17248,
    "index": 76
  },
  {
    "name": "Require(54) app/router.js",
    "start": 1651911853491,
    "end": 1651911853491,
    "duration": 0,
    "pid": 17248,
    "index": 77
  },
  {
    "name": "Before Start in node_modules/egg-core/lib/egg.js:303:10",
    "start": 1651911853492,
    "end": 1651911853542,
    "duration": 50,
    "pid": 17248,
    "index": 78
  }
]