[
  {
    "name": "Process Start",
    "start": 1651915140372,
    "end": 1651915142262,
    "duration": 1890,
    "pid": 5172,
    "index": 0
  },
  {
    "name": "Application Start",
    "start": 1651915142263,
    "end": 1651915143710,
    "duration": 1447,
    "pid": 5172,
    "index": 1
  },
  {
    "name": "Load Plugin",
    "start": 1651915142271,
    "end": 1651915142304,
    "duration": 33,
    "pid": 5172,
    "index": 2
  },
  {
    "name": "Load Config",
    "start": 1651915142304,
    "end": 1651915142345,
    "duration": 41,
    "pid": 5172,
    "index": 3
  },
  {
    "name": "Require(0) config/config.default.js",
    "start": 1651915142305,
    "end": 1651915142306,
    "duration": 1,
    "pid": 5172,
    "index": 4
  },
  {
    "name": "Require(1) node_modules/egg-session/config/config.default.js",
    "start": 1651915142309,
    "end": 1651915142310,
    "duration": 1,
    "pid": 5172,
    "index": 5
  },
  {
    "name": "Require(2) node_modules/egg-security/config/config.default.js",
    "start": 1651915142310,
    "end": 1651915142311,
    "duration": 1,
    "pid": 5172,
    "index": 6
  },
  {
    "name": "Require(3) node_modules/egg-jsonp/config/config.default.js",
    "start": 1651915142313,
    "end": 1651915142313,
    "duration": 0,
    "pid": 5172,
    "index": 7
  },
  {
    "name": "Require(4) node_modules/egg-onerror/config/config.default.js",
    "start": 1651915142314,
    "end": 1651915142315,
    "duration": 1,
    "pid": 5172,
    "index": 8
  },
  {
    "name": "Require(5) node_modules/egg-i18n/config/config.default.js",
    "start": 1651915142315,
    "end": 1651915142316,
    "duration": 1,
    "pid": 5172,
    "index": 9
  },
  {
    "name": "Require(6) node_modules/egg-watcher/config/config.default.js",
    "start": 1651915142317,
    "end": 1651915142317,
    "duration": 0,
    "pid": 5172,
    "index": 10
  },
  {
    "name": "Require(7) node_modules/egg-schedule/config/config.default.js",
    "start": 1651915142318,
    "end": 1651915142318,
    "duration": 0,
    "pid": 5172,
    "index": 11
  },
  {
    "name": "Require(8) node_modules/egg-multipart/config/config.default.js",
    "start": 1651915142319,
    "end": 1651915142320,
    "duration": 1,
    "pid": 5172,
    "index": 12
  },
  {
    "name": "Require(9) node_modules/egg-development/config/config.default.js",
    "start": 1651915142321,
    "end": 1651915142322,
    "duration": 1,
    "pid": 5172,
    "index": 13
  },
  {
    "name": "Require(10) node_modules/egg-logrotator/config/config.default.js",
    "start": 1651915142323,
    "end": 1651915142323,
    "duration": 0,
    "pid": 5172,
    "index": 14
  },
  {
    "name": "Require(11) node_modules/egg-static/config/config.default.js",
    "start": 1651915142324,
    "end": 1651915142325,
    "duration": 1,
    "pid": 5172,
    "index": 15
  },
  {
    "name": "Require(12) node_modules/egg-view/config/config.default.js",
    "start": 1651915142325,
    "end": 1651915142326,
    "duration": 1,
    "pid": 5172,
    "index": 16
  },
  {
    "name": "Require(13) node_modules/egg-sequelize/config/config.default.js",
    "start": 1651915142327,
    "end": 1651915142327,
    "duration": 0,
    "pid": 5172,
    "index": 17
  },
  {
    "name": "Require(14) node_modules/egg-cors/config/config.default.js",
    "start": 1651915142328,
    "end": 1651915142329,
    "duration": 1,
    "pid": 5172,
    "index": 18
  },
  {
    "name": "Require(15) node_modules/egg-jwt/config/config.default.js",
    "start": 1651915142329,
    "end": 1651915142330,
    "duration": 1,
    "pid": 5172,
    "index": 19
  },
  {
    "name": "Require(16) node_modules/egg-socket.io/config/config.default.js",
    "start": 1651915142331,
    "end": 1651915142332,
    "duration": 1,
    "pid": 5172,
    "index": 20
  },
  {
    "name": "Require(17) node_modules/egg/config/config.default.js",
    "start": 1651915142333,
    "end": 1651915142334,
    "duration": 1,
    "pid": 5172,
    "index": 21
  },
  {
    "name": "Require(18) config/config.default.js",
    "start": 1651915142336,
    "end": 1651915142336,
    "duration": 0,
    "pid": 5172,
    "index": 22
  },
  {
    "name": "Require(19) node_modules/egg-security/config/config.local.js",
    "start": 1651915142339,
    "end": 1651915142340,
    "duration": 1,
    "pid": 5172,
    "index": 23
  },
  {
    "name": "Require(20) node_modules/egg-watcher/config/config.local.js",
    "start": 1651915142341,
    "end": 1651915142341,
    "duration": 0,
    "pid": 5172,
    "index": 24
  },
  {
    "name": "Require(21) node_modules/egg-view/config/config.local.js",
    "start": 1651915142342,
    "end": 1651915142343,
    "duration": 1,
    "pid": 5172,
    "index": 25
  },
  {
    "name": "Require(22) node_modules/egg/config/config.local.js",
    "start": 1651915142344,
    "end": 1651915142344,
    "duration": 0,
    "pid": 5172,
    "index": 26
  },
  {
    "name": "Load extend/application.js",
    "start": 1651915142347,
    "end": 1651915142493,
    "duration": 146,
    "pid": 5172,
    "index": 27
  },
  {
    "name": "Require(23) node_modules/egg-session/app/extend/application.js",
    "start": 1651915142348,
    "end": 1651915142349,
    "duration": 1,
    "pid": 5172,
    "index": 28
  },
  {
    "name": "Require(24) node_modules/egg-security/app/extend/application.js",
    "start": 1651915142350,
    "end": 1651915142351,
    "duration": 1,
    "pid": 5172,
    "index": 29
  },
  {
    "name": "Require(25) node_modules/egg-jsonp/app/extend/application.js",
    "start": 1651915142352,
    "end": 1651915142354,
    "duration": 2,
    "pid": 5172,
    "index": 30
  },
  {
    "name": "Require(26) node_modules/egg-logrotator/app/extend/application.js",
    "start": 1651915142356,
    "end": 1651915142358,
    "duration": 2,
    "pid": 5172,
    "index": 31
  },
  {
    "name": "Require(27) node_modules/egg-view/app/extend/application.js",
    "start": 1651915142359,
    "end": 1651915142361,
    "duration": 2,
    "pid": 5172,
    "index": 32
  },
  {
    "name": "Require(28) node_modules/egg-jwt/app/extend/application.js",
    "start": 1651915142362,
    "end": 1651915142423,
    "duration": 61,
    "pid": 5172,
    "index": 33
  },
  {
    "name": "Require(29) node_modules/egg-socket.io/app/extend/application.js",
    "start": 1651915142424,
    "end": 1651915142488,
    "duration": 64,
    "pid": 5172,
    "index": 34
  },
  {
    "name": "Load extend/request.js",
    "start": 1651915142493,
    "end": 1651915142502,
    "duration": 9,
    "pid": 5172,
    "index": 35
  },
  {
    "name": "Require(30) node_modules/egg/app/extend/request.js",
    "start": 1651915142497,
    "end": 1651915142498,
    "duration": 1,
    "pid": 5172,
    "index": 36
  },
  {
    "name": "Load extend/response.js",
    "start": 1651915142502,
    "end": 1651915142512,
    "duration": 10,
    "pid": 5172,
    "index": 37
  },
  {
    "name": "Require(31) node_modules/egg/app/extend/response.js",
    "start": 1651915142507,
    "end": 1651915142509,
    "duration": 2,
    "pid": 5172,
    "index": 38
  },
  {
    "name": "Load extend/context.js",
    "start": 1651915142512,
    "end": 1651915142615,
    "duration": 103,
    "pid": 5172,
    "index": 39
  },
  {
    "name": "Require(32) node_modules/egg-security/app/extend/context.js",
    "start": 1651915142513,
    "end": 1651915142525,
    "duration": 12,
    "pid": 5172,
    "index": 40
  },
  {
    "name": "Require(33) node_modules/egg-jsonp/app/extend/context.js",
    "start": 1651915142526,
    "end": 1651915142528,
    "duration": 2,
    "pid": 5172,
    "index": 41
  },
  {
    "name": "Require(34) node_modules/egg-i18n/app/extend/context.js",
    "start": 1651915142528,
    "end": 1651915142529,
    "duration": 1,
    "pid": 5172,
    "index": 42
  },
  {
    "name": "Require(35) node_modules/egg-multipart/app/extend/context.js",
    "start": 1651915142530,
    "end": 1651915142605,
    "duration": 75,
    "pid": 5172,
    "index": 43
  },
  {
    "name": "Require(36) node_modules/egg-view/app/extend/context.js",
    "start": 1651915142606,
    "end": 1651915142608,
    "duration": 2,
    "pid": 5172,
    "index": 44
  },
  {
    "name": "Require(37) node_modules/egg/app/extend/context.js",
    "start": 1651915142609,
    "end": 1651915142611,
    "duration": 2,
    "pid": 5172,
    "index": 45
  },
  {
    "name": "Load extend/helper.js",
    "start": 1651915142616,
    "end": 1651915142656,
    "duration": 40,
    "pid": 5172,
    "index": 46
  },
  {
    "name": "Require(38) node_modules/egg-security/app/extend/helper.js",
    "start": 1651915142617,
    "end": 1651915142646,
    "duration": 29,
    "pid": 5172,
    "index": 47
  },
  {
    "name": "Require(39) node_modules/egg/app/extend/helper.js",
    "start": 1651915142650,
    "end": 1651915142650,
    "duration": 0,
    "pid": 5172,
    "index": 48
  },
  {
    "name": "Load app.js",
    "start": 1651915142656,
    "end": 1651915142790,
    "duration": 134,
    "pid": 5172,
    "index": 49
  },
  {
    "name": "Require(40) node_modules/egg-session/app.js",
    "start": 1651915142657,
    "end": 1651915142657,
    "duration": 0,
    "pid": 5172,
    "index": 50
  },
  {
    "name": "Require(41) node_modules/egg-security/app.js",
    "start": 1651915142658,
    "end": 1651915142660,
    "duration": 2,
    "pid": 5172,
    "index": 51
  },
  {
    "name": "Require(42) node_modules/egg-onerror/app.js",
    "start": 1651915142661,
    "end": 1651915142673,
    "duration": 12,
    "pid": 5172,
    "index": 52
  },
  {
    "name": "Require(43) node_modules/egg-i18n/app.js",
    "start": 1651915142674,
    "end": 1651915142700,
    "duration": 26,
    "pid": 5172,
    "index": 53
  },
  {
    "name": "Require(44) node_modules/egg-watcher/app.js",
    "start": 1651915142701,
    "end": 1651915142707,
    "duration": 6,
    "pid": 5172,
    "index": 54
  },
  {
    "name": "Require(45) node_modules/egg-schedule/app.js",
    "start": 1651915142707,
    "end": 1651915142709,
    "duration": 2,
    "pid": 5172,
    "index": 55
  },
  {
    "name": "Require(46) node_modules/egg-multipart/app.js",
    "start": 1651915142710,
    "end": 1651915142711,
    "duration": 1,
    "pid": 5172,
    "index": 56
  },
  {
    "name": "Require(47) node_modules/egg-development/app.js",
    "start": 1651915142711,
    "end": 1651915142712,
    "duration": 1,
    "pid": 5172,
    "index": 57
  },
  {
    "name": "Require(48) node_modules/egg-logrotator/app.js",
    "start": 1651915142713,
    "end": 1651915142713,
    "duration": 0,
    "pid": 5172,
    "index": 58
  },
  {
    "name": "Require(49) node_modules/egg-static/app.js",
    "start": 1651915142714,
    "end": 1651915142714,
    "duration": 0,
    "pid": 5172,
    "index": 59
  },
  {
    "name": "Require(50) node_modules/egg-sequelize/app.js",
    "start": 1651915142715,
    "end": 1651915142716,
    "duration": 1,
    "pid": 5172,
    "index": 60
  },
  {
    "name": "Require(51) node_modules/egg-cors/app.js",
    "start": 1651915142716,
    "end": 1651915142717,
    "duration": 1,
    "pid": 5172,
    "index": 61
  },
  {
    "name": "Require(52) node_modules/egg-jwt/app.js",
    "start": 1651915142717,
    "end": 1651915142718,
    "duration": 1,
    "pid": 5172,
    "index": 62
  },
  {
    "name": "Require(53) node_modules/egg-socket.io/app.js",
    "start": 1651915142718,
    "end": 1651915142789,
    "duration": 71,
    "pid": 5172,
    "index": 63
  },
  {
    "name": "Before Start in node_modules/egg-watcher/lib/init.js:15:14",
    "start": 1651915142807,
    "end": 1651915143673,
    "duration": 866,
    "pid": 5172,
    "index": 64
  },
  {
    "name": "Load \"Symbol(model)\" to Application",
    "start": 1651915143372,
    "end": 1651915143402,
    "duration": 30,
    "pid": 5172,
    "index": 65
  },
  {
    "name": "Before Start in node_modules/egg-sequelize/lib/loader.js:39:7",
    "start": 1651915143402,
    "end": 1651915143697,
    "duration": 295,
    "pid": 5172,
    "index": 66
  },
  {
    "name": "Load Controller",
    "start": 1651915143424,
    "end": 1651915143571,
    "duration": 147,
    "pid": 5172,
    "index": 67
  },
  {
    "name": "Load \"controller\" to Application",
    "start": 1651915143424,
    "end": 1651915143571,
    "duration": 147,
    "pid": 5172,
    "index": 68
  },
  {
    "name": "Before Start in node_modules/egg-socket.io/lib/io.js:26:7",
    "start": 1651915143431,
    "end": 1651915143629,
    "duration": 198,
    "pid": 5172,
    "index": 69
  },
  {
    "name": "Load Service",
    "start": 1651915143431,
    "end": 1651915143452,
    "duration": 21,
    "pid": 5172,
    "index": 70
  },
  {
    "name": "Load \"service\" to Context",
    "start": 1651915143431,
    "end": 1651915143452,
    "duration": 21,
    "pid": 5172,
    "index": 71
  },
  {
    "name": "Load Middleware",
    "start": 1651915143452,
    "end": 1651915143571,
    "duration": 119,
    "pid": 5172,
    "index": 72
  },
  {
    "name": "Load \"middlewares\" to Application",
    "start": 1651915143452,
    "end": 1651915143554,
    "duration": 102,
    "pid": 5172,
    "index": 73
  },
  {
    "name": "Load Controller",
    "start": 1651915143571,
    "end": 1651915143581,
    "duration": 10,
    "pid": 5172,
    "index": 74
  },
  {
    "name": "Load \"controller\" to Application",
    "start": 1651915143571,
    "end": 1651915143581,
    "duration": 10,
    "pid": 5172,
    "index": 75
  },
  {
    "name": "Load Router",
    "start": 1651915143581,
    "end": 1651915143585,
    "duration": 4,
    "pid": 5172,
    "index": 76
  },
  {
    "name": "Require(54) app/router.js",
    "start": 1651915143581,
    "end": 1651915143582,
    "duration": 1,
    "pid": 5172,
    "index": 77
  },
  {
    "name": "Before Start in node_modules/egg-core/lib/egg.js:303:10",
    "start": 1651915143582,
    "end": 1651915143623,
    "duration": 41,
    "pid": 5172,
    "index": 78
  }
]