[
  {
    "name": "Process Start",
    "start": 1651894847747,
    "end": 1651894849255,
    "duration": 1508,
    "pid": 9172,
    "index": 0
  },
  {
    "name": "Application Start",
    "start": 1651894849256,
    "end": 1651894850569,
    "duration": 1313,
    "pid": 9172,
    "index": 1
  },
  {
    "name": "Load Plugin",
    "start": 1651894849264,
    "end": 1651894849290,
    "duration": 26,
    "pid": 9172,
    "index": 2
  },
  {
    "name": "Load Config",
    "start": 1651894849290,
    "end": 1651894849329,
    "duration": 39,
    "pid": 9172,
    "index": 3
  },
  {
    "name": "Require(0) config/config.default.js",
    "start": 1651894849291,
    "end": 1651894849292,
    "duration": 1,
    "pid": 9172,
    "index": 4
  },
  {
    "name": "Require(1) node_modules/egg-session/config/config.default.js",
    "start": 1651894849294,
    "end": 1651894849295,
    "duration": 1,
    "pid": 9172,
    "index": 5
  },
  {
    "name": "Require(2) node_modules/egg-security/config/config.default.js",
    "start": 1651894849295,
    "end": 1651894849296,
    "duration": 1,
    "pid": 9172,
    "index": 6
  },
  {
    "name": "Require(3) node_modules/egg-jsonp/config/config.default.js",
    "start": 1651894849298,
    "end": 1651894849298,
    "duration": 0,
    "pid": 9172,
    "index": 7
  },
  {
    "name": "Require(4) node_modules/egg-onerror/config/config.default.js",
    "start": 1651894849299,
    "end": 1651894849299,
    "duration": 0,
    "pid": 9172,
    "index": 8
  },
  {
    "name": "Require(5) node_modules/egg-i18n/config/config.default.js",
    "start": 1651894849300,
    "end": 1651894849300,
    "duration": 0,
    "pid": 9172,
    "index": 9
  },
  {
    "name": "Require(6) node_modules/egg-watcher/config/config.default.js",
    "start": 1651894849301,
    "end": 1651894849301,
    "duration": 0,
    "pid": 9172,
    "index": 10
  },
  {
    "name": "Require(7) node_modules/egg-schedule/config/config.default.js",
    "start": 1651894849302,
    "end": 1651894849302,
    "duration": 0,
    "pid": 9172,
    "index": 11
  },
  {
    "name": "Require(8) node_modules/egg-multipart/config/config.default.js",
    "start": 1651894849303,
    "end": 1651894849304,
    "duration": 1,
    "pid": 9172,
    "index": 12
  },
  {
    "name": "Require(9) node_modules/egg-development/config/config.default.js",
    "start": 1651894849304,
    "end": 1651894849306,
    "duration": 2,
    "pid": 9172,
    "index": 13
  },
  {
    "name": "Require(10) node_modules/egg-logrotator/config/config.default.js",
    "start": 1651894849307,
    "end": 1651894849307,
    "duration": 0,
    "pid": 9172,
    "index": 14
  },
  {
    "name": "Require(11) node_modules/egg-static/config/config.default.js",
    "start": 1651894849308,
    "end": 1651894849309,
    "duration": 1,
    "pid": 9172,
    "index": 15
  },
  {
    "name": "Require(12) node_modules/egg-view/config/config.default.js",
    "start": 1651894849310,
    "end": 1651894849310,
    "duration": 0,
    "pid": 9172,
    "index": 16
  },
  {
    "name": "Require(13) node_modules/egg-sequelize/config/config.default.js",
    "start": 1651894849311,
    "end": 1651894849311,
    "duration": 0,
    "pid": 9172,
    "index": 17
  },
  {
    "name": "Require(14) node_modules/egg-cors/config/config.default.js",
    "start": 1651894849312,
    "end": 1651894849313,
    "duration": 1,
    "pid": 9172,
    "index": 18
  },
  {
    "name": "Require(15) node_modules/egg-jwt/config/config.default.js",
    "start": 1651894849314,
    "end": 1651894849314,
    "duration": 0,
    "pid": 9172,
    "index": 19
  },
  {
    "name": "Require(16) node_modules/egg-socket.io/config/config.default.js",
    "start": 1651894849315,
    "end": 1651894849316,
    "duration": 1,
    "pid": 9172,
    "index": 20
  },
  {
    "name": "Require(17) node_modules/egg/config/config.default.js",
    "start": 1651894849316,
    "end": 1651894849317,
    "duration": 1,
    "pid": 9172,
    "index": 21
  },
  {
    "name": "Require(18) config/config.default.js",
    "start": 1651894849319,
    "end": 1651894849319,
    "duration": 0,
    "pid": 9172,
    "index": 22
  },
  {
    "name": "Require(19) node_modules/egg-security/config/config.local.js",
    "start": 1651894849322,
    "end": 1651894849322,
    "duration": 0,
    "pid": 9172,
    "index": 23
  },
  {
    "name": "Require(20) node_modules/egg-watcher/config/config.local.js",
    "start": 1651894849324,
    "end": 1651894849324,
    "duration": 0,
    "pid": 9172,
    "index": 24
  },
  {
    "name": "Require(21) node_modules/egg-view/config/config.local.js",
    "start": 1651894849326,
    "end": 1651894849327,
    "duration": 1,
    "pid": 9172,
    "index": 25
  },
  {
    "name": "Require(22) node_modules/egg/config/config.local.js",
    "start": 1651894849328,
    "end": 1651894849328,
    "duration": 0,
    "pid": 9172,
    "index": 26
  },
  {
    "name": "Load extend/application.js",
    "start": 1651894849330,
    "end": 1651894849466,
    "duration": 136,
    "pid": 9172,
    "index": 27
  },
  {
    "name": "Require(23) node_modules/egg-session/app/extend/application.js",
    "start": 1651894849331,
    "end": 1651894849332,
    "duration": 1,
    "pid": 9172,
    "index": 28
  },
  {
    "name": "Require(24) node_modules/egg-security/app/extend/application.js",
    "start": 1651894849332,
    "end": 1651894849334,
    "duration": 2,
    "pid": 9172,
    "index": 29
  },
  {
    "name": "Require(25) node_modules/egg-jsonp/app/extend/application.js",
    "start": 1651894849334,
    "end": 1651894849336,
    "duration": 2,
    "pid": 9172,
    "index": 30
  },
  {
    "name": "Require(26) node_modules/egg-logrotator/app/extend/application.js",
    "start": 1651894849338,
    "end": 1651894849340,
    "duration": 2,
    "pid": 9172,
    "index": 31
  },
  {
    "name": "Require(27) node_modules/egg-view/app/extend/application.js",
    "start": 1651894849340,
    "end": 1651894849343,
    "duration": 3,
    "pid": 9172,
    "index": 32
  },
  {
    "name": "Require(28) node_modules/egg-jwt/app/extend/application.js",
    "start": 1651894849344,
    "end": 1651894849398,
    "duration": 54,
    "pid": 9172,
    "index": 33
  },
  {
    "name": "Require(29) node_modules/egg-socket.io/app/extend/application.js",
    "start": 1651894849398,
    "end": 1651894849462,
    "duration": 64,
    "pid": 9172,
    "index": 34
  },
  {
    "name": "Load extend/request.js",
    "start": 1651894849466,
    "end": 1651894849474,
    "duration": 8,
    "pid": 9172,
    "index": 35
  },
  {
    "name": "Require(30) node_modules/egg/app/extend/request.js",
    "start": 1651894849469,
    "end": 1651894849470,
    "duration": 1,
    "pid": 9172,
    "index": 36
  },
  {
    "name": "Load extend/response.js",
    "start": 1651894849474,
    "end": 1651894849482,
    "duration": 8,
    "pid": 9172,
    "index": 37
  },
  {
    "name": "Require(31) node_modules/egg/app/extend/response.js",
    "start": 1651894849477,
    "end": 1651894849478,
    "duration": 1,
    "pid": 9172,
    "index": 38
  },
  {
    "name": "Load extend/context.js",
    "start": 1651894849482,
    "end": 1651894849569,
    "duration": 87,
    "pid": 9172,
    "index": 39
  },
  {
    "name": "Require(32) node_modules/egg-security/app/extend/context.js",
    "start": 1651894849482,
    "end": 1651894849491,
    "duration": 9,
    "pid": 9172,
    "index": 40
  },
  {
    "name": "Require(33) node_modules/egg-jsonp/app/extend/context.js",
    "start": 1651894849492,
    "end": 1651894849493,
    "duration": 1,
    "pid": 9172,
    "index": 41
  },
  {
    "name": "Require(34) node_modules/egg-i18n/app/extend/context.js",
    "start": 1651894849494,
    "end": 1651894849495,
    "duration": 1,
    "pid": 9172,
    "index": 42
  },
  {
    "name": "Require(35) node_modules/egg-multipart/app/extend/context.js",
    "start": 1651894849497,
    "end": 1651894849560,
    "duration": 63,
    "pid": 9172,
    "index": 43
  },
  {
    "name": "Require(36) node_modules/egg-view/app/extend/context.js",
    "start": 1651894849561,
    "end": 1651894849562,
    "duration": 1,
    "pid": 9172,
    "index": 44
  },
  {
    "name": "Require(37) node_modules/egg/app/extend/context.js",
    "start": 1651894849564,
    "end": 1651894849565,
    "duration": 1,
    "pid": 9172,
    "index": 45
  },
  {
    "name": "Load extend/helper.js",
    "start": 1651894849569,
    "end": 1651894849598,
    "duration": 29,
    "pid": 9172,
    "index": 46
  },
  {
    "name": "Require(38) node_modules/egg-security/app/extend/helper.js",
    "start": 1651894849570,
    "end": 1651894849591,
    "duration": 21,
    "pid": 9172,
    "index": 47
  },
  {
    "name": "Require(39) node_modules/egg/app/extend/helper.js",
    "start": 1651894849594,
    "end": 1651894849594,
    "duration": 0,
    "pid": 9172,
    "index": 48
  },
  {
    "name": "Load app.js",
    "start": 1651894849598,
    "end": 1651894849718,
    "duration": 120,
    "pid": 9172,
    "index": 49
  },
  {
    "name": "Require(40) node_modules/egg-session/app.js",
    "start": 1651894849598,
    "end": 1651894849599,
    "duration": 1,
    "pid": 9172,
    "index": 50
  },
  {
    "name": "Require(41) node_modules/egg-security/app.js",
    "start": 1651894849599,
    "end": 1651894849600,
    "duration": 1,
    "pid": 9172,
    "index": 51
  },
  {
    "name": "Require(42) node_modules/egg-onerror/app.js",
    "start": 1651894849601,
    "end": 1651894849612,
    "duration": 11,
    "pid": 9172,
    "index": 52
  },
  {
    "name": "Require(43) node_modules/egg-i18n/app.js",
    "start": 1651894849613,
    "end": 1651894849640,
    "duration": 27,
    "pid": 9172,
    "index": 53
  },
  {
    "name": "Require(44) node_modules/egg-watcher/app.js",
    "start": 1651894849640,
    "end": 1651894849646,
    "duration": 6,
    "pid": 9172,
    "index": 54
  },
  {
    "name": "Require(45) node_modules/egg-schedule/app.js",
    "start": 1651894849647,
    "end": 1651894849649,
    "duration": 2,
    "pid": 9172,
    "index": 55
  },
  {
    "name": "Require(46) node_modules/egg-multipart/app.js",
    "start": 1651894849650,
    "end": 1651894849650,
    "duration": 0,
    "pid": 9172,
    "index": 56
  },
  {
    "name": "Require(47) node_modules/egg-development/app.js",
    "start": 1651894849651,
    "end": 1651894849651,
    "duration": 0,
    "pid": 9172,
    "index": 57
  },
  {
    "name": "Require(48) node_modules/egg-logrotator/app.js",
    "start": 1651894849652,
    "end": 1651894849653,
    "duration": 1,
    "pid": 9172,
    "index": 58
  },
  {
    "name": "Require(49) node_modules/egg-static/app.js",
    "start": 1651894849653,
    "end": 1651894849654,
    "duration": 1,
    "pid": 9172,
    "index": 59
  },
  {
    "name": "Require(50) node_modules/egg-sequelize/app.js",
    "start": 1651894849655,
    "end": 1651894849655,
    "duration": 0,
    "pid": 9172,
    "index": 60
  },
  {
    "name": "Require(51) node_modules/egg-cors/app.js",
    "start": 1651894849656,
    "end": 1651894849656,
    "duration": 0,
    "pid": 9172,
    "index": 61
  },
  {
    "name": "Require(52) node_modules/egg-jwt/app.js",
    "start": 1651894849657,
    "end": 1651894849657,
    "duration": 0,
    "pid": 9172,
    "index": 62
  },
  {
    "name": "Require(53) node_modules/egg-socket.io/app.js",
    "start": 1651894849658,
    "end": 1651894849717,
    "duration": 59,
    "pid": 9172,
    "index": 63
  },
  {
    "name": "Before Start in node_modules/egg-watcher/lib/init.js:15:14",
    "start": 1651894849733,
    "end": 1651894850526,
    "duration": 793,
    "pid": 9172,
    "index": 64
  },
  {
    "name": "Load \"Symbol(model)\" to Application",
    "start": 1651894850244,
    "end": 1651894850271,
    "duration": 27,
    "pid": 9172,
    "index": 65
  },
  {
    "name": "Before Start in node_modules/egg-sequelize/lib/loader.js:39:7",
    "start": 1651894850271,
    "end": 1651894850556,
    "duration": 285,
    "pid": 9172,
    "index": 66
  },
  {
    "name": "Load Controller",
    "start": 1651894850285,
    "end": 1651894850410,
    "duration": 125,
    "pid": 9172,
    "index": 67
  },
  {
    "name": "Load \"controller\" to Application",
    "start": 1651894850286,
    "end": 1651894850410,
    "duration": 124,
    "pid": 9172,
    "index": 68
  },
  {
    "name": "Before Start in node_modules/egg-socket.io/lib/io.js:26:7",
    "start": 1651894850293,
    "end": 1651894850474,
    "duration": 181,
    "pid": 9172,
    "index": 69
  },
  {
    "name": "Load Service",
    "start": 1651894850294,
    "end": 1651894850312,
    "duration": 18,
    "pid": 9172,
    "index": 70
  },
  {
    "name": "Load \"service\" to Context",
    "start": 1651894850294,
    "end": 1651894850312,
    "duration": 18,
    "pid": 9172,
    "index": 71
  },
  {
    "name": "Load Middleware",
    "start": 1651894850312,
    "end": 1651894850410,
    "duration": 98,
    "pid": 9172,
    "index": 72
  },
  {
    "name": "Load \"middlewares\" to Application",
    "start": 1651894850312,
    "end": 1651894850393,
    "duration": 81,
    "pid": 9172,
    "index": 73
  },
  {
    "name": "Load Controller",
    "start": 1651894850410,
    "end": 1651894850421,
    "duration": 11,
    "pid": 9172,
    "index": 74
  },
  {
    "name": "Load \"controller\" to Application",
    "start": 1651894850410,
    "end": 1651894850421,
    "duration": 11,
    "pid": 9172,
    "index": 75
  },
  {
    "name": "Load Router",
    "start": 1651894850421,
    "end": 1651894850426,
    "duration": 5,
    "pid": 9172,
    "index": 76
  },
  {
    "name": "Require(54) app/router.js",
    "start": 1651894850421,
    "end": 1651894850422,
    "duration": 1,
    "pid": 9172,
    "index": 77
  },
  {
    "name": "Before Start in node_modules/egg-core/lib/egg.js:303:10",
    "start": 1651894850422,
    "end": 1651894850469,
    "duration": 47,
    "pid": 9172,
    "index": 78
  }
]