[
  {
    "name": "Process Start",
    "start": 1651915500954,
    "end": 1651915502689,
    "duration": 1735,
    "pid": 13272,
    "index": 0
  },
  {
    "name": "Application Start",
    "start": 1651915502690,
    "end": 1651915504191,
    "duration": 1501,
    "pid": 13272,
    "index": 1
  },
  {
    "name": "Load Plugin",
    "start": 1651915502698,
    "end": 1651915502732,
    "duration": 34,
    "pid": 13272,
    "index": 2
  },
  {
    "name": "Load Config",
    "start": 1651915502733,
    "end": 1651915502788,
    "duration": 55,
    "pid": 13272,
    "index": 3
  },
  {
    "name": "Require(0) config/config.default.js",
    "start": 1651915502734,
    "end": 1651915502735,
    "duration": 1,
    "pid": 13272,
    "index": 4
  },
  {
    "name": "Require(1) node_modules/egg-session/config/config.default.js",
    "start": 1651915502740,
    "end": 1651915502741,
    "duration": 1,
    "pid": 13272,
    "index": 5
  },
  {
    "name": "Require(2) node_modules/egg-security/config/config.default.js",
    "start": 1651915502741,
    "end": 1651915502742,
    "duration": 1,
    "pid": 13272,
    "index": 6
  },
  {
    "name": "Require(3) node_modules/egg-jsonp/config/config.default.js",
    "start": 1651915502744,
    "end": 1651915502745,
    "duration": 1,
    "pid": 13272,
    "index": 7
  },
  {
    "name": "Require(4) node_modules/egg-onerror/config/config.default.js",
    "start": 1651915502746,
    "end": 1651915502746,
    "duration": 0,
    "pid": 13272,
    "index": 8
  },
  {
    "name": "Require(5) node_modules/egg-i18n/config/config.default.js",
    "start": 1651915502747,
    "end": 1651915502747,
    "duration": 0,
    "pid": 13272,
    "index": 9
  },
  {
    "name": "Require(6) node_modules/egg-watcher/config/config.default.js",
    "start": 1651915502748,
    "end": 1651915502750,
    "duration": 2,
    "pid": 13272,
    "index": 10
  },
  {
    "name": "Require(7) node_modules/egg-schedule/config/config.default.js",
    "start": 1651915502750,
    "end": 1651915502751,
    "duration": 1,
    "pid": 13272,
    "index": 11
  },
  {
    "name": "Require(8) node_modules/egg-multipart/config/config.default.js",
    "start": 1651915502752,
    "end": 1651915502754,
    "duration": 2,
    "pid": 13272,
    "index": 12
  },
  {
    "name": "Require(9) node_modules/egg-development/config/config.default.js",
    "start": 1651915502755,
    "end": 1651915502756,
    "duration": 1,
    "pid": 13272,
    "index": 13
  },
  {
    "name": "Require(10) node_modules/egg-logrotator/config/config.default.js",
    "start": 1651915502757,
    "end": 1651915502758,
    "duration": 1,
    "pid": 13272,
    "index": 14
  },
  {
    "name": "Require(11) node_modules/egg-static/config/config.default.js",
    "start": 1651915502759,
    "end": 1651915502760,
    "duration": 1,
    "pid": 13272,
    "index": 15
  },
  {
    "name": "Require(12) node_modules/egg-view/config/config.default.js",
    "start": 1651915502761,
    "end": 1651915502762,
    "duration": 1,
    "pid": 13272,
    "index": 16
  },
  {
    "name": "Require(13) node_modules/egg-sequelize/config/config.default.js",
    "start": 1651915502763,
    "end": 1651915502763,
    "duration": 0,
    "pid": 13272,
    "index": 17
  },
  {
    "name": "Require(14) node_modules/egg-cors/config/config.default.js",
    "start": 1651915502764,
    "end": 1651915502765,
    "duration": 1,
    "pid": 13272,
    "index": 18
  },
  {
    "name": "Require(15) node_modules/egg-jwt/config/config.default.js",
    "start": 1651915502765,
    "end": 1651915502766,
    "duration": 1,
    "pid": 13272,
    "index": 19
  },
  {
    "name": "Require(16) node_modules/egg-socket.io/config/config.default.js",
    "start": 1651915502767,
    "end": 1651915502767,
    "duration": 0,
    "pid": 13272,
    "index": 20
  },
  {
    "name": "Require(17) node_modules/egg/config/config.default.js",
    "start": 1651915502768,
    "end": 1651915502769,
    "duration": 1,
    "pid": 13272,
    "index": 21
  },
  {
    "name": "Require(18) config/config.default.js",
    "start": 1651915502772,
    "end": 1651915502772,
    "duration": 0,
    "pid": 13272,
    "index": 22
  },
  {
    "name": "Require(19) node_modules/egg-security/config/config.local.js",
    "start": 1651915502776,
    "end": 1651915502777,
    "duration": 1,
    "pid": 13272,
    "index": 23
  },
  {
    "name": "Require(20) node_modules/egg-watcher/config/config.local.js",
    "start": 1651915502779,
    "end": 1651915502779,
    "duration": 0,
    "pid": 13272,
    "index": 24
  },
  {
    "name": "Require(21) node_modules/egg-view/config/config.local.js",
    "start": 1651915502781,
    "end": 1651915502781,
    "duration": 0,
    "pid": 13272,
    "index": 25
  },
  {
    "name": "Require(22) node_modules/egg/config/config.local.js",
    "start": 1651915502787,
    "end": 1651915502788,
    "duration": 1,
    "pid": 13272,
    "index": 26
  },
  {
    "name": "Load extend/application.js",
    "start": 1651915502790,
    "end": 1651915502934,
    "duration": 144,
    "pid": 13272,
    "index": 27
  },
  {
    "name": "Require(23) node_modules/egg-session/app/extend/application.js",
    "start": 1651915502791,
    "end": 1651915502792,
    "duration": 1,
    "pid": 13272,
    "index": 28
  },
  {
    "name": "Require(24) node_modules/egg-security/app/extend/application.js",
    "start": 1651915502793,
    "end": 1651915502795,
    "duration": 2,
    "pid": 13272,
    "index": 29
  },
  {
    "name": "Require(25) node_modules/egg-jsonp/app/extend/application.js",
    "start": 1651915502796,
    "end": 1651915502797,
    "duration": 1,
    "pid": 13272,
    "index": 30
  },
  {
    "name": "Require(26) node_modules/egg-logrotator/app/extend/application.js",
    "start": 1651915502799,
    "end": 1651915502802,
    "duration": 3,
    "pid": 13272,
    "index": 31
  },
  {
    "name": "Require(27) node_modules/egg-view/app/extend/application.js",
    "start": 1651915502802,
    "end": 1651915502805,
    "duration": 3,
    "pid": 13272,
    "index": 32
  },
  {
    "name": "Require(28) node_modules/egg-jwt/app/extend/application.js",
    "start": 1651915502806,
    "end": 1651915502861,
    "duration": 55,
    "pid": 13272,
    "index": 33
  },
  {
    "name": "Require(29) node_modules/egg-socket.io/app/extend/application.js",
    "start": 1651915502862,
    "end": 1651915502928,
    "duration": 66,
    "pid": 13272,
    "index": 34
  },
  {
    "name": "Load extend/request.js",
    "start": 1651915502934,
    "end": 1651915502945,
    "duration": 11,
    "pid": 13272,
    "index": 35
  },
  {
    "name": "Require(30) node_modules/egg/app/extend/request.js",
    "start": 1651915502938,
    "end": 1651915502939,
    "duration": 1,
    "pid": 13272,
    "index": 36
  },
  {
    "name": "Load extend/response.js",
    "start": 1651915502945,
    "end": 1651915502954,
    "duration": 9,
    "pid": 13272,
    "index": 37
  },
  {
    "name": "Require(31) node_modules/egg/app/extend/response.js",
    "start": 1651915502948,
    "end": 1651915502950,
    "duration": 2,
    "pid": 13272,
    "index": 38
  },
  {
    "name": "Load extend/context.js",
    "start": 1651915502954,
    "end": 1651915503064,
    "duration": 110,
    "pid": 13272,
    "index": 39
  },
  {
    "name": "Require(32) node_modules/egg-security/app/extend/context.js",
    "start": 1651915502954,
    "end": 1651915502968,
    "duration": 14,
    "pid": 13272,
    "index": 40
  },
  {
    "name": "Require(33) node_modules/egg-jsonp/app/extend/context.js",
    "start": 1651915502968,
    "end": 1651915502971,
    "duration": 3,
    "pid": 13272,
    "index": 41
  },
  {
    "name": "Require(34) node_modules/egg-i18n/app/extend/context.js",
    "start": 1651915502972,
    "end": 1651915502973,
    "duration": 1,
    "pid": 13272,
    "index": 42
  },
  {
    "name": "Require(35) node_modules/egg-multipart/app/extend/context.js",
    "start": 1651915502974,
    "end": 1651915503053,
    "duration": 79,
    "pid": 13272,
    "index": 43
  },
  {
    "name": "Require(36) node_modules/egg-view/app/extend/context.js",
    "start": 1651915503054,
    "end": 1651915503056,
    "duration": 2,
    "pid": 13272,
    "index": 44
  },
  {
    "name": "Require(37) node_modules/egg/app/extend/context.js",
    "start": 1651915503057,
    "end": 1651915503059,
    "duration": 2,
    "pid": 13272,
    "index": 45
  },
  {
    "name": "Load extend/helper.js",
    "start": 1651915503064,
    "end": 1651915503099,
    "duration": 35,
    "pid": 13272,
    "index": 46
  },
  {
    "name": "Require(38) node_modules/egg-security/app/extend/helper.js",
    "start": 1651915503065,
    "end": 1651915503090,
    "duration": 25,
    "pid": 13272,
    "index": 47
  },
  {
    "name": "Require(39) node_modules/egg/app/extend/helper.js",
    "start": 1651915503094,
    "end": 1651915503095,
    "duration": 1,
    "pid": 13272,
    "index": 48
  },
  {
    "name": "Load app.js",
    "start": 1651915503099,
    "end": 1651915503220,
    "duration": 121,
    "pid": 13272,
    "index": 49
  },
  {
    "name": "Require(40) node_modules/egg-session/app.js",
    "start": 1651915503100,
    "end": 1651915503100,
    "duration": 0,
    "pid": 13272,
    "index": 50
  },
  {
    "name": "Require(41) node_modules/egg-security/app.js",
    "start": 1651915503101,
    "end": 1651915503102,
    "duration": 1,
    "pid": 13272,
    "index": 51
  },
  {
    "name": "Require(42) node_modules/egg-onerror/app.js",
    "start": 1651915503103,
    "end": 1651915503114,
    "duration": 11,
    "pid": 13272,
    "index": 52
  },
  {
    "name": "Require(43) node_modules/egg-i18n/app.js",
    "start": 1651915503115,
    "end": 1651915503136,
    "duration": 21,
    "pid": 13272,
    "index": 53
  },
  {
    "name": "Require(44) node_modules/egg-watcher/app.js",
    "start": 1651915503137,
    "end": 1651915503142,
    "duration": 5,
    "pid": 13272,
    "index": 54
  },
  {
    "name": "Require(45) node_modules/egg-schedule/app.js",
    "start": 1651915503143,
    "end": 1651915503145,
    "duration": 2,
    "pid": 13272,
    "index": 55
  },
  {
    "name": "Require(46) node_modules/egg-multipart/app.js",
    "start": 1651915503145,
    "end": 1651915503146,
    "duration": 1,
    "pid": 13272,
    "index": 56
  },
  {
    "name": "Require(47) node_modules/egg-development/app.js",
    "start": 1651915503146,
    "end": 1651915503147,
    "duration": 1,
    "pid": 13272,
    "index": 57
  },
  {
    "name": "Require(48) node_modules/egg-logrotator/app.js",
    "start": 1651915503147,
    "end": 1651915503148,
    "duration": 1,
    "pid": 13272,
    "index": 58
  },
  {
    "name": "Require(49) node_modules/egg-static/app.js",
    "start": 1651915503149,
    "end": 1651915503149,
    "duration": 0,
    "pid": 13272,
    "index": 59
  },
  {
    "name": "Require(50) node_modules/egg-sequelize/app.js",
    "start": 1651915503150,
    "end": 1651915503151,
    "duration": 1,
    "pid": 13272,
    "index": 60
  },
  {
    "name": "Require(51) node_modules/egg-cors/app.js",
    "start": 1651915503151,
    "end": 1651915503152,
    "duration": 1,
    "pid": 13272,
    "index": 61
  },
  {
    "name": "Require(52) node_modules/egg-jwt/app.js",
    "start": 1651915503152,
    "end": 1651915503153,
    "duration": 1,
    "pid": 13272,
    "index": 62
  },
  {
    "name": "Require(53) node_modules/egg-socket.io/app.js",
    "start": 1651915503153,
    "end": 1651915503219,
    "duration": 66,
    "pid": 13272,
    "index": 63
  },
  {
    "name": "Before Start in node_modules/egg-watcher/lib/init.js:15:14",
    "start": 1651915503237,
    "end": 1651915504154,
    "duration": 917,
    "pid": 13272,
    "index": 64
  },
  {
    "name": "Load \"Symbol(model)\" to Application",
    "start": 1651915503822,
    "end": 1651915503860,
    "duration": 38,
    "pid": 13272,
    "index": 65
  },
  {
    "name": "Before Start in node_modules/egg-sequelize/lib/loader.js:39:7",
    "start": 1651915503860,
    "end": 1651915504179,
    "duration": 319,
    "pid": 13272,
    "index": 66
  },
  {
    "name": "Load Controller",
    "start": 1651915503878,
    "end": 1651915504038,
    "duration": 160,
    "pid": 13272,
    "index": 67
  },
  {
    "name": "Load \"controller\" to Application",
    "start": 1651915503878,
    "end": 1651915504038,
    "duration": 160,
    "pid": 13272,
    "index": 68
  },
  {
    "name": "Before Start in node_modules/egg-socket.io/lib/io.js:26:7",
    "start": 1651915503886,
    "end": 1651915504113,
    "duration": 227,
    "pid": 13272,
    "index": 69
  },
  {
    "name": "Load Service",
    "start": 1651915503886,
    "end": 1651915503911,
    "duration": 25,
    "pid": 13272,
    "index": 70
  },
  {
    "name": "Load \"service\" to Context",
    "start": 1651915503886,
    "end": 1651915503911,
    "duration": 25,
    "pid": 13272,
    "index": 71
  },
  {
    "name": "Load Middleware",
    "start": 1651915503911,
    "end": 1651915504038,
    "duration": 127,
    "pid": 13272,
    "index": 72
  },
  {
    "name": "Load \"middlewares\" to Application",
    "start": 1651915503911,
    "end": 1651915504023,
    "duration": 112,
    "pid": 13272,
    "index": 73
  },
  {
    "name": "Load Controller",
    "start": 1651915504038,
    "end": 1651915504053,
    "duration": 15,
    "pid": 13272,
    "index": 74
  },
  {
    "name": "Load \"controller\" to Application",
    "start": 1651915504038,
    "end": 1651915504053,
    "duration": 15,
    "pid": 13272,
    "index": 75
  },
  {
    "name": "Load Router",
    "start": 1651915504053,
    "end": 1651915504058,
    "duration": 5,
    "pid": 13272,
    "index": 76
  },
  {
    "name": "Require(54) app/router.js",
    "start": 1651915504054,
    "end": 1651915504054,
    "duration": 0,
    "pid": 13272,
    "index": 77
  },
  {
    "name": "Before Start in node_modules/egg-core/lib/egg.js:303:10",
    "start": 1651915504055,
    "end": 1651915504106,
    "duration": 51,
    "pid": 13272,
    "index": 78
  }
]