[
  {
    "name": "Process Start",
    "start": 1651901865178,
    "end": 1651901866853,
    "duration": 1675,
    "pid": 2620,
    "index": 0
  },
  {
    "name": "Application Start",
    "start": 1651901866854,
    "end": 1651901868303,
    "duration": 1449,
    "pid": 2620,
    "index": 1
  },
  {
    "name": "Load Plugin",
    "start": 1651901866864,
    "end": 1651901866889,
    "duration": 25,
    "pid": 2620,
    "index": 2
  },
  {
    "name": "Load Config",
    "start": 1651901866890,
    "end": 1651901866931,
    "duration": 41,
    "pid": 2620,
    "index": 3
  },
  {
    "name": "Require(0) config/config.default.js",
    "start": 1651901866891,
    "end": 1651901866891,
    "duration": 0,
    "pid": 2620,
    "index": 4
  },
  {
    "name": "Require(1) node_modules/egg-session/config/config.default.js",
    "start": 1651901866893,
    "end": 1651901866894,
    "duration": 1,
    "pid": 2620,
    "index": 5
  },
  {
    "name": "Require(2) node_modules/egg-security/config/config.default.js",
    "start": 1651901866895,
    "end": 1651901866897,
    "duration": 2,
    "pid": 2620,
    "index": 6
  },
  {
    "name": "Require(3) node_modules/egg-jsonp/config/config.default.js",
    "start": 1651901866898,
    "end": 1651901866899,
    "duration": 1,
    "pid": 2620,
    "index": 7
  },
  {
    "name": "Require(4) node_modules/egg-onerror/config/config.default.js",
    "start": 1651901866899,
    "end": 1651901866900,
    "duration": 1,
    "pid": 2620,
    "index": 8
  },
  {
    "name": "Require(5) node_modules/egg-i18n/config/config.default.js",
    "start": 1651901866900,
    "end": 1651901866901,
    "duration": 1,
    "pid": 2620,
    "index": 9
  },
  {
    "name": "Require(6) node_modules/egg-watcher/config/config.default.js",
    "start": 1651901866901,
    "end": 1651901866902,
    "duration": 1,
    "pid": 2620,
    "index": 10
  },
  {
    "name": "Require(7) node_modules/egg-schedule/config/config.default.js",
    "start": 1651901866903,
    "end": 1651901866903,
    "duration": 0,
    "pid": 2620,
    "index": 11
  },
  {
    "name": "Require(8) node_modules/egg-multipart/config/config.default.js",
    "start": 1651901866905,
    "end": 1651901866905,
    "duration": 0,
    "pid": 2620,
    "index": 12
  },
  {
    "name": "Require(9) node_modules/egg-development/config/config.default.js",
    "start": 1651901866907,
    "end": 1651901866907,
    "duration": 0,
    "pid": 2620,
    "index": 13
  },
  {
    "name": "Require(10) node_modules/egg-logrotator/config/config.default.js",
    "start": 1651901866908,
    "end": 1651901866909,
    "duration": 1,
    "pid": 2620,
    "index": 14
  },
  {
    "name": "Require(11) node_modules/egg-static/config/config.default.js",
    "start": 1651901866909,
    "end": 1651901866910,
    "duration": 1,
    "pid": 2620,
    "index": 15
  },
  {
    "name": "Require(12) node_modules/egg-view/config/config.default.js",
    "start": 1651901866911,
    "end": 1651901866912,
    "duration": 1,
    "pid": 2620,
    "index": 16
  },
  {
    "name": "Require(13) node_modules/egg-sequelize/config/config.default.js",
    "start": 1651901866912,
    "end": 1651901866913,
    "duration": 1,
    "pid": 2620,
    "index": 17
  },
  {
    "name": "Require(14) node_modules/egg-cors/config/config.default.js",
    "start": 1651901866914,
    "end": 1651901866914,
    "duration": 0,
    "pid": 2620,
    "index": 18
  },
  {
    "name": "Require(15) node_modules/egg-jwt/config/config.default.js",
    "start": 1651901866915,
    "end": 1651901866916,
    "duration": 1,
    "pid": 2620,
    "index": 19
  },
  {
    "name": "Require(16) node_modules/egg-socket.io/config/config.default.js",
    "start": 1651901866916,
    "end": 1651901866917,
    "duration": 1,
    "pid": 2620,
    "index": 20
  },
  {
    "name": "Require(17) node_modules/egg/config/config.default.js",
    "start": 1651901866917,
    "end": 1651901866918,
    "duration": 1,
    "pid": 2620,
    "index": 21
  },
  {
    "name": "Require(18) config/config.default.js",
    "start": 1651901866920,
    "end": 1651901866920,
    "duration": 0,
    "pid": 2620,
    "index": 22
  },
  {
    "name": "Require(19) node_modules/egg-security/config/config.local.js",
    "start": 1651901866923,
    "end": 1651901866924,
    "duration": 1,
    "pid": 2620,
    "index": 23
  },
  {
    "name": "Require(20) node_modules/egg-watcher/config/config.local.js",
    "start": 1651901866925,
    "end": 1651901866925,
    "duration": 0,
    "pid": 2620,
    "index": 24
  },
  {
    "name": "Require(21) node_modules/egg-view/config/config.local.js",
    "start": 1651901866927,
    "end": 1651901866928,
    "duration": 1,
    "pid": 2620,
    "index": 25
  },
  {
    "name": "Require(22) node_modules/egg/config/config.local.js",
    "start": 1651901866930,
    "end": 1651901866930,
    "duration": 0,
    "pid": 2620,
    "index": 26
  },
  {
    "name": "Load extend/application.js",
    "start": 1651901866932,
    "end": 1651901867076,
    "duration": 144,
    "pid": 2620,
    "index": 27
  },
  {
    "name": "Require(23) node_modules/egg-session/app/extend/application.js",
    "start": 1651901866933,
    "end": 1651901866934,
    "duration": 1,
    "pid": 2620,
    "index": 28
  },
  {
    "name": "Require(24) node_modules/egg-security/app/extend/application.js",
    "start": 1651901866935,
    "end": 1651901866937,
    "duration": 2,
    "pid": 2620,
    "index": 29
  },
  {
    "name": "Require(25) node_modules/egg-jsonp/app/extend/application.js",
    "start": 1651901866938,
    "end": 1651901866939,
    "duration": 1,
    "pid": 2620,
    "index": 30
  },
  {
    "name": "Require(26) node_modules/egg-logrotator/app/extend/application.js",
    "start": 1651901866942,
    "end": 1651901866943,
    "duration": 1,
    "pid": 2620,
    "index": 31
  },
  {
    "name": "Require(27) node_modules/egg-view/app/extend/application.js",
    "start": 1651901866944,
    "end": 1651901866947,
    "duration": 3,
    "pid": 2620,
    "index": 32
  },
  {
    "name": "Require(28) node_modules/egg-jwt/app/extend/application.js",
    "start": 1651901866947,
    "end": 1651901867003,
    "duration": 56,
    "pid": 2620,
    "index": 33
  },
  {
    "name": "Require(29) node_modules/egg-socket.io/app/extend/application.js",
    "start": 1651901867003,
    "end": 1651901867071,
    "duration": 68,
    "pid": 2620,
    "index": 34
  },
  {
    "name": "Load extend/request.js",
    "start": 1651901867076,
    "end": 1651901867085,
    "duration": 9,
    "pid": 2620,
    "index": 35
  },
  {
    "name": "Require(30) node_modules/egg/app/extend/request.js",
    "start": 1651901867080,
    "end": 1651901867081,
    "duration": 1,
    "pid": 2620,
    "index": 36
  },
  {
    "name": "Load extend/response.js",
    "start": 1651901867085,
    "end": 1651901867093,
    "duration": 8,
    "pid": 2620,
    "index": 37
  },
  {
    "name": "Require(31) node_modules/egg/app/extend/response.js",
    "start": 1651901867088,
    "end": 1651901867090,
    "duration": 2,
    "pid": 2620,
    "index": 38
  },
  {
    "name": "Load extend/context.js",
    "start": 1651901867093,
    "end": 1651901867188,
    "duration": 95,
    "pid": 2620,
    "index": 39
  },
  {
    "name": "Require(32) node_modules/egg-security/app/extend/context.js",
    "start": 1651901867095,
    "end": 1651901867106,
    "duration": 11,
    "pid": 2620,
    "index": 40
  },
  {
    "name": "Require(33) node_modules/egg-jsonp/app/extend/context.js",
    "start": 1651901867106,
    "end": 1651901867108,
    "duration": 2,
    "pid": 2620,
    "index": 41
  },
  {
    "name": "Require(34) node_modules/egg-i18n/app/extend/context.js",
    "start": 1651901867109,
    "end": 1651901867109,
    "duration": 0,
    "pid": 2620,
    "index": 42
  },
  {
    "name": "Require(35) node_modules/egg-multipart/app/extend/context.js",
    "start": 1651901867110,
    "end": 1651901867179,
    "duration": 69,
    "pid": 2620,
    "index": 43
  },
  {
    "name": "Require(36) node_modules/egg-view/app/extend/context.js",
    "start": 1651901867180,
    "end": 1651901867181,
    "duration": 1,
    "pid": 2620,
    "index": 44
  },
  {
    "name": "Require(37) node_modules/egg/app/extend/context.js",
    "start": 1651901867182,
    "end": 1651901867183,
    "duration": 1,
    "pid": 2620,
    "index": 45
  },
  {
    "name": "Load extend/helper.js",
    "start": 1651901867188,
    "end": 1651901867220,
    "duration": 32,
    "pid": 2620,
    "index": 46
  },
  {
    "name": "Require(38) node_modules/egg-security/app/extend/helper.js",
    "start": 1651901867189,
    "end": 1651901867212,
    "duration": 23,
    "pid": 2620,
    "index": 47
  },
  {
    "name": "Require(39) node_modules/egg/app/extend/helper.js",
    "start": 1651901867215,
    "end": 1651901867216,
    "duration": 1,
    "pid": 2620,
    "index": 48
  },
  {
    "name": "Load app.js",
    "start": 1651901867220,
    "end": 1651901867351,
    "duration": 131,
    "pid": 2620,
    "index": 49
  },
  {
    "name": "Require(40) node_modules/egg-session/app.js",
    "start": 1651901867220,
    "end": 1651901867221,
    "duration": 1,
    "pid": 2620,
    "index": 50
  },
  {
    "name": "Require(41) node_modules/egg-security/app.js",
    "start": 1651901867221,
    "end": 1651901867223,
    "duration": 2,
    "pid": 2620,
    "index": 51
  },
  {
    "name": "Require(42) node_modules/egg-onerror/app.js",
    "start": 1651901867224,
    "end": 1651901867234,
    "duration": 10,
    "pid": 2620,
    "index": 52
  },
  {
    "name": "Require(43) node_modules/egg-i18n/app.js",
    "start": 1651901867235,
    "end": 1651901867256,
    "duration": 21,
    "pid": 2620,
    "index": 53
  },
  {
    "name": "Require(44) node_modules/egg-watcher/app.js",
    "start": 1651901867257,
    "end": 1651901867264,
    "duration": 7,
    "pid": 2620,
    "index": 54
  },
  {
    "name": "Require(45) node_modules/egg-schedule/app.js",
    "start": 1651901867265,
    "end": 1651901867269,
    "duration": 4,
    "pid": 2620,
    "index": 55
  },
  {
    "name": "Require(46) node_modules/egg-multipart/app.js",
    "start": 1651901867270,
    "end": 1651901867270,
    "duration": 0,
    "pid": 2620,
    "index": 56
  },
  {
    "name": "Require(47) node_modules/egg-development/app.js",
    "start": 1651901867271,
    "end": 1651901867271,
    "duration": 0,
    "pid": 2620,
    "index": 57
  },
  {
    "name": "Require(48) node_modules/egg-logrotator/app.js",
    "start": 1651901867272,
    "end": 1651901867273,
    "duration": 1,
    "pid": 2620,
    "index": 58
  },
  {
    "name": "Require(49) node_modules/egg-static/app.js",
    "start": 1651901867273,
    "end": 1651901867274,
    "duration": 1,
    "pid": 2620,
    "index": 59
  },
  {
    "name": "Require(50) node_modules/egg-sequelize/app.js",
    "start": 1651901867274,
    "end": 1651901867275,
    "duration": 1,
    "pid": 2620,
    "index": 60
  },
  {
    "name": "Require(51) node_modules/egg-cors/app.js",
    "start": 1651901867275,
    "end": 1651901867275,
    "duration": 0,
    "pid": 2620,
    "index": 61
  },
  {
    "name": "Require(52) node_modules/egg-jwt/app.js",
    "start": 1651901867276,
    "end": 1651901867276,
    "duration": 0,
    "pid": 2620,
    "index": 62
  },
  {
    "name": "Require(53) node_modules/egg-socket.io/app.js",
    "start": 1651901867276,
    "end": 1651901867349,
    "duration": 73,
    "pid": 2620,
    "index": 63
  },
  {
    "name": "Before Start in node_modules/egg-watcher/lib/init.js:15:14",
    "start": 1651901867366,
    "end": 1651901868270,
    "duration": 904,
    "pid": 2620,
    "index": 64
  },
  {
    "name": "Load \"Symbol(model)\" to Application",
    "start": 1651901867917,
    "end": 1651901867949,
    "duration": 32,
    "pid": 2620,
    "index": 65
  },
  {
    "name": "Before Start in node_modules/egg-sequelize/lib/loader.js:39:7",
    "start": 1651901867949,
    "end": 1651901868291,
    "duration": 342,
    "pid": 2620,
    "index": 66
  },
  {
    "name": "Load Controller",
    "start": 1651901867989,
    "end": 1651901868160,
    "duration": 171,
    "pid": 2620,
    "index": 67
  },
  {
    "name": "Load \"controller\" to Application",
    "start": 1651901867989,
    "end": 1651901868160,
    "duration": 171,
    "pid": 2620,
    "index": 68
  },
  {
    "name": "Before Start in node_modules/egg-socket.io/lib/io.js:26:7",
    "start": 1651901868005,
    "end": 1651901868234,
    "duration": 229,
    "pid": 2620,
    "index": 69
  },
  {
    "name": "Load Service",
    "start": 1651901868005,
    "end": 1651901868032,
    "duration": 27,
    "pid": 2620,
    "index": 70
  },
  {
    "name": "Load \"service\" to Context",
    "start": 1651901868005,
    "end": 1651901868032,
    "duration": 27,
    "pid": 2620,
    "index": 71
  },
  {
    "name": "Load Middleware",
    "start": 1651901868032,
    "end": 1651901868160,
    "duration": 128,
    "pid": 2620,
    "index": 72
  },
  {
    "name": "Load \"middlewares\" to Application",
    "start": 1651901868032,
    "end": 1651901868140,
    "duration": 108,
    "pid": 2620,
    "index": 73
  },
  {
    "name": "Load Controller",
    "start": 1651901868160,
    "end": 1651901868176,
    "duration": 16,
    "pid": 2620,
    "index": 74
  },
  {
    "name": "Load \"controller\" to Application",
    "start": 1651901868160,
    "end": 1651901868176,
    "duration": 16,
    "pid": 2620,
    "index": 75
  },
  {
    "name": "Load Router",
    "start": 1651901868176,
    "end": 1651901868183,
    "duration": 7,
    "pid": 2620,
    "index": 76
  },
  {
    "name": "Require(54) app/router.js",
    "start": 1651901868177,
    "end": 1651901868177,
    "duration": 0,
    "pid": 2620,
    "index": 77
  },
  {
    "name": "Before Start in node_modules/egg-core/lib/egg.js:303:10",
    "start": 1651901868178,
    "end": 1651901868230,
    "duration": 52,
    "pid": 2620,
    "index": 78
  }
]