[
  {
    "name": "Process Start",
    "start": 1651891182952,
    "end": 1651891184629,
    "duration": 1677,
    "pid": 14740,
    "index": 0
  },
  {
    "name": "Application Start",
    "start": 1651891184630,
    "end": 1651891186112,
    "duration": 1482,
    "pid": 14740,
    "index": 1
  },
  {
    "name": "Load Plugin",
    "start": 1651891184638,
    "end": 1651891184668,
    "duration": 30,
    "pid": 14740,
    "index": 2
  },
  {
    "name": "Load Config",
    "start": 1651891184668,
    "end": 1651891184712,
    "duration": 44,
    "pid": 14740,
    "index": 3
  },
  {
    "name": "Require(0) config/config.default.js",
    "start": 1651891184670,
    "end": 1651891184670,
    "duration": 0,
    "pid": 14740,
    "index": 4
  },
  {
    "name": "Require(1) node_modules/egg-session/config/config.default.js",
    "start": 1651891184673,
    "end": 1651891184673,
    "duration": 0,
    "pid": 14740,
    "index": 5
  },
  {
    "name": "Require(2) node_modules/egg-security/config/config.default.js",
    "start": 1651891184674,
    "end": 1651891184675,
    "duration": 1,
    "pid": 14740,
    "index": 6
  },
  {
    "name": "Require(3) node_modules/egg-jsonp/config/config.default.js",
    "start": 1651891184676,
    "end": 1651891184677,
    "duration": 1,
    "pid": 14740,
    "index": 7
  },
  {
    "name": "Require(4) node_modules/egg-onerror/config/config.default.js",
    "start": 1651891184678,
    "end": 1651891184679,
    "duration": 1,
    "pid": 14740,
    "index": 8
  },
  {
    "name": "Require(5) node_modules/egg-i18n/config/config.default.js",
    "start": 1651891184679,
    "end": 1651891184680,
    "duration": 1,
    "pid": 14740,
    "index": 9
  },
  {
    "name": "Require(6) node_modules/egg-watcher/config/config.default.js",
    "start": 1651891184680,
    "end": 1651891184681,
    "duration": 1,
    "pid": 14740,
    "index": 10
  },
  {
    "name": "Require(7) node_modules/egg-schedule/config/config.default.js",
    "start": 1651891184682,
    "end": 1651891184683,
    "duration": 1,
    "pid": 14740,
    "index": 11
  },
  {
    "name": "Require(8) node_modules/egg-multipart/config/config.default.js",
    "start": 1651891184684,
    "end": 1651891184684,
    "duration": 0,
    "pid": 14740,
    "index": 12
  },
  {
    "name": "Require(9) node_modules/egg-development/config/config.default.js",
    "start": 1651891184685,
    "end": 1651891184686,
    "duration": 1,
    "pid": 14740,
    "index": 13
  },
  {
    "name": "Require(10) node_modules/egg-logrotator/config/config.default.js",
    "start": 1651891184687,
    "end": 1651891184687,
    "duration": 0,
    "pid": 14740,
    "index": 14
  },
  {
    "name": "Require(11) node_modules/egg-static/config/config.default.js",
    "start": 1651891184688,
    "end": 1651891184689,
    "duration": 1,
    "pid": 14740,
    "index": 15
  },
  {
    "name": "Require(12) node_modules/egg-view/config/config.default.js",
    "start": 1651891184689,
    "end": 1651891184690,
    "duration": 1,
    "pid": 14740,
    "index": 16
  },
  {
    "name": "Require(13) node_modules/egg-sequelize/config/config.default.js",
    "start": 1651891184691,
    "end": 1651891184691,
    "duration": 0,
    "pid": 14740,
    "index": 17
  },
  {
    "name": "Require(14) node_modules/egg-cors/config/config.default.js",
    "start": 1651891184692,
    "end": 1651891184693,
    "duration": 1,
    "pid": 14740,
    "index": 18
  },
  {
    "name": "Require(15) node_modules/egg-jwt/config/config.default.js",
    "start": 1651891184693,
    "end": 1651891184694,
    "duration": 1,
    "pid": 14740,
    "index": 19
  },
  {
    "name": "Require(16) node_modules/egg-socket.io/config/config.default.js",
    "start": 1651891184695,
    "end": 1651891184696,
    "duration": 1,
    "pid": 14740,
    "index": 20
  },
  {
    "name": "Require(17) node_modules/egg/config/config.default.js",
    "start": 1651891184696,
    "end": 1651891184697,
    "duration": 1,
    "pid": 14740,
    "index": 21
  },
  {
    "name": "Require(18) config/config.default.js",
    "start": 1651891184700,
    "end": 1651891184700,
    "duration": 0,
    "pid": 14740,
    "index": 22
  },
  {
    "name": "Require(19) node_modules/egg-security/config/config.local.js",
    "start": 1651891184703,
    "end": 1651891184704,
    "duration": 1,
    "pid": 14740,
    "index": 23
  },
  {
    "name": "Require(20) node_modules/egg-watcher/config/config.local.js",
    "start": 1651891184705,
    "end": 1651891184706,
    "duration": 1,
    "pid": 14740,
    "index": 24
  },
  {
    "name": "Require(21) node_modules/egg-view/config/config.local.js",
    "start": 1651891184708,
    "end": 1651891184709,
    "duration": 1,
    "pid": 14740,
    "index": 25
  },
  {
    "name": "Require(22) node_modules/egg/config/config.local.js",
    "start": 1651891184711,
    "end": 1651891184711,
    "duration": 0,
    "pid": 14740,
    "index": 26
  },
  {
    "name": "Load extend/application.js",
    "start": 1651891184714,
    "end": 1651891184858,
    "duration": 144,
    "pid": 14740,
    "index": 27
  },
  {
    "name": "Require(23) node_modules/egg-session/app/extend/application.js",
    "start": 1651891184716,
    "end": 1651891184717,
    "duration": 1,
    "pid": 14740,
    "index": 28
  },
  {
    "name": "Require(24) node_modules/egg-security/app/extend/application.js",
    "start": 1651891184718,
    "end": 1651891184720,
    "duration": 2,
    "pid": 14740,
    "index": 29
  },
  {
    "name": "Require(25) node_modules/egg-jsonp/app/extend/application.js",
    "start": 1651891184721,
    "end": 1651891184723,
    "duration": 2,
    "pid": 14740,
    "index": 30
  },
  {
    "name": "Require(26) node_modules/egg-logrotator/app/extend/application.js",
    "start": 1651891184725,
    "end": 1651891184727,
    "duration": 2,
    "pid": 14740,
    "index": 31
  },
  {
    "name": "Require(27) node_modules/egg-view/app/extend/application.js",
    "start": 1651891184727,
    "end": 1651891184730,
    "duration": 3,
    "pid": 14740,
    "index": 32
  },
  {
    "name": "Require(28) node_modules/egg-jwt/app/extend/application.js",
    "start": 1651891184732,
    "end": 1651891184787,
    "duration": 55,
    "pid": 14740,
    "index": 33
  },
  {
    "name": "Require(29) node_modules/egg-socket.io/app/extend/application.js",
    "start": 1651891184788,
    "end": 1651891184853,
    "duration": 65,
    "pid": 14740,
    "index": 34
  },
  {
    "name": "Load extend/request.js",
    "start": 1651891184858,
    "end": 1651891184868,
    "duration": 10,
    "pid": 14740,
    "index": 35
  },
  {
    "name": "Require(30) node_modules/egg/app/extend/request.js",
    "start": 1651891184863,
    "end": 1651891184864,
    "duration": 1,
    "pid": 14740,
    "index": 36
  },
  {
    "name": "Load extend/response.js",
    "start": 1651891184868,
    "end": 1651891184878,
    "duration": 10,
    "pid": 14740,
    "index": 37
  },
  {
    "name": "Require(31) node_modules/egg/app/extend/response.js",
    "start": 1651891184871,
    "end": 1651891184873,
    "duration": 2,
    "pid": 14740,
    "index": 38
  },
  {
    "name": "Load extend/context.js",
    "start": 1651891184878,
    "end": 1651891184977,
    "duration": 99,
    "pid": 14740,
    "index": 39
  },
  {
    "name": "Require(32) node_modules/egg-security/app/extend/context.js",
    "start": 1651891184879,
    "end": 1651891184891,
    "duration": 12,
    "pid": 14740,
    "index": 40
  },
  {
    "name": "Require(33) node_modules/egg-jsonp/app/extend/context.js",
    "start": 1651891184891,
    "end": 1651891184893,
    "duration": 2,
    "pid": 14740,
    "index": 41
  },
  {
    "name": "Require(34) node_modules/egg-i18n/app/extend/context.js",
    "start": 1651891184894,
    "end": 1651891184894,
    "duration": 0,
    "pid": 14740,
    "index": 42
  },
  {
    "name": "Require(35) node_modules/egg-multipart/app/extend/context.js",
    "start": 1651891184895,
    "end": 1651891184969,
    "duration": 74,
    "pid": 14740,
    "index": 43
  },
  {
    "name": "Require(36) node_modules/egg-view/app/extend/context.js",
    "start": 1651891184970,
    "end": 1651891184971,
    "duration": 1,
    "pid": 14740,
    "index": 44
  },
  {
    "name": "Require(37) node_modules/egg/app/extend/context.js",
    "start": 1651891184972,
    "end": 1651891184973,
    "duration": 1,
    "pid": 14740,
    "index": 45
  },
  {
    "name": "Load extend/helper.js",
    "start": 1651891184977,
    "end": 1651891185012,
    "duration": 35,
    "pid": 14740,
    "index": 46
  },
  {
    "name": "Require(38) node_modules/egg-security/app/extend/helper.js",
    "start": 1651891184978,
    "end": 1651891185003,
    "duration": 25,
    "pid": 14740,
    "index": 47
  },
  {
    "name": "Require(39) node_modules/egg/app/extend/helper.js",
    "start": 1651891185008,
    "end": 1651891185008,
    "duration": 0,
    "pid": 14740,
    "index": 48
  },
  {
    "name": "Load app.js",
    "start": 1651891185013,
    "end": 1651891185150,
    "duration": 137,
    "pid": 14740,
    "index": 49
  },
  {
    "name": "Require(40) node_modules/egg-session/app.js",
    "start": 1651891185013,
    "end": 1651891185014,
    "duration": 1,
    "pid": 14740,
    "index": 50
  },
  {
    "name": "Require(41) node_modules/egg-security/app.js",
    "start": 1651891185015,
    "end": 1651891185018,
    "duration": 3,
    "pid": 14740,
    "index": 51
  },
  {
    "name": "Require(42) node_modules/egg-onerror/app.js",
    "start": 1651891185019,
    "end": 1651891185032,
    "duration": 13,
    "pid": 14740,
    "index": 52
  },
  {
    "name": "Require(43) node_modules/egg-i18n/app.js",
    "start": 1651891185033,
    "end": 1651891185057,
    "duration": 24,
    "pid": 14740,
    "index": 53
  },
  {
    "name": "Require(44) node_modules/egg-watcher/app.js",
    "start": 1651891185058,
    "end": 1651891185062,
    "duration": 4,
    "pid": 14740,
    "index": 54
  },
  {
    "name": "Require(45) node_modules/egg-schedule/app.js",
    "start": 1651891185062,
    "end": 1651891185064,
    "duration": 2,
    "pid": 14740,
    "index": 55
  },
  {
    "name": "Require(46) node_modules/egg-multipart/app.js",
    "start": 1651891185065,
    "end": 1651891185066,
    "duration": 1,
    "pid": 14740,
    "index": 56
  },
  {
    "name": "Require(47) node_modules/egg-development/app.js",
    "start": 1651891185067,
    "end": 1651891185068,
    "duration": 1,
    "pid": 14740,
    "index": 57
  },
  {
    "name": "Require(48) node_modules/egg-logrotator/app.js",
    "start": 1651891185068,
    "end": 1651891185069,
    "duration": 1,
    "pid": 14740,
    "index": 58
  },
  {
    "name": "Require(49) node_modules/egg-static/app.js",
    "start": 1651891185069,
    "end": 1651891185070,
    "duration": 1,
    "pid": 14740,
    "index": 59
  },
  {
    "name": "Require(50) node_modules/egg-sequelize/app.js",
    "start": 1651891185071,
    "end": 1651891185071,
    "duration": 0,
    "pid": 14740,
    "index": 60
  },
  {
    "name": "Require(51) node_modules/egg-cors/app.js",
    "start": 1651891185072,
    "end": 1651891185073,
    "duration": 1,
    "pid": 14740,
    "index": 61
  },
  {
    "name": "Require(52) node_modules/egg-jwt/app.js",
    "start": 1651891185073,
    "end": 1651891185074,
    "duration": 1,
    "pid": 14740,
    "index": 62
  },
  {
    "name": "Require(53) node_modules/egg-socket.io/app.js",
    "start": 1651891185074,
    "end": 1651891185149,
    "duration": 75,
    "pid": 14740,
    "index": 63
  },
  {
    "name": "Before Start in node_modules/egg-watcher/lib/init.js:15:14",
    "start": 1651891185167,
    "end": 1651891186076,
    "duration": 909,
    "pid": 14740,
    "index": 64
  },
  {
    "name": "Load \"Symbol(model)\" to Application",
    "start": 1651891185716,
    "end": 1651891185754,
    "duration": 38,
    "pid": 14740,
    "index": 65
  },
  {
    "name": "Before Start in node_modules/egg-sequelize/lib/loader.js:39:7",
    "start": 1651891185754,
    "end": 1651891186100,
    "duration": 346,
    "pid": 14740,
    "index": 66
  },
  {
    "name": "Load Controller",
    "start": 1651891185775,
    "end": 1651891185950,
    "duration": 175,
    "pid": 14740,
    "index": 67
  },
  {
    "name": "Load \"controller\" to Application",
    "start": 1651891185775,
    "end": 1651891185950,
    "duration": 175,
    "pid": 14740,
    "index": 68
  },
  {
    "name": "Before Start in node_modules/egg-socket.io/lib/io.js:26:7",
    "start": 1651891185788,
    "end": 1651891186031,
    "duration": 243,
    "pid": 14740,
    "index": 69
  },
  {
    "name": "Load Service",
    "start": 1651891185789,
    "end": 1651891185815,
    "duration": 26,
    "pid": 14740,
    "index": 70
  },
  {
    "name": "Load \"service\" to Context",
    "start": 1651891185789,
    "end": 1651891185815,
    "duration": 26,
    "pid": 14740,
    "index": 71
  },
  {
    "name": "Load Middleware",
    "start": 1651891185816,
    "end": 1651891185950,
    "duration": 134,
    "pid": 14740,
    "index": 72
  },
  {
    "name": "Load \"middlewares\" to Application",
    "start": 1651891185816,
    "end": 1651891185932,
    "duration": 116,
    "pid": 14740,
    "index": 73
  },
  {
    "name": "Load Controller",
    "start": 1651891185950,
    "end": 1651891185969,
    "duration": 19,
    "pid": 14740,
    "index": 74
  },
  {
    "name": "Load \"controller\" to Application",
    "start": 1651891185950,
    "end": 1651891185969,
    "duration": 19,
    "pid": 14740,
    "index": 75
  },
  {
    "name": "Load Router",
    "start": 1651891185969,
    "end": 1651891185975,
    "duration": 6,
    "pid": 14740,
    "index": 76
  },
  {
    "name": "Require(54) app/router.js",
    "start": 1651891185970,
    "end": 1651891185970,
    "duration": 0,
    "pid": 14740,
    "index": 77
  },
  {
    "name": "Before Start in node_modules/egg-core/lib/egg.js:303:10",
    "start": 1651891185971,
    "end": 1651891186027,
    "duration": 56,
    "pid": 14740,
    "index": 78
  }
]