[
  {
    "name": "Process Start",
    "start": 1651991726018,
    "end": 1651991727594,
    "duration": 1576,
    "pid": 13384,
    "index": 0
  },
  {
    "name": "Application Start",
    "start": 1651991727595,
    "end": 1651991728885,
    "duration": 1290,
    "pid": 13384,
    "index": 1
  },
  {
    "name": "Load Plugin",
    "start": 1651991727603,
    "end": 1651991727626,
    "duration": 23,
    "pid": 13384,
    "index": 2
  },
  {
    "name": "Load Config",
    "start": 1651991727626,
    "end": 1651991727655,
    "duration": 29,
    "pid": 13384,
    "index": 3
  },
  {
    "name": "Require(0) config/config.default.js",
    "start": 1651991727627,
    "end": 1651991727627,
    "duration": 0,
    "pid": 13384,
    "index": 4
  },
  {
    "name": "Require(1) node_modules/egg-session/config/config.default.js",
    "start": 1651991727629,
    "end": 1651991727629,
    "duration": 0,
    "pid": 13384,
    "index": 5
  },
  {
    "name": "Require(2) node_modules/egg-security/config/config.default.js",
    "start": 1651991727630,
    "end": 1651991727630,
    "duration": 0,
    "pid": 13384,
    "index": 6
  },
  {
    "name": "Require(3) node_modules/egg-jsonp/config/config.default.js",
    "start": 1651991727631,
    "end": 1651991727632,
    "duration": 1,
    "pid": 13384,
    "index": 7
  },
  {
    "name": "Require(4) node_modules/egg-onerror/config/config.default.js",
    "start": 1651991727632,
    "end": 1651991727633,
    "duration": 1,
    "pid": 13384,
    "index": 8
  },
  {
    "name": "Require(5) node_modules/egg-i18n/config/config.default.js",
    "start": 1651991727633,
    "end": 1651991727634,
    "duration": 1,
    "pid": 13384,
    "index": 9
  },
  {
    "name": "Require(6) node_modules/egg-watcher/config/config.default.js",
    "start": 1651991727634,
    "end": 1651991727635,
    "duration": 1,
    "pid": 13384,
    "index": 10
  },
  {
    "name": "Require(7) node_modules/egg-schedule/config/config.default.js",
    "start": 1651991727635,
    "end": 1651991727635,
    "duration": 0,
    "pid": 13384,
    "index": 11
  },
  {
    "name": "Require(8) node_modules/egg-multipart/config/config.default.js",
    "start": 1651991727636,
    "end": 1651991727637,
    "duration": 1,
    "pid": 13384,
    "index": 12
  },
  {
    "name": "Require(9) node_modules/egg-development/config/config.default.js",
    "start": 1651991727637,
    "end": 1651991727638,
    "duration": 1,
    "pid": 13384,
    "index": 13
  },
  {
    "name": "Require(10) node_modules/egg-logrotator/config/config.default.js",
    "start": 1651991727638,
    "end": 1651991727639,
    "duration": 1,
    "pid": 13384,
    "index": 14
  },
  {
    "name": "Require(11) node_modules/egg-static/config/config.default.js",
    "start": 1651991727640,
    "end": 1651991727640,
    "duration": 0,
    "pid": 13384,
    "index": 15
  },
  {
    "name": "Require(12) node_modules/egg-view/config/config.default.js",
    "start": 1651991727641,
    "end": 1651991727641,
    "duration": 0,
    "pid": 13384,
    "index": 16
  },
  {
    "name": "Require(13) node_modules/egg-sequelize/config/config.default.js",
    "start": 1651991727642,
    "end": 1651991727643,
    "duration": 1,
    "pid": 13384,
    "index": 17
  },
  {
    "name": "Require(14) node_modules/egg-cors/config/config.default.js",
    "start": 1651991727643,
    "end": 1651991727643,
    "duration": 0,
    "pid": 13384,
    "index": 18
  },
  {
    "name": "Require(15) node_modules/egg-jwt/config/config.default.js",
    "start": 1651991727644,
    "end": 1651991727644,
    "duration": 0,
    "pid": 13384,
    "index": 19
  },
  {
    "name": "Require(16) node_modules/egg-socket.io/config/config.default.js",
    "start": 1651991727645,
    "end": 1651991727645,
    "duration": 0,
    "pid": 13384,
    "index": 20
  },
  {
    "name": "Require(17) node_modules/egg/config/config.default.js",
    "start": 1651991727645,
    "end": 1651991727646,
    "duration": 1,
    "pid": 13384,
    "index": 21
  },
  {
    "name": "Require(18) config/config.default.js",
    "start": 1651991727647,
    "end": 1651991727647,
    "duration": 0,
    "pid": 13384,
    "index": 22
  },
  {
    "name": "Require(19) node_modules/egg-security/config/config.local.js",
    "start": 1651991727650,
    "end": 1651991727651,
    "duration": 1,
    "pid": 13384,
    "index": 23
  },
  {
    "name": "Require(20) node_modules/egg-watcher/config/config.local.js",
    "start": 1651991727651,
    "end": 1651991727652,
    "duration": 1,
    "pid": 13384,
    "index": 24
  },
  {
    "name": "Require(21) node_modules/egg-view/config/config.local.js",
    "start": 1651991727653,
    "end": 1651991727653,
    "duration": 0,
    "pid": 13384,
    "index": 25
  },
  {
    "name": "Require(22) node_modules/egg/config/config.local.js",
    "start": 1651991727654,
    "end": 1651991727655,
    "duration": 1,
    "pid": 13384,
    "index": 26
  },
  {
    "name": "Load extend/application.js",
    "start": 1651991727657,
    "end": 1651991727797,
    "duration": 140,
    "pid": 13384,
    "index": 27
  },
  {
    "name": "Require(23) node_modules/egg-session/app/extend/application.js",
    "start": 1651991727657,
    "end": 1651991727658,
    "duration": 1,
    "pid": 13384,
    "index": 28
  },
  {
    "name": "Require(24) node_modules/egg-security/app/extend/application.js",
    "start": 1651991727658,
    "end": 1651991727660,
    "duration": 2,
    "pid": 13384,
    "index": 29
  },
  {
    "name": "Require(25) node_modules/egg-jsonp/app/extend/application.js",
    "start": 1651991727660,
    "end": 1651991727662,
    "duration": 2,
    "pid": 13384,
    "index": 30
  },
  {
    "name": "Require(26) node_modules/egg-logrotator/app/extend/application.js",
    "start": 1651991727663,
    "end": 1651991727665,
    "duration": 2,
    "pid": 13384,
    "index": 31
  },
  {
    "name": "Require(27) node_modules/egg-view/app/extend/application.js",
    "start": 1651991727666,
    "end": 1651991727669,
    "duration": 3,
    "pid": 13384,
    "index": 32
  },
  {
    "name": "Require(28) node_modules/egg-jwt/app/extend/application.js",
    "start": 1651991727670,
    "end": 1651991727724,
    "duration": 54,
    "pid": 13384,
    "index": 33
  },
  {
    "name": "Require(29) node_modules/egg-socket.io/app/extend/application.js",
    "start": 1651991727725,
    "end": 1651991727792,
    "duration": 67,
    "pid": 13384,
    "index": 34
  },
  {
    "name": "Load extend/request.js",
    "start": 1651991727797,
    "end": 1651991727806,
    "duration": 9,
    "pid": 13384,
    "index": 35
  },
  {
    "name": "Require(30) node_modules/egg/app/extend/request.js",
    "start": 1651991727801,
    "end": 1651991727802,
    "duration": 1,
    "pid": 13384,
    "index": 36
  },
  {
    "name": "Load extend/response.js",
    "start": 1651991727806,
    "end": 1651991727815,
    "duration": 9,
    "pid": 13384,
    "index": 37
  },
  {
    "name": "Require(31) node_modules/egg/app/extend/response.js",
    "start": 1651991727810,
    "end": 1651991727811,
    "duration": 1,
    "pid": 13384,
    "index": 38
  },
  {
    "name": "Load extend/context.js",
    "start": 1651991727815,
    "end": 1651991727909,
    "duration": 94,
    "pid": 13384,
    "index": 39
  },
  {
    "name": "Require(32) node_modules/egg-security/app/extend/context.js",
    "start": 1651991727815,
    "end": 1651991727828,
    "duration": 13,
    "pid": 13384,
    "index": 40
  },
  {
    "name": "Require(33) node_modules/egg-jsonp/app/extend/context.js",
    "start": 1651991727828,
    "end": 1651991727830,
    "duration": 2,
    "pid": 13384,
    "index": 41
  },
  {
    "name": "Require(34) node_modules/egg-i18n/app/extend/context.js",
    "start": 1651991727831,
    "end": 1651991727831,
    "duration": 0,
    "pid": 13384,
    "index": 42
  },
  {
    "name": "Require(35) node_modules/egg-multipart/app/extend/context.js",
    "start": 1651991727833,
    "end": 1651991727899,
    "duration": 66,
    "pid": 13384,
    "index": 43
  },
  {
    "name": "Require(36) node_modules/egg-view/app/extend/context.js",
    "start": 1651991727900,
    "end": 1651991727902,
    "duration": 2,
    "pid": 13384,
    "index": 44
  },
  {
    "name": "Require(37) node_modules/egg/app/extend/context.js",
    "start": 1651991727904,
    "end": 1651991727905,
    "duration": 1,
    "pid": 13384,
    "index": 45
  },
  {
    "name": "Load extend/helper.js",
    "start": 1651991727909,
    "end": 1651991727941,
    "duration": 32,
    "pid": 13384,
    "index": 46
  },
  {
    "name": "Require(38) node_modules/egg-security/app/extend/helper.js",
    "start": 1651991727910,
    "end": 1651991727932,
    "duration": 22,
    "pid": 13384,
    "index": 47
  },
  {
    "name": "Require(39) node_modules/egg/app/extend/helper.js",
    "start": 1651991727936,
    "end": 1651991727936,
    "duration": 0,
    "pid": 13384,
    "index": 48
  },
  {
    "name": "Load app.js",
    "start": 1651991727941,
    "end": 1651991728053,
    "duration": 112,
    "pid": 13384,
    "index": 49
  },
  {
    "name": "Require(40) node_modules/egg-session/app.js",
    "start": 1651991727942,
    "end": 1651991727942,
    "duration": 0,
    "pid": 13384,
    "index": 50
  },
  {
    "name": "Require(41) node_modules/egg-security/app.js",
    "start": 1651991727942,
    "end": 1651991727944,
    "duration": 2,
    "pid": 13384,
    "index": 51
  },
  {
    "name": "Require(42) node_modules/egg-onerror/app.js",
    "start": 1651991727945,
    "end": 1651991727955,
    "duration": 10,
    "pid": 13384,
    "index": 52
  },
  {
    "name": "Require(43) node_modules/egg-i18n/app.js",
    "start": 1651991727956,
    "end": 1651991727975,
    "duration": 19,
    "pid": 13384,
    "index": 53
  },
  {
    "name": "Require(44) node_modules/egg-watcher/app.js",
    "start": 1651991727975,
    "end": 1651991727979,
    "duration": 4,
    "pid": 13384,
    "index": 54
  },
  {
    "name": "Require(45) node_modules/egg-schedule/app.js",
    "start": 1651991727979,
    "end": 1651991727981,
    "duration": 2,
    "pid": 13384,
    "index": 55
  },
  {
    "name": "Require(46) node_modules/egg-multipart/app.js",
    "start": 1651991727982,
    "end": 1651991727983,
    "duration": 1,
    "pid": 13384,
    "index": 56
  },
  {
    "name": "Require(47) node_modules/egg-development/app.js",
    "start": 1651991727983,
    "end": 1651991727983,
    "duration": 0,
    "pid": 13384,
    "index": 57
  },
  {
    "name": "Require(48) node_modules/egg-logrotator/app.js",
    "start": 1651991727984,
    "end": 1651991727984,
    "duration": 0,
    "pid": 13384,
    "index": 58
  },
  {
    "name": "Require(49) node_modules/egg-static/app.js",
    "start": 1651991727985,
    "end": 1651991727985,
    "duration": 0,
    "pid": 13384,
    "index": 59
  },
  {
    "name": "Require(50) node_modules/egg-sequelize/app.js",
    "start": 1651991727986,
    "end": 1651991727986,
    "duration": 0,
    "pid": 13384,
    "index": 60
  },
  {
    "name": "Require(51) node_modules/egg-cors/app.js",
    "start": 1651991727986,
    "end": 1651991727987,
    "duration": 1,
    "pid": 13384,
    "index": 61
  },
  {
    "name": "Require(52) node_modules/egg-jwt/app.js",
    "start": 1651991727987,
    "end": 1651991727988,
    "duration": 1,
    "pid": 13384,
    "index": 62
  },
  {
    "name": "Require(53) node_modules/egg-socket.io/app.js",
    "start": 1651991727988,
    "end": 1651991728051,
    "duration": 63,
    "pid": 13384,
    "index": 63
  },
  {
    "name": "Before Start in node_modules/egg-watcher/lib/init.js:15:14",
    "start": 1651991728070,
    "end": 1651991728851,
    "duration": 781,
    "pid": 13384,
    "index": 64
  },
  {
    "name": "Load \"Symbol(model)\" to Application",
    "start": 1651991728556,
    "end": 1651991728584,
    "duration": 28,
    "pid": 13384,
    "index": 65
  },
  {
    "name": "Before Start in node_modules/egg-sequelize/lib/loader.js:39:7",
    "start": 1651991728584,
    "end": 1651991728871,
    "duration": 287,
    "pid": 13384,
    "index": 66
  },
  {
    "name": "Load Controller",
    "start": 1651991728608,
    "end": 1651991728757,
    "duration": 149,
    "pid": 13384,
    "index": 67
  },
  {
    "name": "Load \"controller\" to Application",
    "start": 1651991728608,
    "end": 1651991728757,
    "duration": 149,
    "pid": 13384,
    "index": 68
  },
  {
    "name": "Before Start in node_modules/egg-socket.io/lib/io.js:26:7",
    "start": 1651991728625,
    "end": 1651991728816,
    "duration": 191,
    "pid": 13384,
    "index": 69
  },
  {
    "name": "Load Service",
    "start": 1651991728625,
    "end": 1651991728651,
    "duration": 26,
    "pid": 13384,
    "index": 70
  },
  {
    "name": "Load \"service\" to Context",
    "start": 1651991728625,
    "end": 1651991728651,
    "duration": 26,
    "pid": 13384,
    "index": 71
  },
  {
    "name": "Load Middleware",
    "start": 1651991728652,
    "end": 1651991728757,
    "duration": 105,
    "pid": 13384,
    "index": 72
  },
  {
    "name": "Load \"middlewares\" to Application",
    "start": 1651991728652,
    "end": 1651991728742,
    "duration": 90,
    "pid": 13384,
    "index": 73
  },
  {
    "name": "Load Controller",
    "start": 1651991728757,
    "end": 1651991728766,
    "duration": 9,
    "pid": 13384,
    "index": 74
  },
  {
    "name": "Load \"controller\" to Application",
    "start": 1651991728757,
    "end": 1651991728766,
    "duration": 9,
    "pid": 13384,
    "index": 75
  },
  {
    "name": "Load Router",
    "start": 1651991728766,
    "end": 1651991728771,
    "duration": 5,
    "pid": 13384,
    "index": 76
  },
  {
    "name": "Require(54) app/router.js",
    "start": 1651991728766,
    "end": 1651991728766,
    "duration": 0,
    "pid": 13384,
    "index": 77
  },
  {
    "name": "Before Start in node_modules/egg-core/lib/egg.js:303:10",
    "start": 1651991728767,
    "end": 1651991728813,
    "duration": 46,
    "pid": 13384,
    "index": 78
  }
]