[
  {
    "name": "Process Start",
    "start": 1651892948640,
    "end": 1651892950368,
    "duration": 1728,
    "pid": 15064,
    "index": 0
  },
  {
    "name": "Application Start",
    "start": 1651892950369,
    "end": 1651892951774,
    "duration": 1405,
    "pid": 15064,
    "index": 1
  },
  {
    "name": "Load Plugin",
    "start": 1651892950376,
    "end": 1651892950400,
    "duration": 24,
    "pid": 15064,
    "index": 2
  },
  {
    "name": "Load Config",
    "start": 1651892950400,
    "end": 1651892950438,
    "duration": 38,
    "pid": 15064,
    "index": 3
  },
  {
    "name": "Require(0) config/config.default.js",
    "start": 1651892950401,
    "end": 1651892950401,
    "duration": 0,
    "pid": 15064,
    "index": 4
  },
  {
    "name": "Require(1) node_modules/egg-session/config/config.default.js",
    "start": 1651892950403,
    "end": 1651892950404,
    "duration": 1,
    "pid": 15064,
    "index": 5
  },
  {
    "name": "Require(2) node_modules/egg-security/config/config.default.js",
    "start": 1651892950404,
    "end": 1651892950405,
    "duration": 1,
    "pid": 15064,
    "index": 6
  },
  {
    "name": "Require(3) node_modules/egg-jsonp/config/config.default.js",
    "start": 1651892950406,
    "end": 1651892950407,
    "duration": 1,
    "pid": 15064,
    "index": 7
  },
  {
    "name": "Require(4) node_modules/egg-onerror/config/config.default.js",
    "start": 1651892950407,
    "end": 1651892950408,
    "duration": 1,
    "pid": 15064,
    "index": 8
  },
  {
    "name": "Require(5) node_modules/egg-i18n/config/config.default.js",
    "start": 1651892950409,
    "end": 1651892950409,
    "duration": 0,
    "pid": 15064,
    "index": 9
  },
  {
    "name": "Require(6) node_modules/egg-watcher/config/config.default.js",
    "start": 1651892950410,
    "end": 1651892950411,
    "duration": 1,
    "pid": 15064,
    "index": 10
  },
  {
    "name": "Require(7) node_modules/egg-schedule/config/config.default.js",
    "start": 1651892950411,
    "end": 1651892950412,
    "duration": 1,
    "pid": 15064,
    "index": 11
  },
  {
    "name": "Require(8) node_modules/egg-multipart/config/config.default.js",
    "start": 1651892950413,
    "end": 1651892950414,
    "duration": 1,
    "pid": 15064,
    "index": 12
  },
  {
    "name": "Require(9) node_modules/egg-development/config/config.default.js",
    "start": 1651892950415,
    "end": 1651892950416,
    "duration": 1,
    "pid": 15064,
    "index": 13
  },
  {
    "name": "Require(10) node_modules/egg-logrotator/config/config.default.js",
    "start": 1651892950416,
    "end": 1651892950417,
    "duration": 1,
    "pid": 15064,
    "index": 14
  },
  {
    "name": "Require(11) node_modules/egg-static/config/config.default.js",
    "start": 1651892950418,
    "end": 1651892950418,
    "duration": 0,
    "pid": 15064,
    "index": 15
  },
  {
    "name": "Require(12) node_modules/egg-view/config/config.default.js",
    "start": 1651892950419,
    "end": 1651892950420,
    "duration": 1,
    "pid": 15064,
    "index": 16
  },
  {
    "name": "Require(13) node_modules/egg-sequelize/config/config.default.js",
    "start": 1651892950420,
    "end": 1651892950421,
    "duration": 1,
    "pid": 15064,
    "index": 17
  },
  {
    "name": "Require(14) node_modules/egg-cors/config/config.default.js",
    "start": 1651892950421,
    "end": 1651892950422,
    "duration": 1,
    "pid": 15064,
    "index": 18
  },
  {
    "name": "Require(15) node_modules/egg-jwt/config/config.default.js",
    "start": 1651892950423,
    "end": 1651892950423,
    "duration": 0,
    "pid": 15064,
    "index": 19
  },
  {
    "name": "Require(16) node_modules/egg-socket.io/config/config.default.js",
    "start": 1651892950424,
    "end": 1651892950425,
    "duration": 1,
    "pid": 15064,
    "index": 20
  },
  {
    "name": "Require(17) node_modules/egg/config/config.default.js",
    "start": 1651892950425,
    "end": 1651892950426,
    "duration": 1,
    "pid": 15064,
    "index": 21
  },
  {
    "name": "Require(18) config/config.default.js",
    "start": 1651892950428,
    "end": 1651892950428,
    "duration": 0,
    "pid": 15064,
    "index": 22
  },
  {
    "name": "Require(19) node_modules/egg-security/config/config.local.js",
    "start": 1651892950432,
    "end": 1651892950432,
    "duration": 0,
    "pid": 15064,
    "index": 23
  },
  {
    "name": "Require(20) node_modules/egg-watcher/config/config.local.js",
    "start": 1651892950434,
    "end": 1651892950434,
    "duration": 0,
    "pid": 15064,
    "index": 24
  },
  {
    "name": "Require(21) node_modules/egg-view/config/config.local.js",
    "start": 1651892950436,
    "end": 1651892950436,
    "duration": 0,
    "pid": 15064,
    "index": 25
  },
  {
    "name": "Require(22) node_modules/egg/config/config.local.js",
    "start": 1651892950437,
    "end": 1651892950438,
    "duration": 1,
    "pid": 15064,
    "index": 26
  },
  {
    "name": "Load extend/application.js",
    "start": 1651892950445,
    "end": 1651892950568,
    "duration": 123,
    "pid": 15064,
    "index": 27
  },
  {
    "name": "Require(23) node_modules/egg-session/app/extend/application.js",
    "start": 1651892950445,
    "end": 1651892950446,
    "duration": 1,
    "pid": 15064,
    "index": 28
  },
  {
    "name": "Require(24) node_modules/egg-security/app/extend/application.js",
    "start": 1651892950446,
    "end": 1651892950448,
    "duration": 2,
    "pid": 15064,
    "index": 29
  },
  {
    "name": "Require(25) node_modules/egg-jsonp/app/extend/application.js",
    "start": 1651892950449,
    "end": 1651892950450,
    "duration": 1,
    "pid": 15064,
    "index": 30
  },
  {
    "name": "Require(26) node_modules/egg-logrotator/app/extend/application.js",
    "start": 1651892950452,
    "end": 1651892950453,
    "duration": 1,
    "pid": 15064,
    "index": 31
  },
  {
    "name": "Require(27) node_modules/egg-view/app/extend/application.js",
    "start": 1651892950454,
    "end": 1651892950456,
    "duration": 2,
    "pid": 15064,
    "index": 32
  },
  {
    "name": "Require(28) node_modules/egg-jwt/app/extend/application.js",
    "start": 1651892950457,
    "end": 1651892950503,
    "duration": 46,
    "pid": 15064,
    "index": 33
  },
  {
    "name": "Require(29) node_modules/egg-socket.io/app/extend/application.js",
    "start": 1651892950503,
    "end": 1651892950564,
    "duration": 61,
    "pid": 15064,
    "index": 34
  },
  {
    "name": "Load extend/request.js",
    "start": 1651892950569,
    "end": 1651892950576,
    "duration": 7,
    "pid": 15064,
    "index": 35
  },
  {
    "name": "Require(30) node_modules/egg/app/extend/request.js",
    "start": 1651892950572,
    "end": 1651892950573,
    "duration": 1,
    "pid": 15064,
    "index": 36
  },
  {
    "name": "Load extend/response.js",
    "start": 1651892950577,
    "end": 1651892950585,
    "duration": 8,
    "pid": 15064,
    "index": 37
  },
  {
    "name": "Require(31) node_modules/egg/app/extend/response.js",
    "start": 1651892950580,
    "end": 1651892950581,
    "duration": 1,
    "pid": 15064,
    "index": 38
  },
  {
    "name": "Load extend/context.js",
    "start": 1651892950585,
    "end": 1651892950689,
    "duration": 104,
    "pid": 15064,
    "index": 39
  },
  {
    "name": "Require(32) node_modules/egg-security/app/extend/context.js",
    "start": 1651892950586,
    "end": 1651892950598,
    "duration": 12,
    "pid": 15064,
    "index": 40
  },
  {
    "name": "Require(33) node_modules/egg-jsonp/app/extend/context.js",
    "start": 1651892950599,
    "end": 1651892950600,
    "duration": 1,
    "pid": 15064,
    "index": 41
  },
  {
    "name": "Require(34) node_modules/egg-i18n/app/extend/context.js",
    "start": 1651892950601,
    "end": 1651892950602,
    "duration": 1,
    "pid": 15064,
    "index": 42
  },
  {
    "name": "Require(35) node_modules/egg-multipart/app/extend/context.js",
    "start": 1651892950603,
    "end": 1651892950679,
    "duration": 76,
    "pid": 15064,
    "index": 43
  },
  {
    "name": "Require(36) node_modules/egg-view/app/extend/context.js",
    "start": 1651892950680,
    "end": 1651892950682,
    "duration": 2,
    "pid": 15064,
    "index": 44
  },
  {
    "name": "Require(37) node_modules/egg/app/extend/context.js",
    "start": 1651892950684,
    "end": 1651892950685,
    "duration": 1,
    "pid": 15064,
    "index": 45
  },
  {
    "name": "Load extend/helper.js",
    "start": 1651892950689,
    "end": 1651892950723,
    "duration": 34,
    "pid": 15064,
    "index": 46
  },
  {
    "name": "Require(38) node_modules/egg-security/app/extend/helper.js",
    "start": 1651892950690,
    "end": 1651892950716,
    "duration": 26,
    "pid": 15064,
    "index": 47
  },
  {
    "name": "Require(39) node_modules/egg/app/extend/helper.js",
    "start": 1651892950719,
    "end": 1651892950720,
    "duration": 1,
    "pid": 15064,
    "index": 48
  },
  {
    "name": "Load app.js",
    "start": 1651892950724,
    "end": 1651892950829,
    "duration": 105,
    "pid": 15064,
    "index": 49
  },
  {
    "name": "Require(40) node_modules/egg-session/app.js",
    "start": 1651892950725,
    "end": 1651892950726,
    "duration": 1,
    "pid": 15064,
    "index": 50
  },
  {
    "name": "Require(41) node_modules/egg-security/app.js",
    "start": 1651892950726,
    "end": 1651892950728,
    "duration": 2,
    "pid": 15064,
    "index": 51
  },
  {
    "name": "Require(42) node_modules/egg-onerror/app.js",
    "start": 1651892950729,
    "end": 1651892950737,
    "duration": 8,
    "pid": 15064,
    "index": 52
  },
  {
    "name": "Require(43) node_modules/egg-i18n/app.js",
    "start": 1651892950738,
    "end": 1651892950758,
    "duration": 20,
    "pid": 15064,
    "index": 53
  },
  {
    "name": "Require(44) node_modules/egg-watcher/app.js",
    "start": 1651892950759,
    "end": 1651892950764,
    "duration": 5,
    "pid": 15064,
    "index": 54
  },
  {
    "name": "Require(45) node_modules/egg-schedule/app.js",
    "start": 1651892950764,
    "end": 1651892950766,
    "duration": 2,
    "pid": 15064,
    "index": 55
  },
  {
    "name": "Require(46) node_modules/egg-multipart/app.js",
    "start": 1651892950766,
    "end": 1651892950767,
    "duration": 1,
    "pid": 15064,
    "index": 56
  },
  {
    "name": "Require(47) node_modules/egg-development/app.js",
    "start": 1651892950767,
    "end": 1651892950768,
    "duration": 1,
    "pid": 15064,
    "index": 57
  },
  {
    "name": "Require(48) node_modules/egg-logrotator/app.js",
    "start": 1651892950768,
    "end": 1651892950769,
    "duration": 1,
    "pid": 15064,
    "index": 58
  },
  {
    "name": "Require(49) node_modules/egg-static/app.js",
    "start": 1651892950769,
    "end": 1651892950769,
    "duration": 0,
    "pid": 15064,
    "index": 59
  },
  {
    "name": "Require(50) node_modules/egg-sequelize/app.js",
    "start": 1651892950770,
    "end": 1651892950770,
    "duration": 0,
    "pid": 15064,
    "index": 60
  },
  {
    "name": "Require(51) node_modules/egg-cors/app.js",
    "start": 1651892950771,
    "end": 1651892950771,
    "duration": 0,
    "pid": 15064,
    "index": 61
  },
  {
    "name": "Require(52) node_modules/egg-jwt/app.js",
    "start": 1651892950771,
    "end": 1651892950772,
    "duration": 1,
    "pid": 15064,
    "index": 62
  },
  {
    "name": "Require(53) node_modules/egg-socket.io/app.js",
    "start": 1651892950772,
    "end": 1651892950827,
    "duration": 55,
    "pid": 15064,
    "index": 63
  },
  {
    "name": "Before Start in node_modules/egg-watcher/lib/init.js:15:14",
    "start": 1651892950846,
    "end": 1651892951739,
    "duration": 893,
    "pid": 15064,
    "index": 64
  },
  {
    "name": "Load \"Symbol(model)\" to Application",
    "start": 1651892951414,
    "end": 1651892951448,
    "duration": 34,
    "pid": 15064,
    "index": 65
  },
  {
    "name": "Before Start in node_modules/egg-sequelize/lib/loader.js:39:7",
    "start": 1651892951448,
    "end": 1651892951765,
    "duration": 317,
    "pid": 15064,
    "index": 66
  },
  {
    "name": "Load Controller",
    "start": 1651892951462,
    "end": 1651892951613,
    "duration": 151,
    "pid": 15064,
    "index": 67
  },
  {
    "name": "Load \"controller\" to Application",
    "start": 1651892951462,
    "end": 1651892951613,
    "duration": 151,
    "pid": 15064,
    "index": 68
  },
  {
    "name": "Before Start in node_modules/egg-socket.io/lib/io.js:26:7",
    "start": 1651892951472,
    "end": 1651892951694,
    "duration": 222,
    "pid": 15064,
    "index": 69
  },
  {
    "name": "Load Service",
    "start": 1651892951472,
    "end": 1651892951496,
    "duration": 24,
    "pid": 15064,
    "index": 70
  },
  {
    "name": "Load \"service\" to Context",
    "start": 1651892951473,
    "end": 1651892951496,
    "duration": 23,
    "pid": 15064,
    "index": 71
  },
  {
    "name": "Load Middleware",
    "start": 1651892951496,
    "end": 1651892951613,
    "duration": 117,
    "pid": 15064,
    "index": 72
  },
  {
    "name": "Load \"middlewares\" to Application",
    "start": 1651892951496,
    "end": 1651892951592,
    "duration": 96,
    "pid": 15064,
    "index": 73
  },
  {
    "name": "Load Controller",
    "start": 1651892951613,
    "end": 1651892951629,
    "duration": 16,
    "pid": 15064,
    "index": 74
  },
  {
    "name": "Load \"controller\" to Application",
    "start": 1651892951613,
    "end": 1651892951629,
    "duration": 16,
    "pid": 15064,
    "index": 75
  },
  {
    "name": "Load Router",
    "start": 1651892951629,
    "end": 1651892951635,
    "duration": 6,
    "pid": 15064,
    "index": 76
  },
  {
    "name": "Require(54) app/router.js",
    "start": 1651892951630,
    "end": 1651892951631,
    "duration": 1,
    "pid": 15064,
    "index": 77
  },
  {
    "name": "Before Start in node_modules/egg-core/lib/egg.js:303:10",
    "start": 1651892951632,
    "end": 1651892951688,
    "duration": 56,
    "pid": 15064,
    "index": 78
  }
]