[
  {
    "name": "Process Start",
    "start": 1651915504384,
    "end": 1651915506136,
    "duration": 1752,
    "pid": 16632,
    "index": 0
  },
  {
    "name": "Application Start",
    "start": 1651915506137,
    "end": 1651915507574,
    "duration": 1437,
    "pid": 16632,
    "index": 1
  },
  {
    "name": "Load Plugin",
    "start": 1651915506143,
    "end": 1651915506169,
    "duration": 26,
    "pid": 16632,
    "index": 2
  },
  {
    "name": "Load Config",
    "start": 1651915506170,
    "end": 1651915506208,
    "duration": 38,
    "pid": 16632,
    "index": 3
  },
  {
    "name": "Require(0) config/config.default.js",
    "start": 1651915506171,
    "end": 1651915506171,
    "duration": 0,
    "pid": 16632,
    "index": 4
  },
  {
    "name": "Require(1) node_modules/egg-session/config/config.default.js",
    "start": 1651915506174,
    "end": 1651915506174,
    "duration": 0,
    "pid": 16632,
    "index": 5
  },
  {
    "name": "Require(2) node_modules/egg-security/config/config.default.js",
    "start": 1651915506175,
    "end": 1651915506175,
    "duration": 0,
    "pid": 16632,
    "index": 6
  },
  {
    "name": "Require(3) node_modules/egg-jsonp/config/config.default.js",
    "start": 1651915506177,
    "end": 1651915506178,
    "duration": 1,
    "pid": 16632,
    "index": 7
  },
  {
    "name": "Require(4) node_modules/egg-onerror/config/config.default.js",
    "start": 1651915506178,
    "end": 1651915506179,
    "duration": 1,
    "pid": 16632,
    "index": 8
  },
  {
    "name": "Require(5) node_modules/egg-i18n/config/config.default.js",
    "start": 1651915506179,
    "end": 1651915506180,
    "duration": 1,
    "pid": 16632,
    "index": 9
  },
  {
    "name": "Require(6) node_modules/egg-watcher/config/config.default.js",
    "start": 1651915506181,
    "end": 1651915506182,
    "duration": 1,
    "pid": 16632,
    "index": 10
  },
  {
    "name": "Require(7) node_modules/egg-schedule/config/config.default.js",
    "start": 1651915506182,
    "end": 1651915506183,
    "duration": 1,
    "pid": 16632,
    "index": 11
  },
  {
    "name": "Require(8) node_modules/egg-multipart/config/config.default.js",
    "start": 1651915506183,
    "end": 1651915506184,
    "duration": 1,
    "pid": 16632,
    "index": 12
  },
  {
    "name": "Require(9) node_modules/egg-development/config/config.default.js",
    "start": 1651915506185,
    "end": 1651915506186,
    "duration": 1,
    "pid": 16632,
    "index": 13
  },
  {
    "name": "Require(10) node_modules/egg-logrotator/config/config.default.js",
    "start": 1651915506186,
    "end": 1651915506187,
    "duration": 1,
    "pid": 16632,
    "index": 14
  },
  {
    "name": "Require(11) node_modules/egg-static/config/config.default.js",
    "start": 1651915506187,
    "end": 1651915506188,
    "duration": 1,
    "pid": 16632,
    "index": 15
  },
  {
    "name": "Require(12) node_modules/egg-view/config/config.default.js",
    "start": 1651915506189,
    "end": 1651915506189,
    "duration": 0,
    "pid": 16632,
    "index": 16
  },
  {
    "name": "Require(13) node_modules/egg-sequelize/config/config.default.js",
    "start": 1651915506190,
    "end": 1651915506191,
    "duration": 1,
    "pid": 16632,
    "index": 17
  },
  {
    "name": "Require(14) node_modules/egg-cors/config/config.default.js",
    "start": 1651915506191,
    "end": 1651915506192,
    "duration": 1,
    "pid": 16632,
    "index": 18
  },
  {
    "name": "Require(15) node_modules/egg-jwt/config/config.default.js",
    "start": 1651915506192,
    "end": 1651915506193,
    "duration": 1,
    "pid": 16632,
    "index": 19
  },
  {
    "name": "Require(16) node_modules/egg-socket.io/config/config.default.js",
    "start": 1651915506194,
    "end": 1651915506194,
    "duration": 0,
    "pid": 16632,
    "index": 20
  },
  {
    "name": "Require(17) node_modules/egg/config/config.default.js",
    "start": 1651915506195,
    "end": 1651915506195,
    "duration": 0,
    "pid": 16632,
    "index": 21
  },
  {
    "name": "Require(18) config/config.default.js",
    "start": 1651915506197,
    "end": 1651915506197,
    "duration": 0,
    "pid": 16632,
    "index": 22
  },
  {
    "name": "Require(19) node_modules/egg-security/config/config.local.js",
    "start": 1651915506201,
    "end": 1651915506201,
    "duration": 0,
    "pid": 16632,
    "index": 23
  },
  {
    "name": "Require(20) node_modules/egg-watcher/config/config.local.js",
    "start": 1651915506202,
    "end": 1651915506203,
    "duration": 1,
    "pid": 16632,
    "index": 24
  },
  {
    "name": "Require(21) node_modules/egg-view/config/config.local.js",
    "start": 1651915506205,
    "end": 1651915506205,
    "duration": 0,
    "pid": 16632,
    "index": 25
  },
  {
    "name": "Require(22) node_modules/egg/config/config.local.js",
    "start": 1651915506207,
    "end": 1651915506208,
    "duration": 1,
    "pid": 16632,
    "index": 26
  },
  {
    "name": "Load extend/application.js",
    "start": 1651915506211,
    "end": 1651915506346,
    "duration": 135,
    "pid": 16632,
    "index": 27
  },
  {
    "name": "Require(23) node_modules/egg-session/app/extend/application.js",
    "start": 1651915506212,
    "end": 1651915506214,
    "duration": 2,
    "pid": 16632,
    "index": 28
  },
  {
    "name": "Require(24) node_modules/egg-security/app/extend/application.js",
    "start": 1651915506214,
    "end": 1651915506216,
    "duration": 2,
    "pid": 16632,
    "index": 29
  },
  {
    "name": "Require(25) node_modules/egg-jsonp/app/extend/application.js",
    "start": 1651915506216,
    "end": 1651915506219,
    "duration": 3,
    "pid": 16632,
    "index": 30
  },
  {
    "name": "Require(26) node_modules/egg-logrotator/app/extend/application.js",
    "start": 1651915506220,
    "end": 1651915506222,
    "duration": 2,
    "pid": 16632,
    "index": 31
  },
  {
    "name": "Require(27) node_modules/egg-view/app/extend/application.js",
    "start": 1651915506223,
    "end": 1651915506225,
    "duration": 2,
    "pid": 16632,
    "index": 32
  },
  {
    "name": "Require(28) node_modules/egg-jwt/app/extend/application.js",
    "start": 1651915506226,
    "end": 1651915506280,
    "duration": 54,
    "pid": 16632,
    "index": 33
  },
  {
    "name": "Require(29) node_modules/egg-socket.io/app/extend/application.js",
    "start": 1651915506281,
    "end": 1651915506341,
    "duration": 60,
    "pid": 16632,
    "index": 34
  },
  {
    "name": "Load extend/request.js",
    "start": 1651915506346,
    "end": 1651915506354,
    "duration": 8,
    "pid": 16632,
    "index": 35
  },
  {
    "name": "Require(30) node_modules/egg/app/extend/request.js",
    "start": 1651915506349,
    "end": 1651915506350,
    "duration": 1,
    "pid": 16632,
    "index": 36
  },
  {
    "name": "Load extend/response.js",
    "start": 1651915506354,
    "end": 1651915506364,
    "duration": 10,
    "pid": 16632,
    "index": 37
  },
  {
    "name": "Require(31) node_modules/egg/app/extend/response.js",
    "start": 1651915506359,
    "end": 1651915506361,
    "duration": 2,
    "pid": 16632,
    "index": 38
  },
  {
    "name": "Load extend/context.js",
    "start": 1651915506364,
    "end": 1651915506464,
    "duration": 100,
    "pid": 16632,
    "index": 39
  },
  {
    "name": "Require(32) node_modules/egg-security/app/extend/context.js",
    "start": 1651915506365,
    "end": 1651915506376,
    "duration": 11,
    "pid": 16632,
    "index": 40
  },
  {
    "name": "Require(33) node_modules/egg-jsonp/app/extend/context.js",
    "start": 1651915506377,
    "end": 1651915506378,
    "duration": 1,
    "pid": 16632,
    "index": 41
  },
  {
    "name": "Require(34) node_modules/egg-i18n/app/extend/context.js",
    "start": 1651915506379,
    "end": 1651915506380,
    "duration": 1,
    "pid": 16632,
    "index": 42
  },
  {
    "name": "Require(35) node_modules/egg-multipart/app/extend/context.js",
    "start": 1651915506380,
    "end": 1651915506454,
    "duration": 74,
    "pid": 16632,
    "index": 43
  },
  {
    "name": "Require(36) node_modules/egg-view/app/extend/context.js",
    "start": 1651915506455,
    "end": 1651915506456,
    "duration": 1,
    "pid": 16632,
    "index": 44
  },
  {
    "name": "Require(37) node_modules/egg/app/extend/context.js",
    "start": 1651915506457,
    "end": 1651915506458,
    "duration": 1,
    "pid": 16632,
    "index": 45
  },
  {
    "name": "Load extend/helper.js",
    "start": 1651915506464,
    "end": 1651915506495,
    "duration": 31,
    "pid": 16632,
    "index": 46
  },
  {
    "name": "Require(38) node_modules/egg-security/app/extend/helper.js",
    "start": 1651915506466,
    "end": 1651915506487,
    "duration": 21,
    "pid": 16632,
    "index": 47
  },
  {
    "name": "Require(39) node_modules/egg/app/extend/helper.js",
    "start": 1651915506490,
    "end": 1651915506491,
    "duration": 1,
    "pid": 16632,
    "index": 48
  },
  {
    "name": "Load app.js",
    "start": 1651915506496,
    "end": 1651915506613,
    "duration": 117,
    "pid": 16632,
    "index": 49
  },
  {
    "name": "Require(40) node_modules/egg-session/app.js",
    "start": 1651915506496,
    "end": 1651915506496,
    "duration": 0,
    "pid": 16632,
    "index": 50
  },
  {
    "name": "Require(41) node_modules/egg-security/app.js",
    "start": 1651915506497,
    "end": 1651915506499,
    "duration": 2,
    "pid": 16632,
    "index": 51
  },
  {
    "name": "Require(42) node_modules/egg-onerror/app.js",
    "start": 1651915506499,
    "end": 1651915506508,
    "duration": 9,
    "pid": 16632,
    "index": 52
  },
  {
    "name": "Require(43) node_modules/egg-i18n/app.js",
    "start": 1651915506508,
    "end": 1651915506528,
    "duration": 20,
    "pid": 16632,
    "index": 53
  },
  {
    "name": "Require(44) node_modules/egg-watcher/app.js",
    "start": 1651915506529,
    "end": 1651915506533,
    "duration": 4,
    "pid": 16632,
    "index": 54
  },
  {
    "name": "Require(45) node_modules/egg-schedule/app.js",
    "start": 1651915506533,
    "end": 1651915506535,
    "duration": 2,
    "pid": 16632,
    "index": 55
  },
  {
    "name": "Require(46) node_modules/egg-multipart/app.js",
    "start": 1651915506535,
    "end": 1651915506536,
    "duration": 1,
    "pid": 16632,
    "index": 56
  },
  {
    "name": "Require(47) node_modules/egg-development/app.js",
    "start": 1651915506536,
    "end": 1651915506537,
    "duration": 1,
    "pid": 16632,
    "index": 57
  },
  {
    "name": "Require(48) node_modules/egg-logrotator/app.js",
    "start": 1651915506538,
    "end": 1651915506538,
    "duration": 0,
    "pid": 16632,
    "index": 58
  },
  {
    "name": "Require(49) node_modules/egg-static/app.js",
    "start": 1651915506539,
    "end": 1651915506539,
    "duration": 0,
    "pid": 16632,
    "index": 59
  },
  {
    "name": "Require(50) node_modules/egg-sequelize/app.js",
    "start": 1651915506540,
    "end": 1651915506540,
    "duration": 0,
    "pid": 16632,
    "index": 60
  },
  {
    "name": "Require(51) node_modules/egg-cors/app.js",
    "start": 1651915506541,
    "end": 1651915506541,
    "duration": 0,
    "pid": 16632,
    "index": 61
  },
  {
    "name": "Require(52) node_modules/egg-jwt/app.js",
    "start": 1651915506542,
    "end": 1651915506542,
    "duration": 0,
    "pid": 16632,
    "index": 62
  },
  {
    "name": "Require(53) node_modules/egg-socket.io/app.js",
    "start": 1651915506543,
    "end": 1651915506611,
    "duration": 68,
    "pid": 16632,
    "index": 63
  },
  {
    "name": "Before Start in node_modules/egg-watcher/lib/init.js:15:14",
    "start": 1651915506631,
    "end": 1651915507530,
    "duration": 899,
    "pid": 16632,
    "index": 64
  },
  {
    "name": "Load \"Symbol(model)\" to Application",
    "start": 1651915507209,
    "end": 1651915507245,
    "duration": 36,
    "pid": 16632,
    "index": 65
  },
  {
    "name": "Before Start in node_modules/egg-sequelize/lib/loader.js:39:7",
    "start": 1651915507245,
    "end": 1651915507560,
    "duration": 315,
    "pid": 16632,
    "index": 66
  },
  {
    "name": "Load Controller",
    "start": 1651915507262,
    "end": 1651915507427,
    "duration": 165,
    "pid": 16632,
    "index": 67
  },
  {
    "name": "Load \"controller\" to Application",
    "start": 1651915507263,
    "end": 1651915507427,
    "duration": 164,
    "pid": 16632,
    "index": 68
  },
  {
    "name": "Before Start in node_modules/egg-socket.io/lib/io.js:26:7",
    "start": 1651915507274,
    "end": 1651915507488,
    "duration": 214,
    "pid": 16632,
    "index": 69
  },
  {
    "name": "Load Service",
    "start": 1651915507274,
    "end": 1651915507301,
    "duration": 27,
    "pid": 16632,
    "index": 70
  },
  {
    "name": "Load \"service\" to Context",
    "start": 1651915507275,
    "end": 1651915507301,
    "duration": 26,
    "pid": 16632,
    "index": 71
  },
  {
    "name": "Load Middleware",
    "start": 1651915507301,
    "end": 1651915507427,
    "duration": 126,
    "pid": 16632,
    "index": 72
  },
  {
    "name": "Load \"middlewares\" to Application",
    "start": 1651915507301,
    "end": 1651915507410,
    "duration": 109,
    "pid": 16632,
    "index": 73
  },
  {
    "name": "Load Controller",
    "start": 1651915507427,
    "end": 1651915507437,
    "duration": 10,
    "pid": 16632,
    "index": 74
  },
  {
    "name": "Load \"controller\" to Application",
    "start": 1651915507427,
    "end": 1651915507437,
    "duration": 10,
    "pid": 16632,
    "index": 75
  },
  {
    "name": "Load Router",
    "start": 1651915507437,
    "end": 1651915507442,
    "duration": 5,
    "pid": 16632,
    "index": 76
  },
  {
    "name": "Require(54) app/router.js",
    "start": 1651915507438,
    "end": 1651915507438,
    "duration": 0,
    "pid": 16632,
    "index": 77
  },
  {
    "name": "Before Start in node_modules/egg-core/lib/egg.js:303:10",
    "start": 1651915507439,
    "end": 1651915507485,
    "duration": 46,
    "pid": 16632,
    "index": 78
  }
]