[
  {
    "name": "Process Start",
    "start": 1651933540091,
    "end": 1651933541627,
    "duration": 1536,
    "pid": 17908,
    "index": 0
  },
  {
    "name": "Application Start",
    "start": 1651933541628,
    "end": 1651933543025,
    "duration": 1397,
    "pid": 17908,
    "index": 1
  },
  {
    "name": "Load Plugin",
    "start": 1651933541636,
    "end": 1651933541664,
    "duration": 28,
    "pid": 17908,
    "index": 2
  },
  {
    "name": "Load Config",
    "start": 1651933541664,
    "end": 1651933541707,
    "duration": 43,
    "pid": 17908,
    "index": 3
  },
  {
    "name": "Require(0) config/config.default.js",
    "start": 1651933541665,
    "end": 1651933541665,
    "duration": 0,
    "pid": 17908,
    "index": 4
  },
  {
    "name": "Require(1) node_modules/egg-session/config/config.default.js",
    "start": 1651933541668,
    "end": 1651933541668,
    "duration": 0,
    "pid": 17908,
    "index": 5
  },
  {
    "name": "Require(2) node_modules/egg-security/config/config.default.js",
    "start": 1651933541669,
    "end": 1651933541670,
    "duration": 1,
    "pid": 17908,
    "index": 6
  },
  {
    "name": "Require(3) node_modules/egg-jsonp/config/config.default.js",
    "start": 1651933541671,
    "end": 1651933541672,
    "duration": 1,
    "pid": 17908,
    "index": 7
  },
  {
    "name": "Require(4) node_modules/egg-onerror/config/config.default.js",
    "start": 1651933541673,
    "end": 1651933541673,
    "duration": 0,
    "pid": 17908,
    "index": 8
  },
  {
    "name": "Require(5) node_modules/egg-i18n/config/config.default.js",
    "start": 1651933541674,
    "end": 1651933541674,
    "duration": 0,
    "pid": 17908,
    "index": 9
  },
  {
    "name": "Require(6) node_modules/egg-watcher/config/config.default.js",
    "start": 1651933541675,
    "end": 1651933541676,
    "duration": 1,
    "pid": 17908,
    "index": 10
  },
  {
    "name": "Require(7) node_modules/egg-schedule/config/config.default.js",
    "start": 1651933541676,
    "end": 1651933541678,
    "duration": 2,
    "pid": 17908,
    "index": 11
  },
  {
    "name": "Require(8) node_modules/egg-multipart/config/config.default.js",
    "start": 1651933541679,
    "end": 1651933541681,
    "duration": 2,
    "pid": 17908,
    "index": 12
  },
  {
    "name": "Require(9) node_modules/egg-development/config/config.default.js",
    "start": 1651933541682,
    "end": 1651933541683,
    "duration": 1,
    "pid": 17908,
    "index": 13
  },
  {
    "name": "Require(10) node_modules/egg-logrotator/config/config.default.js",
    "start": 1651933541684,
    "end": 1651933541684,
    "duration": 0,
    "pid": 17908,
    "index": 14
  },
  {
    "name": "Require(11) node_modules/egg-static/config/config.default.js",
    "start": 1651933541685,
    "end": 1651933541686,
    "duration": 1,
    "pid": 17908,
    "index": 15
  },
  {
    "name": "Require(12) node_modules/egg-view/config/config.default.js",
    "start": 1651933541686,
    "end": 1651933541687,
    "duration": 1,
    "pid": 17908,
    "index": 16
  },
  {
    "name": "Require(13) node_modules/egg-sequelize/config/config.default.js",
    "start": 1651933541687,
    "end": 1651933541688,
    "duration": 1,
    "pid": 17908,
    "index": 17
  },
  {
    "name": "Require(14) node_modules/egg-cors/config/config.default.js",
    "start": 1651933541688,
    "end": 1651933541689,
    "duration": 1,
    "pid": 17908,
    "index": 18
  },
  {
    "name": "Require(15) node_modules/egg-jwt/config/config.default.js",
    "start": 1651933541690,
    "end": 1651933541690,
    "duration": 0,
    "pid": 17908,
    "index": 19
  },
  {
    "name": "Require(16) node_modules/egg-socket.io/config/config.default.js",
    "start": 1651933541691,
    "end": 1651933541691,
    "duration": 0,
    "pid": 17908,
    "index": 20
  },
  {
    "name": "Require(17) node_modules/egg/config/config.default.js",
    "start": 1651933541692,
    "end": 1651933541692,
    "duration": 0,
    "pid": 17908,
    "index": 21
  },
  {
    "name": "Require(18) config/config.default.js",
    "start": 1651933541694,
    "end": 1651933541694,
    "duration": 0,
    "pid": 17908,
    "index": 22
  },
  {
    "name": "Require(19) node_modules/egg-security/config/config.local.js",
    "start": 1651933541697,
    "end": 1651933541697,
    "duration": 0,
    "pid": 17908,
    "index": 23
  },
  {
    "name": "Require(20) node_modules/egg-watcher/config/config.local.js",
    "start": 1651933541698,
    "end": 1651933541699,
    "duration": 1,
    "pid": 17908,
    "index": 24
  },
  {
    "name": "Require(21) node_modules/egg-view/config/config.local.js",
    "start": 1651933541705,
    "end": 1651933541705,
    "duration": 0,
    "pid": 17908,
    "index": 25
  },
  {
    "name": "Require(22) node_modules/egg/config/config.local.js",
    "start": 1651933541706,
    "end": 1651933541707,
    "duration": 1,
    "pid": 17908,
    "index": 26
  },
  {
    "name": "Load extend/application.js",
    "start": 1651933541708,
    "end": 1651933541826,
    "duration": 118,
    "pid": 17908,
    "index": 27
  },
  {
    "name": "Require(23) node_modules/egg-session/app/extend/application.js",
    "start": 1651933541709,
    "end": 1651933541710,
    "duration": 1,
    "pid": 17908,
    "index": 28
  },
  {
    "name": "Require(24) node_modules/egg-security/app/extend/application.js",
    "start": 1651933541711,
    "end": 1651933541712,
    "duration": 1,
    "pid": 17908,
    "index": 29
  },
  {
    "name": "Require(25) node_modules/egg-jsonp/app/extend/application.js",
    "start": 1651933541713,
    "end": 1651933541714,
    "duration": 1,
    "pid": 17908,
    "index": 30
  },
  {
    "name": "Require(26) node_modules/egg-logrotator/app/extend/application.js",
    "start": 1651933541716,
    "end": 1651933541717,
    "duration": 1,
    "pid": 17908,
    "index": 31
  },
  {
    "name": "Require(27) node_modules/egg-view/app/extend/application.js",
    "start": 1651933541718,
    "end": 1651933541719,
    "duration": 1,
    "pid": 17908,
    "index": 32
  },
  {
    "name": "Require(28) node_modules/egg-jwt/app/extend/application.js",
    "start": 1651933541720,
    "end": 1651933541762,
    "duration": 42,
    "pid": 17908,
    "index": 33
  },
  {
    "name": "Require(29) node_modules/egg-socket.io/app/extend/application.js",
    "start": 1651933541763,
    "end": 1651933541823,
    "duration": 60,
    "pid": 17908,
    "index": 34
  },
  {
    "name": "Load extend/request.js",
    "start": 1651933541827,
    "end": 1651933541834,
    "duration": 7,
    "pid": 17908,
    "index": 35
  },
  {
    "name": "Require(30) node_modules/egg/app/extend/request.js",
    "start": 1651933541830,
    "end": 1651933541831,
    "duration": 1,
    "pid": 17908,
    "index": 36
  },
  {
    "name": "Load extend/response.js",
    "start": 1651933541834,
    "end": 1651933541842,
    "duration": 8,
    "pid": 17908,
    "index": 37
  },
  {
    "name": "Require(31) node_modules/egg/app/extend/response.js",
    "start": 1651933541837,
    "end": 1651933541839,
    "duration": 2,
    "pid": 17908,
    "index": 38
  },
  {
    "name": "Load extend/context.js",
    "start": 1651933541842,
    "end": 1651933541925,
    "duration": 83,
    "pid": 17908,
    "index": 39
  },
  {
    "name": "Require(32) node_modules/egg-security/app/extend/context.js",
    "start": 1651933541842,
    "end": 1651933541852,
    "duration": 10,
    "pid": 17908,
    "index": 40
  },
  {
    "name": "Require(33) node_modules/egg-jsonp/app/extend/context.js",
    "start": 1651933541853,
    "end": 1651933541855,
    "duration": 2,
    "pid": 17908,
    "index": 41
  },
  {
    "name": "Require(34) node_modules/egg-i18n/app/extend/context.js",
    "start": 1651933541856,
    "end": 1651933541856,
    "duration": 0,
    "pid": 17908,
    "index": 42
  },
  {
    "name": "Require(35) node_modules/egg-multipart/app/extend/context.js",
    "start": 1651933541857,
    "end": 1651933541916,
    "duration": 59,
    "pid": 17908,
    "index": 43
  },
  {
    "name": "Require(36) node_modules/egg-view/app/extend/context.js",
    "start": 1651933541918,
    "end": 1651933541919,
    "duration": 1,
    "pid": 17908,
    "index": 44
  },
  {
    "name": "Require(37) node_modules/egg/app/extend/context.js",
    "start": 1651933541920,
    "end": 1651933541921,
    "duration": 1,
    "pid": 17908,
    "index": 45
  },
  {
    "name": "Load extend/helper.js",
    "start": 1651933541925,
    "end": 1651933541955,
    "duration": 30,
    "pid": 17908,
    "index": 46
  },
  {
    "name": "Require(38) node_modules/egg-security/app/extend/helper.js",
    "start": 1651933541926,
    "end": 1651933541948,
    "duration": 22,
    "pid": 17908,
    "index": 47
  },
  {
    "name": "Require(39) node_modules/egg/app/extend/helper.js",
    "start": 1651933541951,
    "end": 1651933541951,
    "duration": 0,
    "pid": 17908,
    "index": 48
  },
  {
    "name": "Load app.js",
    "start": 1651933541956,
    "end": 1651933542072,
    "duration": 116,
    "pid": 17908,
    "index": 49
  },
  {
    "name": "Require(40) node_modules/egg-session/app.js",
    "start": 1651933541956,
    "end": 1651933541957,
    "duration": 1,
    "pid": 17908,
    "index": 50
  },
  {
    "name": "Require(41) node_modules/egg-security/app.js",
    "start": 1651933541957,
    "end": 1651933541959,
    "duration": 2,
    "pid": 17908,
    "index": 51
  },
  {
    "name": "Require(42) node_modules/egg-onerror/app.js",
    "start": 1651933541960,
    "end": 1651933541969,
    "duration": 9,
    "pid": 17908,
    "index": 52
  },
  {
    "name": "Require(43) node_modules/egg-i18n/app.js",
    "start": 1651933541969,
    "end": 1651933541992,
    "duration": 23,
    "pid": 17908,
    "index": 53
  },
  {
    "name": "Require(44) node_modules/egg-watcher/app.js",
    "start": 1651933541992,
    "end": 1651933541998,
    "duration": 6,
    "pid": 17908,
    "index": 54
  },
  {
    "name": "Require(45) node_modules/egg-schedule/app.js",
    "start": 1651933541999,
    "end": 1651933542000,
    "duration": 1,
    "pid": 17908,
    "index": 55
  },
  {
    "name": "Require(46) node_modules/egg-multipart/app.js",
    "start": 1651933542001,
    "end": 1651933542001,
    "duration": 0,
    "pid": 17908,
    "index": 56
  },
  {
    "name": "Require(47) node_modules/egg-development/app.js",
    "start": 1651933542002,
    "end": 1651933542002,
    "duration": 0,
    "pid": 17908,
    "index": 57
  },
  {
    "name": "Require(48) node_modules/egg-logrotator/app.js",
    "start": 1651933542002,
    "end": 1651933542003,
    "duration": 1,
    "pid": 17908,
    "index": 58
  },
  {
    "name": "Require(49) node_modules/egg-static/app.js",
    "start": 1651933542003,
    "end": 1651933542003,
    "duration": 0,
    "pid": 17908,
    "index": 59
  },
  {
    "name": "Require(50) node_modules/egg-sequelize/app.js",
    "start": 1651933542004,
    "end": 1651933542004,
    "duration": 0,
    "pid": 17908,
    "index": 60
  },
  {
    "name": "Require(51) node_modules/egg-cors/app.js",
    "start": 1651933542005,
    "end": 1651933542005,
    "duration": 0,
    "pid": 17908,
    "index": 61
  },
  {
    "name": "Require(52) node_modules/egg-jwt/app.js",
    "start": 1651933542005,
    "end": 1651933542006,
    "duration": 1,
    "pid": 17908,
    "index": 62
  },
  {
    "name": "Require(53) node_modules/egg-socket.io/app.js",
    "start": 1651933542006,
    "end": 1651933542070,
    "duration": 64,
    "pid": 17908,
    "index": 63
  },
  {
    "name": "Before Start in node_modules/egg-watcher/lib/init.js:15:14",
    "start": 1651933542089,
    "end": 1651933542989,
    "duration": 900,
    "pid": 17908,
    "index": 64
  },
  {
    "name": "Load \"Symbol(model)\" to Application",
    "start": 1651933542657,
    "end": 1651933542689,
    "duration": 32,
    "pid": 17908,
    "index": 65
  },
  {
    "name": "Before Start in node_modules/egg-sequelize/lib/loader.js:39:7",
    "start": 1651933542689,
    "end": 1651933543016,
    "duration": 327,
    "pid": 17908,
    "index": 66
  },
  {
    "name": "Load Controller",
    "start": 1651933542702,
    "end": 1651933542881,
    "duration": 179,
    "pid": 17908,
    "index": 67
  },
  {
    "name": "Load \"controller\" to Application",
    "start": 1651933542703,
    "end": 1651933542881,
    "duration": 178,
    "pid": 17908,
    "index": 68
  },
  {
    "name": "Before Start in node_modules/egg-socket.io/lib/io.js:26:7",
    "start": 1651933542710,
    "end": 1651933542947,
    "duration": 237,
    "pid": 17908,
    "index": 69
  },
  {
    "name": "Load Service",
    "start": 1651933542710,
    "end": 1651933542758,
    "duration": 48,
    "pid": 17908,
    "index": 70
  },
  {
    "name": "Load \"service\" to Context",
    "start": 1651933542710,
    "end": 1651933542758,
    "duration": 48,
    "pid": 17908,
    "index": 71
  },
  {
    "name": "Load Middleware",
    "start": 1651933542758,
    "end": 1651933542881,
    "duration": 123,
    "pid": 17908,
    "index": 72
  },
  {
    "name": "Load \"middlewares\" to Application",
    "start": 1651933542759,
    "end": 1651933542861,
    "duration": 102,
    "pid": 17908,
    "index": 73
  },
  {
    "name": "Load Controller",
    "start": 1651933542881,
    "end": 1651933542896,
    "duration": 15,
    "pid": 17908,
    "index": 74
  },
  {
    "name": "Load \"controller\" to Application",
    "start": 1651933542881,
    "end": 1651933542895,
    "duration": 14,
    "pid": 17908,
    "index": 75
  },
  {
    "name": "Load Router",
    "start": 1651933542896,
    "end": 1651933542902,
    "duration": 6,
    "pid": 17908,
    "index": 76
  },
  {
    "name": "Require(54) app/router.js",
    "start": 1651933542896,
    "end": 1651933542897,
    "duration": 1,
    "pid": 17908,
    "index": 77
  },
  {
    "name": "Before Start in node_modules/egg-core/lib/egg.js:303:10",
    "start": 1651933542898,
    "end": 1651933542943,
    "duration": 45,
    "pid": 17908,
    "index": 78
  }
]