[
  {
    "name": "Process Start",
    "start": 1651994270656,
    "end": 1651994272169,
    "duration": 1513,
    "pid": 3696,
    "index": 0
  },
  {
    "name": "Application Start",
    "start": 1651994272171,
    "end": 1651994273631,
    "duration": 1460,
    "pid": 3696,
    "index": 1
  },
  {
    "name": "Load Plugin",
    "start": 1651994272178,
    "end": 1651994272204,
    "duration": 26,
    "pid": 3696,
    "index": 2
  },
  {
    "name": "Load Config",
    "start": 1651994272205,
    "end": 1651994272251,
    "duration": 46,
    "pid": 3696,
    "index": 3
  },
  {
    "name": "Require(0) config/config.default.js",
    "start": 1651994272206,
    "end": 1651994272207,
    "duration": 1,
    "pid": 3696,
    "index": 4
  },
  {
    "name": "Require(1) node_modules/egg-session/config/config.default.js",
    "start": 1651994272209,
    "end": 1651994272210,
    "duration": 1,
    "pid": 3696,
    "index": 5
  },
  {
    "name": "Require(2) node_modules/egg-security/config/config.default.js",
    "start": 1651994272210,
    "end": 1651994272211,
    "duration": 1,
    "pid": 3696,
    "index": 6
  },
  {
    "name": "Require(3) node_modules/egg-jsonp/config/config.default.js",
    "start": 1651994272212,
    "end": 1651994272213,
    "duration": 1,
    "pid": 3696,
    "index": 7
  },
  {
    "name": "Require(4) node_modules/egg-onerror/config/config.default.js",
    "start": 1651994272213,
    "end": 1651994272214,
    "duration": 1,
    "pid": 3696,
    "index": 8
  },
  {
    "name": "Require(5) node_modules/egg-i18n/config/config.default.js",
    "start": 1651994272214,
    "end": 1651994272215,
    "duration": 1,
    "pid": 3696,
    "index": 9
  },
  {
    "name": "Require(6) node_modules/egg-watcher/config/config.default.js",
    "start": 1651994272215,
    "end": 1651994272216,
    "duration": 1,
    "pid": 3696,
    "index": 10
  },
  {
    "name": "Require(7) node_modules/egg-schedule/config/config.default.js",
    "start": 1651994272216,
    "end": 1651994272217,
    "duration": 1,
    "pid": 3696,
    "index": 11
  },
  {
    "name": "Require(8) node_modules/egg-multipart/config/config.default.js",
    "start": 1651994272218,
    "end": 1651994272218,
    "duration": 0,
    "pid": 3696,
    "index": 12
  },
  {
    "name": "Require(9) node_modules/egg-development/config/config.default.js",
    "start": 1651994272219,
    "end": 1651994272220,
    "duration": 1,
    "pid": 3696,
    "index": 13
  },
  {
    "name": "Require(10) node_modules/egg-logrotator/config/config.default.js",
    "start": 1651994272220,
    "end": 1651994272221,
    "duration": 1,
    "pid": 3696,
    "index": 14
  },
  {
    "name": "Require(11) node_modules/egg-static/config/config.default.js",
    "start": 1651994272222,
    "end": 1651994272222,
    "duration": 0,
    "pid": 3696,
    "index": 15
  },
  {
    "name": "Require(12) node_modules/egg-view/config/config.default.js",
    "start": 1651994272223,
    "end": 1651994272224,
    "duration": 1,
    "pid": 3696,
    "index": 16
  },
  {
    "name": "Require(13) node_modules/egg-sequelize/config/config.default.js",
    "start": 1651994272225,
    "end": 1651994272225,
    "duration": 0,
    "pid": 3696,
    "index": 17
  },
  {
    "name": "Require(14) node_modules/egg-cors/config/config.default.js",
    "start": 1651994272226,
    "end": 1651994272226,
    "duration": 0,
    "pid": 3696,
    "index": 18
  },
  {
    "name": "Require(15) node_modules/egg-jwt/config/config.default.js",
    "start": 1651994272227,
    "end": 1651994272228,
    "duration": 1,
    "pid": 3696,
    "index": 19
  },
  {
    "name": "Require(16) node_modules/egg-socket.io/config/config.default.js",
    "start": 1651994272228,
    "end": 1651994272229,
    "duration": 1,
    "pid": 3696,
    "index": 20
  },
  {
    "name": "Require(17) node_modules/egg/config/config.default.js",
    "start": 1651994272229,
    "end": 1651994272230,
    "duration": 1,
    "pid": 3696,
    "index": 21
  },
  {
    "name": "Require(18) config/config.default.js",
    "start": 1651994272231,
    "end": 1651994272231,
    "duration": 0,
    "pid": 3696,
    "index": 22
  },
  {
    "name": "Require(19) node_modules/egg-security/config/config.local.js",
    "start": 1651994272234,
    "end": 1651994272235,
    "duration": 1,
    "pid": 3696,
    "index": 23
  },
  {
    "name": "Require(20) node_modules/egg-watcher/config/config.local.js",
    "start": 1651994272239,
    "end": 1651994272239,
    "duration": 0,
    "pid": 3696,
    "index": 24
  },
  {
    "name": "Require(21) node_modules/egg-view/config/config.local.js",
    "start": 1651994272244,
    "end": 1651994272245,
    "duration": 1,
    "pid": 3696,
    "index": 25
  },
  {
    "name": "Require(22) node_modules/egg/config/config.local.js",
    "start": 1651994272248,
    "end": 1651994272249,
    "duration": 1,
    "pid": 3696,
    "index": 26
  },
  {
    "name": "Load extend/application.js",
    "start": 1651994272255,
    "end": 1651994272391,
    "duration": 136,
    "pid": 3696,
    "index": 27
  },
  {
    "name": "Require(23) node_modules/egg-session/app/extend/application.js",
    "start": 1651994272256,
    "end": 1651994272257,
    "duration": 1,
    "pid": 3696,
    "index": 28
  },
  {
    "name": "Require(24) node_modules/egg-security/app/extend/application.js",
    "start": 1651994272258,
    "end": 1651994272259,
    "duration": 1,
    "pid": 3696,
    "index": 29
  },
  {
    "name": "Require(25) node_modules/egg-jsonp/app/extend/application.js",
    "start": 1651994272260,
    "end": 1651994272262,
    "duration": 2,
    "pid": 3696,
    "index": 30
  },
  {
    "name": "Require(26) node_modules/egg-logrotator/app/extend/application.js",
    "start": 1651994272264,
    "end": 1651994272265,
    "duration": 1,
    "pid": 3696,
    "index": 31
  },
  {
    "name": "Require(27) node_modules/egg-view/app/extend/application.js",
    "start": 1651994272266,
    "end": 1651994272267,
    "duration": 1,
    "pid": 3696,
    "index": 32
  },
  {
    "name": "Require(28) node_modules/egg-jwt/app/extend/application.js",
    "start": 1651994272268,
    "end": 1651994272323,
    "duration": 55,
    "pid": 3696,
    "index": 33
  },
  {
    "name": "Require(29) node_modules/egg-socket.io/app/extend/application.js",
    "start": 1651994272323,
    "end": 1651994272386,
    "duration": 63,
    "pid": 3696,
    "index": 34
  },
  {
    "name": "Load extend/request.js",
    "start": 1651994272391,
    "end": 1651994272401,
    "duration": 10,
    "pid": 3696,
    "index": 35
  },
  {
    "name": "Require(30) node_modules/egg/app/extend/request.js",
    "start": 1651994272395,
    "end": 1651994272396,
    "duration": 1,
    "pid": 3696,
    "index": 36
  },
  {
    "name": "Load extend/response.js",
    "start": 1651994272401,
    "end": 1651994272411,
    "duration": 10,
    "pid": 3696,
    "index": 37
  },
  {
    "name": "Require(31) node_modules/egg/app/extend/response.js",
    "start": 1651994272406,
    "end": 1651994272407,
    "duration": 1,
    "pid": 3696,
    "index": 38
  },
  {
    "name": "Load extend/context.js",
    "start": 1651994272411,
    "end": 1651994272501,
    "duration": 90,
    "pid": 3696,
    "index": 39
  },
  {
    "name": "Require(32) node_modules/egg-security/app/extend/context.js",
    "start": 1651994272411,
    "end": 1651994272421,
    "duration": 10,
    "pid": 3696,
    "index": 40
  },
  {
    "name": "Require(33) node_modules/egg-jsonp/app/extend/context.js",
    "start": 1651994272422,
    "end": 1651994272424,
    "duration": 2,
    "pid": 3696,
    "index": 41
  },
  {
    "name": "Require(34) node_modules/egg-i18n/app/extend/context.js",
    "start": 1651994272424,
    "end": 1651994272425,
    "duration": 1,
    "pid": 3696,
    "index": 42
  },
  {
    "name": "Require(35) node_modules/egg-multipart/app/extend/context.js",
    "start": 1651994272426,
    "end": 1651994272493,
    "duration": 67,
    "pid": 3696,
    "index": 43
  },
  {
    "name": "Require(36) node_modules/egg-view/app/extend/context.js",
    "start": 1651994272494,
    "end": 1651994272495,
    "duration": 1,
    "pid": 3696,
    "index": 44
  },
  {
    "name": "Require(37) node_modules/egg/app/extend/context.js",
    "start": 1651994272497,
    "end": 1651994272498,
    "duration": 1,
    "pid": 3696,
    "index": 45
  },
  {
    "name": "Load extend/helper.js",
    "start": 1651994272501,
    "end": 1651994272534,
    "duration": 33,
    "pid": 3696,
    "index": 46
  },
  {
    "name": "Require(38) node_modules/egg-security/app/extend/helper.js",
    "start": 1651994272502,
    "end": 1651994272527,
    "duration": 25,
    "pid": 3696,
    "index": 47
  },
  {
    "name": "Require(39) node_modules/egg/app/extend/helper.js",
    "start": 1651994272530,
    "end": 1651994272530,
    "duration": 0,
    "pid": 3696,
    "index": 48
  },
  {
    "name": "Load app.js",
    "start": 1651994272534,
    "end": 1651994272651,
    "duration": 117,
    "pid": 3696,
    "index": 49
  },
  {
    "name": "Require(40) node_modules/egg-session/app.js",
    "start": 1651994272535,
    "end": 1651994272535,
    "duration": 0,
    "pid": 3696,
    "index": 50
  },
  {
    "name": "Require(41) node_modules/egg-security/app.js",
    "start": 1651994272535,
    "end": 1651994272538,
    "duration": 3,
    "pid": 3696,
    "index": 51
  },
  {
    "name": "Require(42) node_modules/egg-onerror/app.js",
    "start": 1651994272539,
    "end": 1651994272549,
    "duration": 10,
    "pid": 3696,
    "index": 52
  },
  {
    "name": "Require(43) node_modules/egg-i18n/app.js",
    "start": 1651994272550,
    "end": 1651994272573,
    "duration": 23,
    "pid": 3696,
    "index": 53
  },
  {
    "name": "Require(44) node_modules/egg-watcher/app.js",
    "start": 1651994272574,
    "end": 1651994272578,
    "duration": 4,
    "pid": 3696,
    "index": 54
  },
  {
    "name": "Require(45) node_modules/egg-schedule/app.js",
    "start": 1651994272579,
    "end": 1651994272580,
    "duration": 1,
    "pid": 3696,
    "index": 55
  },
  {
    "name": "Require(46) node_modules/egg-multipart/app.js",
    "start": 1651994272581,
    "end": 1651994272581,
    "duration": 0,
    "pid": 3696,
    "index": 56
  },
  {
    "name": "Require(47) node_modules/egg-development/app.js",
    "start": 1651994272582,
    "end": 1651994272582,
    "duration": 0,
    "pid": 3696,
    "index": 57
  },
  {
    "name": "Require(48) node_modules/egg-logrotator/app.js",
    "start": 1651994272582,
    "end": 1651994272583,
    "duration": 1,
    "pid": 3696,
    "index": 58
  },
  {
    "name": "Require(49) node_modules/egg-static/app.js",
    "start": 1651994272583,
    "end": 1651994272584,
    "duration": 1,
    "pid": 3696,
    "index": 59
  },
  {
    "name": "Require(50) node_modules/egg-sequelize/app.js",
    "start": 1651994272585,
    "end": 1651994272585,
    "duration": 0,
    "pid": 3696,
    "index": 60
  },
  {
    "name": "Require(51) node_modules/egg-cors/app.js",
    "start": 1651994272585,
    "end": 1651994272586,
    "duration": 1,
    "pid": 3696,
    "index": 61
  },
  {
    "name": "Require(52) node_modules/egg-jwt/app.js",
    "start": 1651994272587,
    "end": 1651994272588,
    "duration": 1,
    "pid": 3696,
    "index": 62
  },
  {
    "name": "Require(53) node_modules/egg-socket.io/app.js",
    "start": 1651994272589,
    "end": 1651994272650,
    "duration": 61,
    "pid": 3696,
    "index": 63
  },
  {
    "name": "Before Start in node_modules/egg-watcher/lib/init.js:15:14",
    "start": 1651994272668,
    "end": 1651994273595,
    "duration": 927,
    "pid": 3696,
    "index": 64
  },
  {
    "name": "Load \"Symbol(model)\" to Application",
    "start": 1651994273243,
    "end": 1651994273278,
    "duration": 35,
    "pid": 3696,
    "index": 65
  },
  {
    "name": "Before Start in node_modules/egg-sequelize/lib/loader.js:39:7",
    "start": 1651994273278,
    "end": 1651994273619,
    "duration": 341,
    "pid": 3696,
    "index": 66
  },
  {
    "name": "Load Controller",
    "start": 1651994273299,
    "end": 1651994273482,
    "duration": 183,
    "pid": 3696,
    "index": 67
  },
  {
    "name": "Load \"controller\" to Application",
    "start": 1651994273299,
    "end": 1651994273482,
    "duration": 183,
    "pid": 3696,
    "index": 68
  },
  {
    "name": "Before Start in node_modules/egg-socket.io/lib/io.js:26:7",
    "start": 1651994273311,
    "end": 1651994273551,
    "duration": 240,
    "pid": 3696,
    "index": 69
  },
  {
    "name": "Load Service",
    "start": 1651994273312,
    "end": 1651994273360,
    "duration": 48,
    "pid": 3696,
    "index": 70
  },
  {
    "name": "Load \"service\" to Context",
    "start": 1651994273312,
    "end": 1651994273360,
    "duration": 48,
    "pid": 3696,
    "index": 71
  },
  {
    "name": "Load Middleware",
    "start": 1651994273360,
    "end": 1651994273482,
    "duration": 122,
    "pid": 3696,
    "index": 72
  },
  {
    "name": "Load \"middlewares\" to Application",
    "start": 1651994273360,
    "end": 1651994273465,
    "duration": 105,
    "pid": 3696,
    "index": 73
  },
  {
    "name": "Load Controller",
    "start": 1651994273482,
    "end": 1651994273493,
    "duration": 11,
    "pid": 3696,
    "index": 74
  },
  {
    "name": "Load \"controller\" to Application",
    "start": 1651994273482,
    "end": 1651994273493,
    "duration": 11,
    "pid": 3696,
    "index": 75
  },
  {
    "name": "Load Router",
    "start": 1651994273493,
    "end": 1651994273498,
    "duration": 5,
    "pid": 3696,
    "index": 76
  },
  {
    "name": "Require(54) app/router.js",
    "start": 1651994273494,
    "end": 1651994273494,
    "duration": 0,
    "pid": 3696,
    "index": 77
  },
  {
    "name": "Before Start in node_modules/egg-core/lib/egg.js:303:10",
    "start": 1651994273495,
    "end": 1651994273545,
    "duration": 50,
    "pid": 3696,
    "index": 78
  }
]