[
  {
    "name": "Process Start",
    "start": 1651990635988,
    "end": 1651990637530,
    "duration": 1542,
    "pid": 17944,
    "index": 0
  },
  {
    "name": "Application Start",
    "start": 1651990637532,
    "end": 1651990638806,
    "duration": 1274,
    "pid": 17944,
    "index": 1
  },
  {
    "name": "Load Plugin",
    "start": 1651990637539,
    "end": 1651990637564,
    "duration": 25,
    "pid": 17944,
    "index": 2
  },
  {
    "name": "Load Config",
    "start": 1651990637565,
    "end": 1651990637601,
    "duration": 36,
    "pid": 17944,
    "index": 3
  },
  {
    "name": "Require(0) config/config.default.js",
    "start": 1651990637566,
    "end": 1651990637566,
    "duration": 0,
    "pid": 17944,
    "index": 4
  },
  {
    "name": "Require(1) node_modules/egg-session/config/config.default.js",
    "start": 1651990637568,
    "end": 1651990637569,
    "duration": 1,
    "pid": 17944,
    "index": 5
  },
  {
    "name": "Require(2) node_modules/egg-security/config/config.default.js",
    "start": 1651990637569,
    "end": 1651990637570,
    "duration": 1,
    "pid": 17944,
    "index": 6
  },
  {
    "name": "Require(3) node_modules/egg-jsonp/config/config.default.js",
    "start": 1651990637571,
    "end": 1651990637571,
    "duration": 0,
    "pid": 17944,
    "index": 7
  },
  {
    "name": "Require(4) node_modules/egg-onerror/config/config.default.js",
    "start": 1651990637572,
    "end": 1651990637572,
    "duration": 0,
    "pid": 17944,
    "index": 8
  },
  {
    "name": "Require(5) node_modules/egg-i18n/config/config.default.js",
    "start": 1651990637573,
    "end": 1651990637574,
    "duration": 1,
    "pid": 17944,
    "index": 9
  },
  {
    "name": "Require(6) node_modules/egg-watcher/config/config.default.js",
    "start": 1651990637574,
    "end": 1651990637575,
    "duration": 1,
    "pid": 17944,
    "index": 10
  },
  {
    "name": "Require(7) node_modules/egg-schedule/config/config.default.js",
    "start": 1651990637575,
    "end": 1651990637576,
    "duration": 1,
    "pid": 17944,
    "index": 11
  },
  {
    "name": "Require(8) node_modules/egg-multipart/config/config.default.js",
    "start": 1651990637576,
    "end": 1651990637577,
    "duration": 1,
    "pid": 17944,
    "index": 12
  },
  {
    "name": "Require(9) node_modules/egg-development/config/config.default.js",
    "start": 1651990637578,
    "end": 1651990637579,
    "duration": 1,
    "pid": 17944,
    "index": 13
  },
  {
    "name": "Require(10) node_modules/egg-logrotator/config/config.default.js",
    "start": 1651990637580,
    "end": 1651990637580,
    "duration": 0,
    "pid": 17944,
    "index": 14
  },
  {
    "name": "Require(11) node_modules/egg-static/config/config.default.js",
    "start": 1651990637581,
    "end": 1651990637582,
    "duration": 1,
    "pid": 17944,
    "index": 15
  },
  {
    "name": "Require(12) node_modules/egg-view/config/config.default.js",
    "start": 1651990637582,
    "end": 1651990637583,
    "duration": 1,
    "pid": 17944,
    "index": 16
  },
  {
    "name": "Require(13) node_modules/egg-sequelize/config/config.default.js",
    "start": 1651990637584,
    "end": 1651990637584,
    "duration": 0,
    "pid": 17944,
    "index": 17
  },
  {
    "name": "Require(14) node_modules/egg-cors/config/config.default.js",
    "start": 1651990637585,
    "end": 1651990637586,
    "duration": 1,
    "pid": 17944,
    "index": 18
  },
  {
    "name": "Require(15) node_modules/egg-jwt/config/config.default.js",
    "start": 1651990637586,
    "end": 1651990637587,
    "duration": 1,
    "pid": 17944,
    "index": 19
  },
  {
    "name": "Require(16) node_modules/egg-socket.io/config/config.default.js",
    "start": 1651990637588,
    "end": 1651990637589,
    "duration": 1,
    "pid": 17944,
    "index": 20
  },
  {
    "name": "Require(17) node_modules/egg/config/config.default.js",
    "start": 1651990637589,
    "end": 1651990637590,
    "duration": 1,
    "pid": 17944,
    "index": 21
  },
  {
    "name": "Require(18) config/config.default.js",
    "start": 1651990637592,
    "end": 1651990637592,
    "duration": 0,
    "pid": 17944,
    "index": 22
  },
  {
    "name": "Require(19) node_modules/egg-security/config/config.local.js",
    "start": 1651990637595,
    "end": 1651990637595,
    "duration": 0,
    "pid": 17944,
    "index": 23
  },
  {
    "name": "Require(20) node_modules/egg-watcher/config/config.local.js",
    "start": 1651990637597,
    "end": 1651990637597,
    "duration": 0,
    "pid": 17944,
    "index": 24
  },
  {
    "name": "Require(21) node_modules/egg-view/config/config.local.js",
    "start": 1651990637599,
    "end": 1651990637599,
    "duration": 0,
    "pid": 17944,
    "index": 25
  },
  {
    "name": "Require(22) node_modules/egg/config/config.local.js",
    "start": 1651990637600,
    "end": 1651990637601,
    "duration": 1,
    "pid": 17944,
    "index": 26
  },
  {
    "name": "Load extend/application.js",
    "start": 1651990637603,
    "end": 1651990637728,
    "duration": 125,
    "pid": 17944,
    "index": 27
  },
  {
    "name": "Require(23) node_modules/egg-session/app/extend/application.js",
    "start": 1651990637603,
    "end": 1651990637604,
    "duration": 1,
    "pid": 17944,
    "index": 28
  },
  {
    "name": "Require(24) node_modules/egg-security/app/extend/application.js",
    "start": 1651990637605,
    "end": 1651990637606,
    "duration": 1,
    "pid": 17944,
    "index": 29
  },
  {
    "name": "Require(25) node_modules/egg-jsonp/app/extend/application.js",
    "start": 1651990637607,
    "end": 1651990637608,
    "duration": 1,
    "pid": 17944,
    "index": 30
  },
  {
    "name": "Require(26) node_modules/egg-logrotator/app/extend/application.js",
    "start": 1651990637611,
    "end": 1651990637613,
    "duration": 2,
    "pid": 17944,
    "index": 31
  },
  {
    "name": "Require(27) node_modules/egg-view/app/extend/application.js",
    "start": 1651990637614,
    "end": 1651990637616,
    "duration": 2,
    "pid": 17944,
    "index": 32
  },
  {
    "name": "Require(28) node_modules/egg-jwt/app/extend/application.js",
    "start": 1651990637617,
    "end": 1651990637669,
    "duration": 52,
    "pid": 17944,
    "index": 33
  },
  {
    "name": "Require(29) node_modules/egg-socket.io/app/extend/application.js",
    "start": 1651990637669,
    "end": 1651990637724,
    "duration": 55,
    "pid": 17944,
    "index": 34
  },
  {
    "name": "Load extend/request.js",
    "start": 1651990637728,
    "end": 1651990637737,
    "duration": 9,
    "pid": 17944,
    "index": 35
  },
  {
    "name": "Require(30) node_modules/egg/app/extend/request.js",
    "start": 1651990637732,
    "end": 1651990637733,
    "duration": 1,
    "pid": 17944,
    "index": 36
  },
  {
    "name": "Load extend/response.js",
    "start": 1651990637737,
    "end": 1651990637745,
    "duration": 8,
    "pid": 17944,
    "index": 37
  },
  {
    "name": "Require(31) node_modules/egg/app/extend/response.js",
    "start": 1651990637740,
    "end": 1651990637741,
    "duration": 1,
    "pid": 17944,
    "index": 38
  },
  {
    "name": "Load extend/context.js",
    "start": 1651990637745,
    "end": 1651990637825,
    "duration": 80,
    "pid": 17944,
    "index": 39
  },
  {
    "name": "Require(32) node_modules/egg-security/app/extend/context.js",
    "start": 1651990637745,
    "end": 1651990637754,
    "duration": 9,
    "pid": 17944,
    "index": 40
  },
  {
    "name": "Require(33) node_modules/egg-jsonp/app/extend/context.js",
    "start": 1651990637755,
    "end": 1651990637756,
    "duration": 1,
    "pid": 17944,
    "index": 41
  },
  {
    "name": "Require(34) node_modules/egg-i18n/app/extend/context.js",
    "start": 1651990637757,
    "end": 1651990637757,
    "duration": 0,
    "pid": 17944,
    "index": 42
  },
  {
    "name": "Require(35) node_modules/egg-multipart/app/extend/context.js",
    "start": 1651990637758,
    "end": 1651990637817,
    "duration": 59,
    "pid": 17944,
    "index": 43
  },
  {
    "name": "Require(36) node_modules/egg-view/app/extend/context.js",
    "start": 1651990637818,
    "end": 1651990637819,
    "duration": 1,
    "pid": 17944,
    "index": 44
  },
  {
    "name": "Require(37) node_modules/egg/app/extend/context.js",
    "start": 1651990637821,
    "end": 1651990637821,
    "duration": 0,
    "pid": 17944,
    "index": 45
  },
  {
    "name": "Load extend/helper.js",
    "start": 1651990637825,
    "end": 1651990637856,
    "duration": 31,
    "pid": 17944,
    "index": 46
  },
  {
    "name": "Require(38) node_modules/egg-security/app/extend/helper.js",
    "start": 1651990637826,
    "end": 1651990637849,
    "duration": 23,
    "pid": 17944,
    "index": 47
  },
  {
    "name": "Require(39) node_modules/egg/app/extend/helper.js",
    "start": 1651990637852,
    "end": 1651990637853,
    "duration": 1,
    "pid": 17944,
    "index": 48
  },
  {
    "name": "Load app.js",
    "start": 1651990637857,
    "end": 1651990637969,
    "duration": 112,
    "pid": 17944,
    "index": 49
  },
  {
    "name": "Require(40) node_modules/egg-session/app.js",
    "start": 1651990637857,
    "end": 1651990637857,
    "duration": 0,
    "pid": 17944,
    "index": 50
  },
  {
    "name": "Require(41) node_modules/egg-security/app.js",
    "start": 1651990637858,
    "end": 1651990637859,
    "duration": 1,
    "pid": 17944,
    "index": 51
  },
  {
    "name": "Require(42) node_modules/egg-onerror/app.js",
    "start": 1651990637860,
    "end": 1651990637868,
    "duration": 8,
    "pid": 17944,
    "index": 52
  },
  {
    "name": "Require(43) node_modules/egg-i18n/app.js",
    "start": 1651990637868,
    "end": 1651990637885,
    "duration": 17,
    "pid": 17944,
    "index": 53
  },
  {
    "name": "Require(44) node_modules/egg-watcher/app.js",
    "start": 1651990637885,
    "end": 1651990637889,
    "duration": 4,
    "pid": 17944,
    "index": 54
  },
  {
    "name": "Require(45) node_modules/egg-schedule/app.js",
    "start": 1651990637889,
    "end": 1651990637890,
    "duration": 1,
    "pid": 17944,
    "index": 55
  },
  {
    "name": "Require(46) node_modules/egg-multipart/app.js",
    "start": 1651990637891,
    "end": 1651990637891,
    "duration": 0,
    "pid": 17944,
    "index": 56
  },
  {
    "name": "Require(47) node_modules/egg-development/app.js",
    "start": 1651990637892,
    "end": 1651990637893,
    "duration": 1,
    "pid": 17944,
    "index": 57
  },
  {
    "name": "Require(48) node_modules/egg-logrotator/app.js",
    "start": 1651990637894,
    "end": 1651990637894,
    "duration": 0,
    "pid": 17944,
    "index": 58
  },
  {
    "name": "Require(49) node_modules/egg-static/app.js",
    "start": 1651990637895,
    "end": 1651990637895,
    "duration": 0,
    "pid": 17944,
    "index": 59
  },
  {
    "name": "Require(50) node_modules/egg-sequelize/app.js",
    "start": 1651990637896,
    "end": 1651990637896,
    "duration": 0,
    "pid": 17944,
    "index": 60
  },
  {
    "name": "Require(51) node_modules/egg-cors/app.js",
    "start": 1651990637897,
    "end": 1651990637897,
    "duration": 0,
    "pid": 17944,
    "index": 61
  },
  {
    "name": "Require(52) node_modules/egg-jwt/app.js",
    "start": 1651990637898,
    "end": 1651990637898,
    "duration": 0,
    "pid": 17944,
    "index": 62
  },
  {
    "name": "Require(53) node_modules/egg-socket.io/app.js",
    "start": 1651990637898,
    "end": 1651990637967,
    "duration": 69,
    "pid": 17944,
    "index": 63
  },
  {
    "name": "Before Start in node_modules/egg-watcher/lib/init.js:15:14",
    "start": 1651990637986,
    "end": 1651990638759,
    "duration": 773,
    "pid": 17944,
    "index": 64
  },
  {
    "name": "Load \"Symbol(model)\" to Application",
    "start": 1651990638486,
    "end": 1651990638520,
    "duration": 34,
    "pid": 17944,
    "index": 65
  },
  {
    "name": "Before Start in node_modules/egg-sequelize/lib/loader.js:39:7",
    "start": 1651990638520,
    "end": 1651990638791,
    "duration": 271,
    "pid": 17944,
    "index": 66
  },
  {
    "name": "Load Controller",
    "start": 1651990638532,
    "end": 1651990638653,
    "duration": 121,
    "pid": 17944,
    "index": 67
  },
  {
    "name": "Load \"controller\" to Application",
    "start": 1651990638532,
    "end": 1651990638653,
    "duration": 121,
    "pid": 17944,
    "index": 68
  },
  {
    "name": "Before Start in node_modules/egg-socket.io/lib/io.js:26:7",
    "start": 1651990638539,
    "end": 1651990638723,
    "duration": 184,
    "pid": 17944,
    "index": 69
  },
  {
    "name": "Load Service",
    "start": 1651990638539,
    "end": 1651990638558,
    "duration": 19,
    "pid": 17944,
    "index": 70
  },
  {
    "name": "Load \"service\" to Context",
    "start": 1651990638540,
    "end": 1651990638558,
    "duration": 18,
    "pid": 17944,
    "index": 71
  },
  {
    "name": "Load Middleware",
    "start": 1651990638558,
    "end": 1651990638653,
    "duration": 95,
    "pid": 17944,
    "index": 72
  },
  {
    "name": "Load \"middlewares\" to Application",
    "start": 1651990638558,
    "end": 1651990638639,
    "duration": 81,
    "pid": 17944,
    "index": 73
  },
  {
    "name": "Load Controller",
    "start": 1651990638653,
    "end": 1651990638662,
    "duration": 9,
    "pid": 17944,
    "index": 74
  },
  {
    "name": "Load \"controller\" to Application",
    "start": 1651990638653,
    "end": 1651990638662,
    "duration": 9,
    "pid": 17944,
    "index": 75
  },
  {
    "name": "Load Router",
    "start": 1651990638662,
    "end": 1651990638666,
    "duration": 4,
    "pid": 17944,
    "index": 76
  },
  {
    "name": "Require(54) app/router.js",
    "start": 1651990638663,
    "end": 1651990638663,
    "duration": 0,
    "pid": 17944,
    "index": 77
  },
  {
    "name": "Before Start in node_modules/egg-core/lib/egg.js:303:10",
    "start": 1651990638664,
    "end": 1651990638716,
    "duration": 52,
    "pid": 17944,
    "index": 78
  }
]