[
  {
    "name": "Process Start",
    "start": 1651892952098,
    "end": 1651892953839,
    "duration": 1741,
    "pid": 7200,
    "index": 0
  },
  {
    "name": "Application Start",
    "start": 1651892953841,
    "end": 1651892955217,
    "duration": 1376,
    "pid": 7200,
    "index": 1
  },
  {
    "name": "Load Plugin",
    "start": 1651892953848,
    "end": 1651892953872,
    "duration": 24,
    "pid": 7200,
    "index": 2
  },
  {
    "name": "Load Config",
    "start": 1651892953872,
    "end": 1651892953907,
    "duration": 35,
    "pid": 7200,
    "index": 3
  },
  {
    "name": "Require(0) config/config.default.js",
    "start": 1651892953873,
    "end": 1651892953873,
    "duration": 0,
    "pid": 7200,
    "index": 4
  },
  {
    "name": "Require(1) node_modules/egg-session/config/config.default.js",
    "start": 1651892953875,
    "end": 1651892953875,
    "duration": 0,
    "pid": 7200,
    "index": 5
  },
  {
    "name": "Require(2) node_modules/egg-security/config/config.default.js",
    "start": 1651892953876,
    "end": 1651892953877,
    "duration": 1,
    "pid": 7200,
    "index": 6
  },
  {
    "name": "Require(3) node_modules/egg-jsonp/config/config.default.js",
    "start": 1651892953878,
    "end": 1651892953878,
    "duration": 0,
    "pid": 7200,
    "index": 7
  },
  {
    "name": "Require(4) node_modules/egg-onerror/config/config.default.js",
    "start": 1651892953879,
    "end": 1651892953879,
    "duration": 0,
    "pid": 7200,
    "index": 8
  },
  {
    "name": "Require(5) node_modules/egg-i18n/config/config.default.js",
    "start": 1651892953880,
    "end": 1651892953880,
    "duration": 0,
    "pid": 7200,
    "index": 9
  },
  {
    "name": "Require(6) node_modules/egg-watcher/config/config.default.js",
    "start": 1651892953881,
    "end": 1651892953881,
    "duration": 0,
    "pid": 7200,
    "index": 10
  },
  {
    "name": "Require(7) node_modules/egg-schedule/config/config.default.js",
    "start": 1651892953882,
    "end": 1651892953882,
    "duration": 0,
    "pid": 7200,
    "index": 11
  },
  {
    "name": "Require(8) node_modules/egg-multipart/config/config.default.js",
    "start": 1651892953883,
    "end": 1651892953883,
    "duration": 0,
    "pid": 7200,
    "index": 12
  },
  {
    "name": "Require(9) node_modules/egg-development/config/config.default.js",
    "start": 1651892953884,
    "end": 1651892953884,
    "duration": 0,
    "pid": 7200,
    "index": 13
  },
  {
    "name": "Require(10) node_modules/egg-logrotator/config/config.default.js",
    "start": 1651892953885,
    "end": 1651892953885,
    "duration": 0,
    "pid": 7200,
    "index": 14
  },
  {
    "name": "Require(11) node_modules/egg-static/config/config.default.js",
    "start": 1651892953886,
    "end": 1651892953886,
    "duration": 0,
    "pid": 7200,
    "index": 15
  },
  {
    "name": "Require(12) node_modules/egg-view/config/config.default.js",
    "start": 1651892953887,
    "end": 1651892953887,
    "duration": 0,
    "pid": 7200,
    "index": 16
  },
  {
    "name": "Require(13) node_modules/egg-sequelize/config/config.default.js",
    "start": 1651892953888,
    "end": 1651892953888,
    "duration": 0,
    "pid": 7200,
    "index": 17
  },
  {
    "name": "Require(14) node_modules/egg-cors/config/config.default.js",
    "start": 1651892953889,
    "end": 1651892953889,
    "duration": 0,
    "pid": 7200,
    "index": 18
  },
  {
    "name": "Require(15) node_modules/egg-jwt/config/config.default.js",
    "start": 1651892953890,
    "end": 1651892953890,
    "duration": 0,
    "pid": 7200,
    "index": 19
  },
  {
    "name": "Require(16) node_modules/egg-socket.io/config/config.default.js",
    "start": 1651892953891,
    "end": 1651892953892,
    "duration": 1,
    "pid": 7200,
    "index": 20
  },
  {
    "name": "Require(17) node_modules/egg/config/config.default.js",
    "start": 1651892953892,
    "end": 1651892953893,
    "duration": 1,
    "pid": 7200,
    "index": 21
  },
  {
    "name": "Require(18) config/config.default.js",
    "start": 1651892953894,
    "end": 1651892953895,
    "duration": 1,
    "pid": 7200,
    "index": 22
  },
  {
    "name": "Require(19) node_modules/egg-security/config/config.local.js",
    "start": 1651892953897,
    "end": 1651892953897,
    "duration": 0,
    "pid": 7200,
    "index": 23
  },
  {
    "name": "Require(20) node_modules/egg-watcher/config/config.local.js",
    "start": 1651892953898,
    "end": 1651892953899,
    "duration": 1,
    "pid": 7200,
    "index": 24
  },
  {
    "name": "Require(21) node_modules/egg-view/config/config.local.js",
    "start": 1651892953900,
    "end": 1651892953900,
    "duration": 0,
    "pid": 7200,
    "index": 25
  },
  {
    "name": "Require(22) node_modules/egg/config/config.local.js",
    "start": 1651892953905,
    "end": 1651892953906,
    "duration": 1,
    "pid": 7200,
    "index": 26
  },
  {
    "name": "Load extend/application.js",
    "start": 1651892953908,
    "end": 1651892954043,
    "duration": 135,
    "pid": 7200,
    "index": 27
  },
  {
    "name": "Require(23) node_modules/egg-session/app/extend/application.js",
    "start": 1651892953910,
    "end": 1651892953911,
    "duration": 1,
    "pid": 7200,
    "index": 28
  },
  {
    "name": "Require(24) node_modules/egg-security/app/extend/application.js",
    "start": 1651892953911,
    "end": 1651892953913,
    "duration": 2,
    "pid": 7200,
    "index": 29
  },
  {
    "name": "Require(25) node_modules/egg-jsonp/app/extend/application.js",
    "start": 1651892953914,
    "end": 1651892953916,
    "duration": 2,
    "pid": 7200,
    "index": 30
  },
  {
    "name": "Require(26) node_modules/egg-logrotator/app/extend/application.js",
    "start": 1651892953918,
    "end": 1651892953920,
    "duration": 2,
    "pid": 7200,
    "index": 31
  },
  {
    "name": "Require(27) node_modules/egg-view/app/extend/application.js",
    "start": 1651892953921,
    "end": 1651892953923,
    "duration": 2,
    "pid": 7200,
    "index": 32
  },
  {
    "name": "Require(28) node_modules/egg-jwt/app/extend/application.js",
    "start": 1651892953924,
    "end": 1651892953973,
    "duration": 49,
    "pid": 7200,
    "index": 33
  },
  {
    "name": "Require(29) node_modules/egg-socket.io/app/extend/application.js",
    "start": 1651892953973,
    "end": 1651892954039,
    "duration": 66,
    "pid": 7200,
    "index": 34
  },
  {
    "name": "Load extend/request.js",
    "start": 1651892954043,
    "end": 1651892954051,
    "duration": 8,
    "pid": 7200,
    "index": 35
  },
  {
    "name": "Require(30) node_modules/egg/app/extend/request.js",
    "start": 1651892954046,
    "end": 1651892954047,
    "duration": 1,
    "pid": 7200,
    "index": 36
  },
  {
    "name": "Load extend/response.js",
    "start": 1651892954051,
    "end": 1651892954060,
    "duration": 9,
    "pid": 7200,
    "index": 37
  },
  {
    "name": "Require(31) node_modules/egg/app/extend/response.js",
    "start": 1651892954054,
    "end": 1651892954056,
    "duration": 2,
    "pid": 7200,
    "index": 38
  },
  {
    "name": "Load extend/context.js",
    "start": 1651892954060,
    "end": 1651892954155,
    "duration": 95,
    "pid": 7200,
    "index": 39
  },
  {
    "name": "Require(32) node_modules/egg-security/app/extend/context.js",
    "start": 1651892954061,
    "end": 1651892954071,
    "duration": 10,
    "pid": 7200,
    "index": 40
  },
  {
    "name": "Require(33) node_modules/egg-jsonp/app/extend/context.js",
    "start": 1651892954071,
    "end": 1651892954072,
    "duration": 1,
    "pid": 7200,
    "index": 41
  },
  {
    "name": "Require(34) node_modules/egg-i18n/app/extend/context.js",
    "start": 1651892954073,
    "end": 1651892954073,
    "duration": 0,
    "pid": 7200,
    "index": 42
  },
  {
    "name": "Require(35) node_modules/egg-multipart/app/extend/context.js",
    "start": 1651892954074,
    "end": 1651892954147,
    "duration": 73,
    "pid": 7200,
    "index": 43
  },
  {
    "name": "Require(36) node_modules/egg-view/app/extend/context.js",
    "start": 1651892954148,
    "end": 1651892954149,
    "duration": 1,
    "pid": 7200,
    "index": 44
  },
  {
    "name": "Require(37) node_modules/egg/app/extend/context.js",
    "start": 1651892954150,
    "end": 1651892954151,
    "duration": 1,
    "pid": 7200,
    "index": 45
  },
  {
    "name": "Load extend/helper.js",
    "start": 1651892954155,
    "end": 1651892954186,
    "duration": 31,
    "pid": 7200,
    "index": 46
  },
  {
    "name": "Require(38) node_modules/egg-security/app/extend/helper.js",
    "start": 1651892954156,
    "end": 1651892954179,
    "duration": 23,
    "pid": 7200,
    "index": 47
  },
  {
    "name": "Require(39) node_modules/egg/app/extend/helper.js",
    "start": 1651892954182,
    "end": 1651892954183,
    "duration": 1,
    "pid": 7200,
    "index": 48
  },
  {
    "name": "Load app.js",
    "start": 1651892954187,
    "end": 1651892954311,
    "duration": 124,
    "pid": 7200,
    "index": 49
  },
  {
    "name": "Require(40) node_modules/egg-session/app.js",
    "start": 1651892954187,
    "end": 1651892954187,
    "duration": 0,
    "pid": 7200,
    "index": 50
  },
  {
    "name": "Require(41) node_modules/egg-security/app.js",
    "start": 1651892954188,
    "end": 1651892954190,
    "duration": 2,
    "pid": 7200,
    "index": 51
  },
  {
    "name": "Require(42) node_modules/egg-onerror/app.js",
    "start": 1651892954191,
    "end": 1651892954203,
    "duration": 12,
    "pid": 7200,
    "index": 52
  },
  {
    "name": "Require(43) node_modules/egg-i18n/app.js",
    "start": 1651892954203,
    "end": 1651892954229,
    "duration": 26,
    "pid": 7200,
    "index": 53
  },
  {
    "name": "Require(44) node_modules/egg-watcher/app.js",
    "start": 1651892954230,
    "end": 1651892954234,
    "duration": 4,
    "pid": 7200,
    "index": 54
  },
  {
    "name": "Require(45) node_modules/egg-schedule/app.js",
    "start": 1651892954234,
    "end": 1651892954236,
    "duration": 2,
    "pid": 7200,
    "index": 55
  },
  {
    "name": "Require(46) node_modules/egg-multipart/app.js",
    "start": 1651892954236,
    "end": 1651892954237,
    "duration": 1,
    "pid": 7200,
    "index": 56
  },
  {
    "name": "Require(47) node_modules/egg-development/app.js",
    "start": 1651892954237,
    "end": 1651892954237,
    "duration": 0,
    "pid": 7200,
    "index": 57
  },
  {
    "name": "Require(48) node_modules/egg-logrotator/app.js",
    "start": 1651892954238,
    "end": 1651892954238,
    "duration": 0,
    "pid": 7200,
    "index": 58
  },
  {
    "name": "Require(49) node_modules/egg-static/app.js",
    "start": 1651892954238,
    "end": 1651892954239,
    "duration": 1,
    "pid": 7200,
    "index": 59
  },
  {
    "name": "Require(50) node_modules/egg-sequelize/app.js",
    "start": 1651892954239,
    "end": 1651892954240,
    "duration": 1,
    "pid": 7200,
    "index": 60
  },
  {
    "name": "Require(51) node_modules/egg-cors/app.js",
    "start": 1651892954240,
    "end": 1651892954241,
    "duration": 1,
    "pid": 7200,
    "index": 61
  },
  {
    "name": "Require(52) node_modules/egg-jwt/app.js",
    "start": 1651892954241,
    "end": 1651892954241,
    "duration": 0,
    "pid": 7200,
    "index": 62
  },
  {
    "name": "Require(53) node_modules/egg-socket.io/app.js",
    "start": 1651892954242,
    "end": 1651892954310,
    "duration": 68,
    "pid": 7200,
    "index": 63
  },
  {
    "name": "Before Start in node_modules/egg-watcher/lib/init.js:15:14",
    "start": 1651892954330,
    "end": 1651892955168,
    "duration": 838,
    "pid": 7200,
    "index": 64
  },
  {
    "name": "Load \"Symbol(model)\" to Application",
    "start": 1651892954866,
    "end": 1651892954898,
    "duration": 32,
    "pid": 7200,
    "index": 65
  },
  {
    "name": "Before Start in node_modules/egg-sequelize/lib/loader.js:39:7",
    "start": 1651892954898,
    "end": 1651892955200,
    "duration": 302,
    "pid": 7200,
    "index": 66
  },
  {
    "name": "Load Controller",
    "start": 1651892954913,
    "end": 1651892955063,
    "duration": 150,
    "pid": 7200,
    "index": 67
  },
  {
    "name": "Load \"controller\" to Application",
    "start": 1651892954913,
    "end": 1651892955063,
    "duration": 150,
    "pid": 7200,
    "index": 68
  },
  {
    "name": "Before Start in node_modules/egg-socket.io/lib/io.js:26:7",
    "start": 1651892954922,
    "end": 1651892955129,
    "duration": 207,
    "pid": 7200,
    "index": 69
  },
  {
    "name": "Load Service",
    "start": 1651892954922,
    "end": 1651892954947,
    "duration": 25,
    "pid": 7200,
    "index": 70
  },
  {
    "name": "Load \"service\" to Context",
    "start": 1651892954922,
    "end": 1651892954947,
    "duration": 25,
    "pid": 7200,
    "index": 71
  },
  {
    "name": "Load Middleware",
    "start": 1651892954948,
    "end": 1651892955063,
    "duration": 115,
    "pid": 7200,
    "index": 72
  },
  {
    "name": "Load \"middlewares\" to Application",
    "start": 1651892954948,
    "end": 1651892955042,
    "duration": 94,
    "pid": 7200,
    "index": 73
  },
  {
    "name": "Load Controller",
    "start": 1651892955063,
    "end": 1651892955078,
    "duration": 15,
    "pid": 7200,
    "index": 74
  },
  {
    "name": "Load \"controller\" to Application",
    "start": 1651892955063,
    "end": 1651892955078,
    "duration": 15,
    "pid": 7200,
    "index": 75
  },
  {
    "name": "Load Router",
    "start": 1651892955078,
    "end": 1651892955083,
    "duration": 5,
    "pid": 7200,
    "index": 76
  },
  {
    "name": "Require(54) app/router.js",
    "start": 1651892955079,
    "end": 1651892955079,
    "duration": 0,
    "pid": 7200,
    "index": 77
  },
  {
    "name": "Before Start in node_modules/egg-core/lib/egg.js:303:10",
    "start": 1651892955080,
    "end": 1651892955125,
    "duration": 45,
    "pid": 7200,
    "index": 78
  }
]