[
  {
    "name": "Process Start",
    "start": 1651891186265,
    "end": 1651891187774,
    "duration": 1509,
    "pid": 13664,
    "index": 0
  },
  {
    "name": "Application Start",
    "start": 1651891187775,
    "end": 1651891189189,
    "duration": 1414,
    "pid": 13664,
    "index": 1
  },
  {
    "name": "Load Plugin",
    "start": 1651891187782,
    "end": 1651891187804,
    "duration": 22,
    "pid": 13664,
    "index": 2
  },
  {
    "name": "Load Config",
    "start": 1651891187805,
    "end": 1651891187848,
    "duration": 43,
    "pid": 13664,
    "index": 3
  },
  {
    "name": "Require(0) config/config.default.js",
    "start": 1651891187805,
    "end": 1651891187806,
    "duration": 1,
    "pid": 13664,
    "index": 4
  },
  {
    "name": "Require(1) node_modules/egg-session/config/config.default.js",
    "start": 1651891187808,
    "end": 1651891187808,
    "duration": 0,
    "pid": 13664,
    "index": 5
  },
  {
    "name": "Require(2) node_modules/egg-security/config/config.default.js",
    "start": 1651891187809,
    "end": 1651891187810,
    "duration": 1,
    "pid": 13664,
    "index": 6
  },
  {
    "name": "Require(3) node_modules/egg-jsonp/config/config.default.js",
    "start": 1651891187811,
    "end": 1651891187812,
    "duration": 1,
    "pid": 13664,
    "index": 7
  },
  {
    "name": "Require(4) node_modules/egg-onerror/config/config.default.js",
    "start": 1651891187812,
    "end": 1651891187813,
    "duration": 1,
    "pid": 13664,
    "index": 8
  },
  {
    "name": "Require(5) node_modules/egg-i18n/config/config.default.js",
    "start": 1651891187813,
    "end": 1651891187814,
    "duration": 1,
    "pid": 13664,
    "index": 9
  },
  {
    "name": "Require(6) node_modules/egg-watcher/config/config.default.js",
    "start": 1651891187814,
    "end": 1651891187815,
    "duration": 1,
    "pid": 13664,
    "index": 10
  },
  {
    "name": "Require(7) node_modules/egg-schedule/config/config.default.js",
    "start": 1651891187815,
    "end": 1651891187816,
    "duration": 1,
    "pid": 13664,
    "index": 11
  },
  {
    "name": "Require(8) node_modules/egg-multipart/config/config.default.js",
    "start": 1651891187817,
    "end": 1651891187817,
    "duration": 0,
    "pid": 13664,
    "index": 12
  },
  {
    "name": "Require(9) node_modules/egg-development/config/config.default.js",
    "start": 1651891187818,
    "end": 1651891187818,
    "duration": 0,
    "pid": 13664,
    "index": 13
  },
  {
    "name": "Require(10) node_modules/egg-logrotator/config/config.default.js",
    "start": 1651891187819,
    "end": 1651891187820,
    "duration": 1,
    "pid": 13664,
    "index": 14
  },
  {
    "name": "Require(11) node_modules/egg-static/config/config.default.js",
    "start": 1651891187820,
    "end": 1651891187821,
    "duration": 1,
    "pid": 13664,
    "index": 15
  },
  {
    "name": "Require(12) node_modules/egg-view/config/config.default.js",
    "start": 1651891187821,
    "end": 1651891187822,
    "duration": 1,
    "pid": 13664,
    "index": 16
  },
  {
    "name": "Require(13) node_modules/egg-sequelize/config/config.default.js",
    "start": 1651891187823,
    "end": 1651891187823,
    "duration": 0,
    "pid": 13664,
    "index": 17
  },
  {
    "name": "Require(14) node_modules/egg-cors/config/config.default.js",
    "start": 1651891187824,
    "end": 1651891187825,
    "duration": 1,
    "pid": 13664,
    "index": 18
  },
  {
    "name": "Require(15) node_modules/egg-jwt/config/config.default.js",
    "start": 1651891187826,
    "end": 1651891187827,
    "duration": 1,
    "pid": 13664,
    "index": 19
  },
  {
    "name": "Require(16) node_modules/egg-socket.io/config/config.default.js",
    "start": 1651891187828,
    "end": 1651891187829,
    "duration": 1,
    "pid": 13664,
    "index": 20
  },
  {
    "name": "Require(17) node_modules/egg/config/config.default.js",
    "start": 1651891187829,
    "end": 1651891187830,
    "duration": 1,
    "pid": 13664,
    "index": 21
  },
  {
    "name": "Require(18) config/config.default.js",
    "start": 1651891187832,
    "end": 1651891187832,
    "duration": 0,
    "pid": 13664,
    "index": 22
  },
  {
    "name": "Require(19) node_modules/egg-security/config/config.local.js",
    "start": 1651891187836,
    "end": 1651891187837,
    "duration": 1,
    "pid": 13664,
    "index": 23
  },
  {
    "name": "Require(20) node_modules/egg-watcher/config/config.local.js",
    "start": 1651891187838,
    "end": 1651891187838,
    "duration": 0,
    "pid": 13664,
    "index": 24
  },
  {
    "name": "Require(21) node_modules/egg-view/config/config.local.js",
    "start": 1651891187845,
    "end": 1651891187845,
    "duration": 0,
    "pid": 13664,
    "index": 25
  },
  {
    "name": "Require(22) node_modules/egg/config/config.local.js",
    "start": 1651891187847,
    "end": 1651891187847,
    "duration": 0,
    "pid": 13664,
    "index": 26
  },
  {
    "name": "Load extend/application.js",
    "start": 1651891187849,
    "end": 1651891187976,
    "duration": 127,
    "pid": 13664,
    "index": 27
  },
  {
    "name": "Require(23) node_modules/egg-session/app/extend/application.js",
    "start": 1651891187850,
    "end": 1651891187850,
    "duration": 0,
    "pid": 13664,
    "index": 28
  },
  {
    "name": "Require(24) node_modules/egg-security/app/extend/application.js",
    "start": 1651891187851,
    "end": 1651891187852,
    "duration": 1,
    "pid": 13664,
    "index": 29
  },
  {
    "name": "Require(25) node_modules/egg-jsonp/app/extend/application.js",
    "start": 1651891187852,
    "end": 1651891187854,
    "duration": 2,
    "pid": 13664,
    "index": 30
  },
  {
    "name": "Require(26) node_modules/egg-logrotator/app/extend/application.js",
    "start": 1651891187855,
    "end": 1651891187857,
    "duration": 2,
    "pid": 13664,
    "index": 31
  },
  {
    "name": "Require(27) node_modules/egg-view/app/extend/application.js",
    "start": 1651891187858,
    "end": 1651891187859,
    "duration": 1,
    "pid": 13664,
    "index": 32
  },
  {
    "name": "Require(28) node_modules/egg-jwt/app/extend/application.js",
    "start": 1651891187860,
    "end": 1651891187906,
    "duration": 46,
    "pid": 13664,
    "index": 33
  },
  {
    "name": "Require(29) node_modules/egg-socket.io/app/extend/application.js",
    "start": 1651891187906,
    "end": 1651891187971,
    "duration": 65,
    "pid": 13664,
    "index": 34
  },
  {
    "name": "Load extend/request.js",
    "start": 1651891187976,
    "end": 1651891187986,
    "duration": 10,
    "pid": 13664,
    "index": 35
  },
  {
    "name": "Require(30) node_modules/egg/app/extend/request.js",
    "start": 1651891187980,
    "end": 1651891187981,
    "duration": 1,
    "pid": 13664,
    "index": 36
  },
  {
    "name": "Load extend/response.js",
    "start": 1651891187986,
    "end": 1651891187996,
    "duration": 10,
    "pid": 13664,
    "index": 37
  },
  {
    "name": "Require(31) node_modules/egg/app/extend/response.js",
    "start": 1651891187991,
    "end": 1651891187992,
    "duration": 1,
    "pid": 13664,
    "index": 38
  },
  {
    "name": "Load extend/context.js",
    "start": 1651891187996,
    "end": 1651891188084,
    "duration": 88,
    "pid": 13664,
    "index": 39
  },
  {
    "name": "Require(32) node_modules/egg-security/app/extend/context.js",
    "start": 1651891187997,
    "end": 1651891188007,
    "duration": 10,
    "pid": 13664,
    "index": 40
  },
  {
    "name": "Require(33) node_modules/egg-jsonp/app/extend/context.js",
    "start": 1651891188007,
    "end": 1651891188008,
    "duration": 1,
    "pid": 13664,
    "index": 41
  },
  {
    "name": "Require(34) node_modules/egg-i18n/app/extend/context.js",
    "start": 1651891188009,
    "end": 1651891188010,
    "duration": 1,
    "pid": 13664,
    "index": 42
  },
  {
    "name": "Require(35) node_modules/egg-multipart/app/extend/context.js",
    "start": 1651891188010,
    "end": 1651891188075,
    "duration": 65,
    "pid": 13664,
    "index": 43
  },
  {
    "name": "Require(36) node_modules/egg-view/app/extend/context.js",
    "start": 1651891188076,
    "end": 1651891188077,
    "duration": 1,
    "pid": 13664,
    "index": 44
  },
  {
    "name": "Require(37) node_modules/egg/app/extend/context.js",
    "start": 1651891188078,
    "end": 1651891188080,
    "duration": 2,
    "pid": 13664,
    "index": 45
  },
  {
    "name": "Load extend/helper.js",
    "start": 1651891188084,
    "end": 1651891188112,
    "duration": 28,
    "pid": 13664,
    "index": 46
  },
  {
    "name": "Require(38) node_modules/egg-security/app/extend/helper.js",
    "start": 1651891188084,
    "end": 1651891188105,
    "duration": 21,
    "pid": 13664,
    "index": 47
  },
  {
    "name": "Require(39) node_modules/egg/app/extend/helper.js",
    "start": 1651891188108,
    "end": 1651891188108,
    "duration": 0,
    "pid": 13664,
    "index": 48
  },
  {
    "name": "Load app.js",
    "start": 1651891188112,
    "end": 1651891188228,
    "duration": 116,
    "pid": 13664,
    "index": 49
  },
  {
    "name": "Require(40) node_modules/egg-session/app.js",
    "start": 1651891188113,
    "end": 1651891188113,
    "duration": 0,
    "pid": 13664,
    "index": 50
  },
  {
    "name": "Require(41) node_modules/egg-security/app.js",
    "start": 1651891188113,
    "end": 1651891188115,
    "duration": 2,
    "pid": 13664,
    "index": 51
  },
  {
    "name": "Require(42) node_modules/egg-onerror/app.js",
    "start": 1651891188116,
    "end": 1651891188124,
    "duration": 8,
    "pid": 13664,
    "index": 52
  },
  {
    "name": "Require(43) node_modules/egg-i18n/app.js",
    "start": 1651891188125,
    "end": 1651891188144,
    "duration": 19,
    "pid": 13664,
    "index": 53
  },
  {
    "name": "Require(44) node_modules/egg-watcher/app.js",
    "start": 1651891188144,
    "end": 1651891188151,
    "duration": 7,
    "pid": 13664,
    "index": 54
  },
  {
    "name": "Require(45) node_modules/egg-schedule/app.js",
    "start": 1651891188152,
    "end": 1651891188155,
    "duration": 3,
    "pid": 13664,
    "index": 55
  },
  {
    "name": "Require(46) node_modules/egg-multipart/app.js",
    "start": 1651891188156,
    "end": 1651891188157,
    "duration": 1,
    "pid": 13664,
    "index": 56
  },
  {
    "name": "Require(47) node_modules/egg-development/app.js",
    "start": 1651891188158,
    "end": 1651891188159,
    "duration": 1,
    "pid": 13664,
    "index": 57
  },
  {
    "name": "Require(48) node_modules/egg-logrotator/app.js",
    "start": 1651891188160,
    "end": 1651891188160,
    "duration": 0,
    "pid": 13664,
    "index": 58
  },
  {
    "name": "Require(49) node_modules/egg-static/app.js",
    "start": 1651891188161,
    "end": 1651891188161,
    "duration": 0,
    "pid": 13664,
    "index": 59
  },
  {
    "name": "Require(50) node_modules/egg-sequelize/app.js",
    "start": 1651891188163,
    "end": 1651891188163,
    "duration": 0,
    "pid": 13664,
    "index": 60
  },
  {
    "name": "Require(51) node_modules/egg-cors/app.js",
    "start": 1651891188164,
    "end": 1651891188164,
    "duration": 0,
    "pid": 13664,
    "index": 61
  },
  {
    "name": "Require(52) node_modules/egg-jwt/app.js",
    "start": 1651891188165,
    "end": 1651891188165,
    "duration": 0,
    "pid": 13664,
    "index": 62
  },
  {
    "name": "Require(53) node_modules/egg-socket.io/app.js",
    "start": 1651891188166,
    "end": 1651891188227,
    "duration": 61,
    "pid": 13664,
    "index": 63
  },
  {
    "name": "Before Start in node_modules/egg-watcher/lib/init.js:15:14",
    "start": 1651891188245,
    "end": 1651891189139,
    "duration": 894,
    "pid": 13664,
    "index": 64
  },
  {
    "name": "Load \"Symbol(model)\" to Application",
    "start": 1651891188795,
    "end": 1651891188827,
    "duration": 32,
    "pid": 13664,
    "index": 65
  },
  {
    "name": "Before Start in node_modules/egg-sequelize/lib/loader.js:39:7",
    "start": 1651891188827,
    "end": 1651891189176,
    "duration": 349,
    "pid": 13664,
    "index": 66
  },
  {
    "name": "Load Controller",
    "start": 1651891188842,
    "end": 1651891188999,
    "duration": 157,
    "pid": 13664,
    "index": 67
  },
  {
    "name": "Load \"controller\" to Application",
    "start": 1651891188842,
    "end": 1651891188999,
    "duration": 157,
    "pid": 13664,
    "index": 68
  },
  {
    "name": "Before Start in node_modules/egg-socket.io/lib/io.js:26:7",
    "start": 1651891188852,
    "end": 1651891189072,
    "duration": 220,
    "pid": 13664,
    "index": 69
  },
  {
    "name": "Load Service",
    "start": 1651891188852,
    "end": 1651891188878,
    "duration": 26,
    "pid": 13664,
    "index": 70
  },
  {
    "name": "Load \"service\" to Context",
    "start": 1651891188852,
    "end": 1651891188878,
    "duration": 26,
    "pid": 13664,
    "index": 71
  },
  {
    "name": "Load Middleware",
    "start": 1651891188878,
    "end": 1651891188999,
    "duration": 121,
    "pid": 13664,
    "index": 72
  },
  {
    "name": "Load \"middlewares\" to Application",
    "start": 1651891188878,
    "end": 1651891188982,
    "duration": 104,
    "pid": 13664,
    "index": 73
  },
  {
    "name": "Load Controller",
    "start": 1651891188999,
    "end": 1651891189015,
    "duration": 16,
    "pid": 13664,
    "index": 74
  },
  {
    "name": "Load \"controller\" to Application",
    "start": 1651891188999,
    "end": 1651891189015,
    "duration": 16,
    "pid": 13664,
    "index": 75
  },
  {
    "name": "Load Router",
    "start": 1651891189015,
    "end": 1651891189020,
    "duration": 5,
    "pid": 13664,
    "index": 76
  },
  {
    "name": "Require(54) app/router.js",
    "start": 1651891189016,
    "end": 1651891189016,
    "duration": 0,
    "pid": 13664,
    "index": 77
  },
  {
    "name": "Before Start in node_modules/egg-core/lib/egg.js:303:10",
    "start": 1651891189017,
    "end": 1651891189068,
    "duration": 51,
    "pid": 13664,
    "index": 78
  }
]