[
  {
    "name": "Process Start",
    "start": 1651915258095,
    "end": 1651915259886,
    "duration": 1791,
    "pid": 14068,
    "index": 0
  },
  {
    "name": "Application Start",
    "start": 1651915259887,
    "end": 1651915261307,
    "duration": 1420,
    "pid": 14068,
    "index": 1
  },
  {
    "name": "Load Plugin",
    "start": 1651915259893,
    "end": 1651915259921,
    "duration": 28,
    "pid": 14068,
    "index": 2
  },
  {
    "name": "Load Config",
    "start": 1651915259921,
    "end": 1651915259961,
    "duration": 40,
    "pid": 14068,
    "index": 3
  },
  {
    "name": "Require(0) config/config.default.js",
    "start": 1651915259923,
    "end": 1651915259923,
    "duration": 0,
    "pid": 14068,
    "index": 4
  },
  {
    "name": "Require(1) node_modules/egg-session/config/config.default.js",
    "start": 1651915259925,
    "end": 1651915259926,
    "duration": 1,
    "pid": 14068,
    "index": 5
  },
  {
    "name": "Require(2) node_modules/egg-security/config/config.default.js",
    "start": 1651915259926,
    "end": 1651915259927,
    "duration": 1,
    "pid": 14068,
    "index": 6
  },
  {
    "name": "Require(3) node_modules/egg-jsonp/config/config.default.js",
    "start": 1651915259928,
    "end": 1651915259929,
    "duration": 1,
    "pid": 14068,
    "index": 7
  },
  {
    "name": "Require(4) node_modules/egg-onerror/config/config.default.js",
    "start": 1651915259929,
    "end": 1651915259930,
    "duration": 1,
    "pid": 14068,
    "index": 8
  },
  {
    "name": "Require(5) node_modules/egg-i18n/config/config.default.js",
    "start": 1651915259931,
    "end": 1651915259932,
    "duration": 1,
    "pid": 14068,
    "index": 9
  },
  {
    "name": "Require(6) node_modules/egg-watcher/config/config.default.js",
    "start": 1651915259933,
    "end": 1651915259934,
    "duration": 1,
    "pid": 14068,
    "index": 10
  },
  {
    "name": "Require(7) node_modules/egg-schedule/config/config.default.js",
    "start": 1651915259935,
    "end": 1651915259935,
    "duration": 0,
    "pid": 14068,
    "index": 11
  },
  {
    "name": "Require(8) node_modules/egg-multipart/config/config.default.js",
    "start": 1651915259936,
    "end": 1651915259937,
    "duration": 1,
    "pid": 14068,
    "index": 12
  },
  {
    "name": "Require(9) node_modules/egg-development/config/config.default.js",
    "start": 1651915259938,
    "end": 1651915259938,
    "duration": 0,
    "pid": 14068,
    "index": 13
  },
  {
    "name": "Require(10) node_modules/egg-logrotator/config/config.default.js",
    "start": 1651915259939,
    "end": 1651915259939,
    "duration": 0,
    "pid": 14068,
    "index": 14
  },
  {
    "name": "Require(11) node_modules/egg-static/config/config.default.js",
    "start": 1651915259940,
    "end": 1651915259941,
    "duration": 1,
    "pid": 14068,
    "index": 15
  },
  {
    "name": "Require(12) node_modules/egg-view/config/config.default.js",
    "start": 1651915259942,
    "end": 1651915259942,
    "duration": 0,
    "pid": 14068,
    "index": 16
  },
  {
    "name": "Require(13) node_modules/egg-sequelize/config/config.default.js",
    "start": 1651915259943,
    "end": 1651915259943,
    "duration": 0,
    "pid": 14068,
    "index": 17
  },
  {
    "name": "Require(14) node_modules/egg-cors/config/config.default.js",
    "start": 1651915259944,
    "end": 1651915259944,
    "duration": 0,
    "pid": 14068,
    "index": 18
  },
  {
    "name": "Require(15) node_modules/egg-jwt/config/config.default.js",
    "start": 1651915259945,
    "end": 1651915259945,
    "duration": 0,
    "pid": 14068,
    "index": 19
  },
  {
    "name": "Require(16) node_modules/egg-socket.io/config/config.default.js",
    "start": 1651915259946,
    "end": 1651915259947,
    "duration": 1,
    "pid": 14068,
    "index": 20
  },
  {
    "name": "Require(17) node_modules/egg/config/config.default.js",
    "start": 1651915259947,
    "end": 1651915259948,
    "duration": 1,
    "pid": 14068,
    "index": 21
  },
  {
    "name": "Require(18) config/config.default.js",
    "start": 1651915259951,
    "end": 1651915259951,
    "duration": 0,
    "pid": 14068,
    "index": 22
  },
  {
    "name": "Require(19) node_modules/egg-security/config/config.local.js",
    "start": 1651915259954,
    "end": 1651915259955,
    "duration": 1,
    "pid": 14068,
    "index": 23
  },
  {
    "name": "Require(20) node_modules/egg-watcher/config/config.local.js",
    "start": 1651915259956,
    "end": 1651915259956,
    "duration": 0,
    "pid": 14068,
    "index": 24
  },
  {
    "name": "Require(21) node_modules/egg-view/config/config.local.js",
    "start": 1651915259958,
    "end": 1651915259959,
    "duration": 1,
    "pid": 14068,
    "index": 25
  },
  {
    "name": "Require(22) node_modules/egg/config/config.local.js",
    "start": 1651915259960,
    "end": 1651915259961,
    "duration": 1,
    "pid": 14068,
    "index": 26
  },
  {
    "name": "Load extend/application.js",
    "start": 1651915259964,
    "end": 1651915260097,
    "duration": 133,
    "pid": 14068,
    "index": 27
  },
  {
    "name": "Require(23) node_modules/egg-session/app/extend/application.js",
    "start": 1651915259965,
    "end": 1651915259966,
    "duration": 1,
    "pid": 14068,
    "index": 28
  },
  {
    "name": "Require(24) node_modules/egg-security/app/extend/application.js",
    "start": 1651915259967,
    "end": 1651915259969,
    "duration": 2,
    "pid": 14068,
    "index": 29
  },
  {
    "name": "Require(25) node_modules/egg-jsonp/app/extend/application.js",
    "start": 1651915259969,
    "end": 1651915259971,
    "duration": 2,
    "pid": 14068,
    "index": 30
  },
  {
    "name": "Require(26) node_modules/egg-logrotator/app/extend/application.js",
    "start": 1651915259976,
    "end": 1651915259979,
    "duration": 3,
    "pid": 14068,
    "index": 31
  },
  {
    "name": "Require(27) node_modules/egg-view/app/extend/application.js",
    "start": 1651915259980,
    "end": 1651915259982,
    "duration": 2,
    "pid": 14068,
    "index": 32
  },
  {
    "name": "Require(28) node_modules/egg-jwt/app/extend/application.js",
    "start": 1651915259983,
    "end": 1651915260029,
    "duration": 46,
    "pid": 14068,
    "index": 33
  },
  {
    "name": "Require(29) node_modules/egg-socket.io/app/extend/application.js",
    "start": 1651915260030,
    "end": 1651915260093,
    "duration": 63,
    "pid": 14068,
    "index": 34
  },
  {
    "name": "Load extend/request.js",
    "start": 1651915260097,
    "end": 1651915260111,
    "duration": 14,
    "pid": 14068,
    "index": 35
  },
  {
    "name": "Require(30) node_modules/egg/app/extend/request.js",
    "start": 1651915260103,
    "end": 1651915260104,
    "duration": 1,
    "pid": 14068,
    "index": 36
  },
  {
    "name": "Load extend/response.js",
    "start": 1651915260111,
    "end": 1651915260124,
    "duration": 13,
    "pid": 14068,
    "index": 37
  },
  {
    "name": "Require(31) node_modules/egg/app/extend/response.js",
    "start": 1651915260118,
    "end": 1651915260120,
    "duration": 2,
    "pid": 14068,
    "index": 38
  },
  {
    "name": "Load extend/context.js",
    "start": 1651915260124,
    "end": 1651915260226,
    "duration": 102,
    "pid": 14068,
    "index": 39
  },
  {
    "name": "Require(32) node_modules/egg-security/app/extend/context.js",
    "start": 1651915260125,
    "end": 1651915260138,
    "duration": 13,
    "pid": 14068,
    "index": 40
  },
  {
    "name": "Require(33) node_modules/egg-jsonp/app/extend/context.js",
    "start": 1651915260139,
    "end": 1651915260140,
    "duration": 1,
    "pid": 14068,
    "index": 41
  },
  {
    "name": "Require(34) node_modules/egg-i18n/app/extend/context.js",
    "start": 1651915260141,
    "end": 1651915260142,
    "duration": 1,
    "pid": 14068,
    "index": 42
  },
  {
    "name": "Require(35) node_modules/egg-multipart/app/extend/context.js",
    "start": 1651915260143,
    "end": 1651915260218,
    "duration": 75,
    "pid": 14068,
    "index": 43
  },
  {
    "name": "Require(36) node_modules/egg-view/app/extend/context.js",
    "start": 1651915260219,
    "end": 1651915260220,
    "duration": 1,
    "pid": 14068,
    "index": 44
  },
  {
    "name": "Require(37) node_modules/egg/app/extend/context.js",
    "start": 1651915260222,
    "end": 1651915260222,
    "duration": 0,
    "pid": 14068,
    "index": 45
  },
  {
    "name": "Load extend/helper.js",
    "start": 1651915260226,
    "end": 1651915260255,
    "duration": 29,
    "pid": 14068,
    "index": 46
  },
  {
    "name": "Require(38) node_modules/egg-security/app/extend/helper.js",
    "start": 1651915260227,
    "end": 1651915260247,
    "duration": 20,
    "pid": 14068,
    "index": 47
  },
  {
    "name": "Require(39) node_modules/egg/app/extend/helper.js",
    "start": 1651915260251,
    "end": 1651915260251,
    "duration": 0,
    "pid": 14068,
    "index": 48
  },
  {
    "name": "Load app.js",
    "start": 1651915260255,
    "end": 1651915260375,
    "duration": 120,
    "pid": 14068,
    "index": 49
  },
  {
    "name": "Require(40) node_modules/egg-session/app.js",
    "start": 1651915260256,
    "end": 1651915260256,
    "duration": 0,
    "pid": 14068,
    "index": 50
  },
  {
    "name": "Require(41) node_modules/egg-security/app.js",
    "start": 1651915260257,
    "end": 1651915260258,
    "duration": 1,
    "pid": 14068,
    "index": 51
  },
  {
    "name": "Require(42) node_modules/egg-onerror/app.js",
    "start": 1651915260259,
    "end": 1651915260269,
    "duration": 10,
    "pid": 14068,
    "index": 52
  },
  {
    "name": "Require(43) node_modules/egg-i18n/app.js",
    "start": 1651915260269,
    "end": 1651915260289,
    "duration": 20,
    "pid": 14068,
    "index": 53
  },
  {
    "name": "Require(44) node_modules/egg-watcher/app.js",
    "start": 1651915260290,
    "end": 1651915260297,
    "duration": 7,
    "pid": 14068,
    "index": 54
  },
  {
    "name": "Require(45) node_modules/egg-schedule/app.js",
    "start": 1651915260297,
    "end": 1651915260299,
    "duration": 2,
    "pid": 14068,
    "index": 55
  },
  {
    "name": "Require(46) node_modules/egg-multipart/app.js",
    "start": 1651915260300,
    "end": 1651915260301,
    "duration": 1,
    "pid": 14068,
    "index": 56
  },
  {
    "name": "Require(47) node_modules/egg-development/app.js",
    "start": 1651915260301,
    "end": 1651915260302,
    "duration": 1,
    "pid": 14068,
    "index": 57
  },
  {
    "name": "Require(48) node_modules/egg-logrotator/app.js",
    "start": 1651915260302,
    "end": 1651915260303,
    "duration": 1,
    "pid": 14068,
    "index": 58
  },
  {
    "name": "Require(49) node_modules/egg-static/app.js",
    "start": 1651915260303,
    "end": 1651915260303,
    "duration": 0,
    "pid": 14068,
    "index": 59
  },
  {
    "name": "Require(50) node_modules/egg-sequelize/app.js",
    "start": 1651915260304,
    "end": 1651915260305,
    "duration": 1,
    "pid": 14068,
    "index": 60
  },
  {
    "name": "Require(51) node_modules/egg-cors/app.js",
    "start": 1651915260305,
    "end": 1651915260306,
    "duration": 1,
    "pid": 14068,
    "index": 61
  },
  {
    "name": "Require(52) node_modules/egg-jwt/app.js",
    "start": 1651915260306,
    "end": 1651915260307,
    "duration": 1,
    "pid": 14068,
    "index": 62
  },
  {
    "name": "Require(53) node_modules/egg-socket.io/app.js",
    "start": 1651915260307,
    "end": 1651915260374,
    "duration": 67,
    "pid": 14068,
    "index": 63
  },
  {
    "name": "Before Start in node_modules/egg-watcher/lib/init.js:15:14",
    "start": 1651915260390,
    "end": 1651915261270,
    "duration": 880,
    "pid": 14068,
    "index": 64
  },
  {
    "name": "Load \"Symbol(model)\" to Application",
    "start": 1651915260945,
    "end": 1651915260979,
    "duration": 34,
    "pid": 14068,
    "index": 65
  },
  {
    "name": "Before Start in node_modules/egg-sequelize/lib/loader.js:39:7",
    "start": 1651915260979,
    "end": 1651915261296,
    "duration": 317,
    "pid": 14068,
    "index": 66
  },
  {
    "name": "Load Controller",
    "start": 1651915260990,
    "end": 1651915261157,
    "duration": 167,
    "pid": 14068,
    "index": 67
  },
  {
    "name": "Load \"controller\" to Application",
    "start": 1651915260990,
    "end": 1651915261157,
    "duration": 167,
    "pid": 14068,
    "index": 68
  },
  {
    "name": "Before Start in node_modules/egg-socket.io/lib/io.js:26:7",
    "start": 1651915260997,
    "end": 1651915261234,
    "duration": 237,
    "pid": 14068,
    "index": 69
  },
  {
    "name": "Load Service",
    "start": 1651915260998,
    "end": 1651915261017,
    "duration": 19,
    "pid": 14068,
    "index": 70
  },
  {
    "name": "Load \"service\" to Context",
    "start": 1651915260998,
    "end": 1651915261017,
    "duration": 19,
    "pid": 14068,
    "index": 71
  },
  {
    "name": "Load Middleware",
    "start": 1651915261017,
    "end": 1651915261157,
    "duration": 140,
    "pid": 14068,
    "index": 72
  },
  {
    "name": "Load \"middlewares\" to Application",
    "start": 1651915261018,
    "end": 1651915261137,
    "duration": 119,
    "pid": 14068,
    "index": 73
  },
  {
    "name": "Load Controller",
    "start": 1651915261157,
    "end": 1651915261171,
    "duration": 14,
    "pid": 14068,
    "index": 74
  },
  {
    "name": "Load \"controller\" to Application",
    "start": 1651915261157,
    "end": 1651915261171,
    "duration": 14,
    "pid": 14068,
    "index": 75
  },
  {
    "name": "Load Router",
    "start": 1651915261171,
    "end": 1651915261177,
    "duration": 6,
    "pid": 14068,
    "index": 76
  },
  {
    "name": "Require(54) app/router.js",
    "start": 1651915261171,
    "end": 1651915261172,
    "duration": 1,
    "pid": 14068,
    "index": 77
  },
  {
    "name": "Before Start in node_modules/egg-core/lib/egg.js:303:10",
    "start": 1651915261173,
    "end": 1651915261229,
    "duration": 56,
    "pid": 14068,
    "index": 78
  }
]