[
  {
    "name": "Process Start",
    "start": 1651891189295,
    "end": 1651891190788,
    "duration": 1493,
    "pid": 4976,
    "index": 0
  },
  {
    "name": "Application Start",
    "start": 1651891190789,
    "end": 1651891192113,
    "duration": 1324,
    "pid": 4976,
    "index": 1
  },
  {
    "name": "Load Plugin",
    "start": 1651891190795,
    "end": 1651891190824,
    "duration": 29,
    "pid": 4976,
    "index": 2
  },
  {
    "name": "Load Config",
    "start": 1651891190824,
    "end": 1651891190862,
    "duration": 38,
    "pid": 4976,
    "index": 3
  },
  {
    "name": "Require(0) config/config.default.js",
    "start": 1651891190825,
    "end": 1651891190826,
    "duration": 1,
    "pid": 4976,
    "index": 4
  },
  {
    "name": "Require(1) node_modules/egg-session/config/config.default.js",
    "start": 1651891190829,
    "end": 1651891190830,
    "duration": 1,
    "pid": 4976,
    "index": 5
  },
  {
    "name": "Require(2) node_modules/egg-security/config/config.default.js",
    "start": 1651891190830,
    "end": 1651891190831,
    "duration": 1,
    "pid": 4976,
    "index": 6
  },
  {
    "name": "Require(3) node_modules/egg-jsonp/config/config.default.js",
    "start": 1651891190833,
    "end": 1651891190834,
    "duration": 1,
    "pid": 4976,
    "index": 7
  },
  {
    "name": "Require(4) node_modules/egg-onerror/config/config.default.js",
    "start": 1651891190835,
    "end": 1651891190836,
    "duration": 1,
    "pid": 4976,
    "index": 8
  },
  {
    "name": "Require(5) node_modules/egg-i18n/config/config.default.js",
    "start": 1651891190836,
    "end": 1651891190837,
    "duration": 1,
    "pid": 4976,
    "index": 9
  },
  {
    "name": "Require(6) node_modules/egg-watcher/config/config.default.js",
    "start": 1651891190838,
    "end": 1651891190838,
    "duration": 0,
    "pid": 4976,
    "index": 10
  },
  {
    "name": "Require(7) node_modules/egg-schedule/config/config.default.js",
    "start": 1651891190839,
    "end": 1651891190839,
    "duration": 0,
    "pid": 4976,
    "index": 11
  },
  {
    "name": "Require(8) node_modules/egg-multipart/config/config.default.js",
    "start": 1651891190840,
    "end": 1651891190841,
    "duration": 1,
    "pid": 4976,
    "index": 12
  },
  {
    "name": "Require(9) node_modules/egg-development/config/config.default.js",
    "start": 1651891190842,
    "end": 1651891190842,
    "duration": 0,
    "pid": 4976,
    "index": 13
  },
  {
    "name": "Require(10) node_modules/egg-logrotator/config/config.default.js",
    "start": 1651891190843,
    "end": 1651891190844,
    "duration": 1,
    "pid": 4976,
    "index": 14
  },
  {
    "name": "Require(11) node_modules/egg-static/config/config.default.js",
    "start": 1651891190845,
    "end": 1651891190846,
    "duration": 1,
    "pid": 4976,
    "index": 15
  },
  {
    "name": "Require(12) node_modules/egg-view/config/config.default.js",
    "start": 1651891190847,
    "end": 1651891190847,
    "duration": 0,
    "pid": 4976,
    "index": 16
  },
  {
    "name": "Require(13) node_modules/egg-sequelize/config/config.default.js",
    "start": 1651891190848,
    "end": 1651891190848,
    "duration": 0,
    "pid": 4976,
    "index": 17
  },
  {
    "name": "Require(14) node_modules/egg-cors/config/config.default.js",
    "start": 1651891190849,
    "end": 1651891190849,
    "duration": 0,
    "pid": 4976,
    "index": 18
  },
  {
    "name": "Require(15) node_modules/egg-jwt/config/config.default.js",
    "start": 1651891190850,
    "end": 1651891190850,
    "duration": 0,
    "pid": 4976,
    "index": 19
  },
  {
    "name": "Require(16) node_modules/egg-socket.io/config/config.default.js",
    "start": 1651891190850,
    "end": 1651891190851,
    "duration": 1,
    "pid": 4976,
    "index": 20
  },
  {
    "name": "Require(17) node_modules/egg/config/config.default.js",
    "start": 1651891190852,
    "end": 1651891190852,
    "duration": 0,
    "pid": 4976,
    "index": 21
  },
  {
    "name": "Require(18) config/config.default.js",
    "start": 1651891190854,
    "end": 1651891190854,
    "duration": 0,
    "pid": 4976,
    "index": 22
  },
  {
    "name": "Require(19) node_modules/egg-security/config/config.local.js",
    "start": 1651891190857,
    "end": 1651891190857,
    "duration": 0,
    "pid": 4976,
    "index": 23
  },
  {
    "name": "Require(20) node_modules/egg-watcher/config/config.local.js",
    "start": 1651891190858,
    "end": 1651891190859,
    "duration": 1,
    "pid": 4976,
    "index": 24
  },
  {
    "name": "Require(21) node_modules/egg-view/config/config.local.js",
    "start": 1651891190860,
    "end": 1651891190861,
    "duration": 1,
    "pid": 4976,
    "index": 25
  },
  {
    "name": "Require(22) node_modules/egg/config/config.local.js",
    "start": 1651891190862,
    "end": 1651891190862,
    "duration": 0,
    "pid": 4976,
    "index": 26
  },
  {
    "name": "Load extend/application.js",
    "start": 1651891190864,
    "end": 1651891191008,
    "duration": 144,
    "pid": 4976,
    "index": 27
  },
  {
    "name": "Require(23) node_modules/egg-session/app/extend/application.js",
    "start": 1651891190865,
    "end": 1651891190866,
    "duration": 1,
    "pid": 4976,
    "index": 28
  },
  {
    "name": "Require(24) node_modules/egg-security/app/extend/application.js",
    "start": 1651891190866,
    "end": 1651891190868,
    "duration": 2,
    "pid": 4976,
    "index": 29
  },
  {
    "name": "Require(25) node_modules/egg-jsonp/app/extend/application.js",
    "start": 1651891190869,
    "end": 1651891190871,
    "duration": 2,
    "pid": 4976,
    "index": 30
  },
  {
    "name": "Require(26) node_modules/egg-logrotator/app/extend/application.js",
    "start": 1651891190874,
    "end": 1651891190877,
    "duration": 3,
    "pid": 4976,
    "index": 31
  },
  {
    "name": "Require(27) node_modules/egg-view/app/extend/application.js",
    "start": 1651891190878,
    "end": 1651891190881,
    "duration": 3,
    "pid": 4976,
    "index": 32
  },
  {
    "name": "Require(28) node_modules/egg-jwt/app/extend/application.js",
    "start": 1651891190882,
    "end": 1651891190942,
    "duration": 60,
    "pid": 4976,
    "index": 33
  },
  {
    "name": "Require(29) node_modules/egg-socket.io/app/extend/application.js",
    "start": 1651891190942,
    "end": 1651891191004,
    "duration": 62,
    "pid": 4976,
    "index": 34
  },
  {
    "name": "Load extend/request.js",
    "start": 1651891191008,
    "end": 1651891191016,
    "duration": 8,
    "pid": 4976,
    "index": 35
  },
  {
    "name": "Require(30) node_modules/egg/app/extend/request.js",
    "start": 1651891191012,
    "end": 1651891191012,
    "duration": 0,
    "pid": 4976,
    "index": 36
  },
  {
    "name": "Load extend/response.js",
    "start": 1651891191016,
    "end": 1651891191025,
    "duration": 9,
    "pid": 4976,
    "index": 37
  },
  {
    "name": "Require(31) node_modules/egg/app/extend/response.js",
    "start": 1651891191020,
    "end": 1651891191021,
    "duration": 1,
    "pid": 4976,
    "index": 38
  },
  {
    "name": "Load extend/context.js",
    "start": 1651891191025,
    "end": 1651891191118,
    "duration": 93,
    "pid": 4976,
    "index": 39
  },
  {
    "name": "Require(32) node_modules/egg-security/app/extend/context.js",
    "start": 1651891191025,
    "end": 1651891191038,
    "duration": 13,
    "pid": 4976,
    "index": 40
  },
  {
    "name": "Require(33) node_modules/egg-jsonp/app/extend/context.js",
    "start": 1651891191038,
    "end": 1651891191041,
    "duration": 3,
    "pid": 4976,
    "index": 41
  },
  {
    "name": "Require(34) node_modules/egg-i18n/app/extend/context.js",
    "start": 1651891191042,
    "end": 1651891191042,
    "duration": 0,
    "pid": 4976,
    "index": 42
  },
  {
    "name": "Require(35) node_modules/egg-multipart/app/extend/context.js",
    "start": 1651891191044,
    "end": 1651891191110,
    "duration": 66,
    "pid": 4976,
    "index": 43
  },
  {
    "name": "Require(36) node_modules/egg-view/app/extend/context.js",
    "start": 1651891191111,
    "end": 1651891191112,
    "duration": 1,
    "pid": 4976,
    "index": 44
  },
  {
    "name": "Require(37) node_modules/egg/app/extend/context.js",
    "start": 1651891191113,
    "end": 1651891191114,
    "duration": 1,
    "pid": 4976,
    "index": 45
  },
  {
    "name": "Load extend/helper.js",
    "start": 1651891191118,
    "end": 1651891191148,
    "duration": 30,
    "pid": 4976,
    "index": 46
  },
  {
    "name": "Require(38) node_modules/egg-security/app/extend/helper.js",
    "start": 1651891191119,
    "end": 1651891191140,
    "duration": 21,
    "pid": 4976,
    "index": 47
  },
  {
    "name": "Require(39) node_modules/egg/app/extend/helper.js",
    "start": 1651891191143,
    "end": 1651891191144,
    "duration": 1,
    "pid": 4976,
    "index": 48
  },
  {
    "name": "Load app.js",
    "start": 1651891191148,
    "end": 1651891191247,
    "duration": 99,
    "pid": 4976,
    "index": 49
  },
  {
    "name": "Require(40) node_modules/egg-session/app.js",
    "start": 1651891191149,
    "end": 1651891191149,
    "duration": 0,
    "pid": 4976,
    "index": 50
  },
  {
    "name": "Require(41) node_modules/egg-security/app.js",
    "start": 1651891191149,
    "end": 1651891191151,
    "duration": 2,
    "pid": 4976,
    "index": 51
  },
  {
    "name": "Require(42) node_modules/egg-onerror/app.js",
    "start": 1651891191152,
    "end": 1651891191162,
    "duration": 10,
    "pid": 4976,
    "index": 52
  },
  {
    "name": "Require(43) node_modules/egg-i18n/app.js",
    "start": 1651891191163,
    "end": 1651891191180,
    "duration": 17,
    "pid": 4976,
    "index": 53
  },
  {
    "name": "Require(44) node_modules/egg-watcher/app.js",
    "start": 1651891191180,
    "end": 1651891191184,
    "duration": 4,
    "pid": 4976,
    "index": 54
  },
  {
    "name": "Require(45) node_modules/egg-schedule/app.js",
    "start": 1651891191184,
    "end": 1651891191186,
    "duration": 2,
    "pid": 4976,
    "index": 55
  },
  {
    "name": "Require(46) node_modules/egg-multipart/app.js",
    "start": 1651891191186,
    "end": 1651891191187,
    "duration": 1,
    "pid": 4976,
    "index": 56
  },
  {
    "name": "Require(47) node_modules/egg-development/app.js",
    "start": 1651891191187,
    "end": 1651891191187,
    "duration": 0,
    "pid": 4976,
    "index": 57
  },
  {
    "name": "Require(48) node_modules/egg-logrotator/app.js",
    "start": 1651891191188,
    "end": 1651891191188,
    "duration": 0,
    "pid": 4976,
    "index": 58
  },
  {
    "name": "Require(49) node_modules/egg-static/app.js",
    "start": 1651891191188,
    "end": 1651891191189,
    "duration": 1,
    "pid": 4976,
    "index": 59
  },
  {
    "name": "Require(50) node_modules/egg-sequelize/app.js",
    "start": 1651891191189,
    "end": 1651891191189,
    "duration": 0,
    "pid": 4976,
    "index": 60
  },
  {
    "name": "Require(51) node_modules/egg-cors/app.js",
    "start": 1651891191190,
    "end": 1651891191190,
    "duration": 0,
    "pid": 4976,
    "index": 61
  },
  {
    "name": "Require(52) node_modules/egg-jwt/app.js",
    "start": 1651891191190,
    "end": 1651891191191,
    "duration": 1,
    "pid": 4976,
    "index": 62
  },
  {
    "name": "Require(53) node_modules/egg-socket.io/app.js",
    "start": 1651891191191,
    "end": 1651891191246,
    "duration": 55,
    "pid": 4976,
    "index": 63
  },
  {
    "name": "Before Start in node_modules/egg-watcher/lib/init.js:15:14",
    "start": 1651891191265,
    "end": 1651891192065,
    "duration": 800,
    "pid": 4976,
    "index": 64
  },
  {
    "name": "Load \"Symbol(model)\" to Application",
    "start": 1651891191757,
    "end": 1651891191789,
    "duration": 32,
    "pid": 4976,
    "index": 65
  },
  {
    "name": "Before Start in node_modules/egg-sequelize/lib/loader.js:39:7",
    "start": 1651891191789,
    "end": 1651891192098,
    "duration": 309,
    "pid": 4976,
    "index": 66
  },
  {
    "name": "Load Controller",
    "start": 1651891191803,
    "end": 1651891191957,
    "duration": 154,
    "pid": 4976,
    "index": 67
  },
  {
    "name": "Load \"controller\" to Application",
    "start": 1651891191803,
    "end": 1651891191957,
    "duration": 154,
    "pid": 4976,
    "index": 68
  },
  {
    "name": "Before Start in node_modules/egg-socket.io/lib/io.js:26:7",
    "start": 1651891191812,
    "end": 1651891192024,
    "duration": 212,
    "pid": 4976,
    "index": 69
  },
  {
    "name": "Load Service",
    "start": 1651891191812,
    "end": 1651891191834,
    "duration": 22,
    "pid": 4976,
    "index": 70
  },
  {
    "name": "Load \"service\" to Context",
    "start": 1651891191812,
    "end": 1651891191834,
    "duration": 22,
    "pid": 4976,
    "index": 71
  },
  {
    "name": "Load Middleware",
    "start": 1651891191835,
    "end": 1651891191957,
    "duration": 122,
    "pid": 4976,
    "index": 72
  },
  {
    "name": "Load \"middlewares\" to Application",
    "start": 1651891191835,
    "end": 1651891191943,
    "duration": 108,
    "pid": 4976,
    "index": 73
  },
  {
    "name": "Load Controller",
    "start": 1651891191957,
    "end": 1651891191970,
    "duration": 13,
    "pid": 4976,
    "index": 74
  },
  {
    "name": "Load \"controller\" to Application",
    "start": 1651891191957,
    "end": 1651891191970,
    "duration": 13,
    "pid": 4976,
    "index": 75
  },
  {
    "name": "Load Router",
    "start": 1651891191971,
    "end": 1651891191976,
    "duration": 5,
    "pid": 4976,
    "index": 76
  },
  {
    "name": "Require(54) app/router.js",
    "start": 1651891191971,
    "end": 1651891191972,
    "duration": 1,
    "pid": 4976,
    "index": 77
  },
  {
    "name": "Before Start in node_modules/egg-core/lib/egg.js:303:10",
    "start": 1651891191973,
    "end": 1651891192020,
    "duration": 47,
    "pid": 4976,
    "index": 78
  }
]