[
  {
    "name": "Process Start",
    "start": 1651994267343,
    "end": 1651994269094,
    "duration": 1751,
    "pid": 5600,
    "index": 0
  },
  {
    "name": "Application Start",
    "start": 1651994269095,
    "end": 1651994270501,
    "duration": 1406,
    "pid": 5600,
    "index": 1
  },
  {
    "name": "Load Plugin",
    "start": 1651994269103,
    "end": 1651994269128,
    "duration": 25,
    "pid": 5600,
    "index": 2
  },
  {
    "name": "Load Config",
    "start": 1651994269129,
    "end": 1651994269170,
    "duration": 41,
    "pid": 5600,
    "index": 3
  },
  {
    "name": "Require(0) config/config.default.js",
    "start": 1651994269129,
    "end": 1651994269130,
    "duration": 1,
    "pid": 5600,
    "index": 4
  },
  {
    "name": "Require(1) node_modules/egg-session/config/config.default.js",
    "start": 1651994269132,
    "end": 1651994269132,
    "duration": 0,
    "pid": 5600,
    "index": 5
  },
  {
    "name": "Require(2) node_modules/egg-security/config/config.default.js",
    "start": 1651994269133,
    "end": 1651994269134,
    "duration": 1,
    "pid": 5600,
    "index": 6
  },
  {
    "name": "Require(3) node_modules/egg-jsonp/config/config.default.js",
    "start": 1651994269136,
    "end": 1651994269136,
    "duration": 0,
    "pid": 5600,
    "index": 7
  },
  {
    "name": "Require(4) node_modules/egg-onerror/config/config.default.js",
    "start": 1651994269137,
    "end": 1651994269138,
    "duration": 1,
    "pid": 5600,
    "index": 8
  },
  {
    "name": "Require(5) node_modules/egg-i18n/config/config.default.js",
    "start": 1651994269138,
    "end": 1651994269139,
    "duration": 1,
    "pid": 5600,
    "index": 9
  },
  {
    "name": "Require(6) node_modules/egg-watcher/config/config.default.js",
    "start": 1651994269139,
    "end": 1651994269140,
    "duration": 1,
    "pid": 5600,
    "index": 10
  },
  {
    "name": "Require(7) node_modules/egg-schedule/config/config.default.js",
    "start": 1651994269140,
    "end": 1651994269141,
    "duration": 1,
    "pid": 5600,
    "index": 11
  },
  {
    "name": "Require(8) node_modules/egg-multipart/config/config.default.js",
    "start": 1651994269142,
    "end": 1651994269142,
    "duration": 0,
    "pid": 5600,
    "index": 12
  },
  {
    "name": "Require(9) node_modules/egg-development/config/config.default.js",
    "start": 1651994269143,
    "end": 1651994269144,
    "duration": 1,
    "pid": 5600,
    "index": 13
  },
  {
    "name": "Require(10) node_modules/egg-logrotator/config/config.default.js",
    "start": 1651994269144,
    "end": 1651994269145,
    "duration": 1,
    "pid": 5600,
    "index": 14
  },
  {
    "name": "Require(11) node_modules/egg-static/config/config.default.js",
    "start": 1651994269145,
    "end": 1651994269146,
    "duration": 1,
    "pid": 5600,
    "index": 15
  },
  {
    "name": "Require(12) node_modules/egg-view/config/config.default.js",
    "start": 1651994269147,
    "end": 1651994269147,
    "duration": 0,
    "pid": 5600,
    "index": 16
  },
  {
    "name": "Require(13) node_modules/egg-sequelize/config/config.default.js",
    "start": 1651994269148,
    "end": 1651994269149,
    "duration": 1,
    "pid": 5600,
    "index": 17
  },
  {
    "name": "Require(14) node_modules/egg-cors/config/config.default.js",
    "start": 1651994269149,
    "end": 1651994269150,
    "duration": 1,
    "pid": 5600,
    "index": 18
  },
  {
    "name": "Require(15) node_modules/egg-jwt/config/config.default.js",
    "start": 1651994269150,
    "end": 1651994269151,
    "duration": 1,
    "pid": 5600,
    "index": 19
  },
  {
    "name": "Require(16) node_modules/egg-socket.io/config/config.default.js",
    "start": 1651994269151,
    "end": 1651994269152,
    "duration": 1,
    "pid": 5600,
    "index": 20
  },
  {
    "name": "Require(17) node_modules/egg/config/config.default.js",
    "start": 1651994269153,
    "end": 1651994269154,
    "duration": 1,
    "pid": 5600,
    "index": 21
  },
  {
    "name": "Require(18) config/config.default.js",
    "start": 1651994269156,
    "end": 1651994269156,
    "duration": 0,
    "pid": 5600,
    "index": 22
  },
  {
    "name": "Require(19) node_modules/egg-security/config/config.local.js",
    "start": 1651994269158,
    "end": 1651994269159,
    "duration": 1,
    "pid": 5600,
    "index": 23
  },
  {
    "name": "Require(20) node_modules/egg-watcher/config/config.local.js",
    "start": 1651994269164,
    "end": 1651994269165,
    "duration": 1,
    "pid": 5600,
    "index": 24
  },
  {
    "name": "Require(21) node_modules/egg-view/config/config.local.js",
    "start": 1651994269166,
    "end": 1651994269167,
    "duration": 1,
    "pid": 5600,
    "index": 25
  },
  {
    "name": "Require(22) node_modules/egg/config/config.local.js",
    "start": 1651994269169,
    "end": 1651994269170,
    "duration": 1,
    "pid": 5600,
    "index": 26
  },
  {
    "name": "Load extend/application.js",
    "start": 1651994269172,
    "end": 1651994269312,
    "duration": 140,
    "pid": 5600,
    "index": 27
  },
  {
    "name": "Require(23) node_modules/egg-session/app/extend/application.js",
    "start": 1651994269172,
    "end": 1651994269173,
    "duration": 1,
    "pid": 5600,
    "index": 28
  },
  {
    "name": "Require(24) node_modules/egg-security/app/extend/application.js",
    "start": 1651994269174,
    "end": 1651994269175,
    "duration": 1,
    "pid": 5600,
    "index": 29
  },
  {
    "name": "Require(25) node_modules/egg-jsonp/app/extend/application.js",
    "start": 1651994269176,
    "end": 1651994269177,
    "duration": 1,
    "pid": 5600,
    "index": 30
  },
  {
    "name": "Require(26) node_modules/egg-logrotator/app/extend/application.js",
    "start": 1651994269179,
    "end": 1651994269181,
    "duration": 2,
    "pid": 5600,
    "index": 31
  },
  {
    "name": "Require(27) node_modules/egg-view/app/extend/application.js",
    "start": 1651994269182,
    "end": 1651994269183,
    "duration": 1,
    "pid": 5600,
    "index": 32
  },
  {
    "name": "Require(28) node_modules/egg-jwt/app/extend/application.js",
    "start": 1651994269184,
    "end": 1651994269244,
    "duration": 60,
    "pid": 5600,
    "index": 33
  },
  {
    "name": "Require(29) node_modules/egg-socket.io/app/extend/application.js",
    "start": 1651994269245,
    "end": 1651994269308,
    "duration": 63,
    "pid": 5600,
    "index": 34
  },
  {
    "name": "Load extend/request.js",
    "start": 1651994269312,
    "end": 1651994269321,
    "duration": 9,
    "pid": 5600,
    "index": 35
  },
  {
    "name": "Require(30) node_modules/egg/app/extend/request.js",
    "start": 1651994269315,
    "end": 1651994269316,
    "duration": 1,
    "pid": 5600,
    "index": 36
  },
  {
    "name": "Load extend/response.js",
    "start": 1651994269321,
    "end": 1651994269330,
    "duration": 9,
    "pid": 5600,
    "index": 37
  },
  {
    "name": "Require(31) node_modules/egg/app/extend/response.js",
    "start": 1651994269325,
    "end": 1651994269327,
    "duration": 2,
    "pid": 5600,
    "index": 38
  },
  {
    "name": "Load extend/context.js",
    "start": 1651994269330,
    "end": 1651994269435,
    "duration": 105,
    "pid": 5600,
    "index": 39
  },
  {
    "name": "Require(32) node_modules/egg-security/app/extend/context.js",
    "start": 1651994269331,
    "end": 1651994269344,
    "duration": 13,
    "pid": 5600,
    "index": 40
  },
  {
    "name": "Require(33) node_modules/egg-jsonp/app/extend/context.js",
    "start": 1651994269345,
    "end": 1651994269347,
    "duration": 2,
    "pid": 5600,
    "index": 41
  },
  {
    "name": "Require(34) node_modules/egg-i18n/app/extend/context.js",
    "start": 1651994269348,
    "end": 1651994269348,
    "duration": 0,
    "pid": 5600,
    "index": 42
  },
  {
    "name": "Require(35) node_modules/egg-multipart/app/extend/context.js",
    "start": 1651994269349,
    "end": 1651994269426,
    "duration": 77,
    "pid": 5600,
    "index": 43
  },
  {
    "name": "Require(36) node_modules/egg-view/app/extend/context.js",
    "start": 1651994269427,
    "end": 1651994269429,
    "duration": 2,
    "pid": 5600,
    "index": 44
  },
  {
    "name": "Require(37) node_modules/egg/app/extend/context.js",
    "start": 1651994269430,
    "end": 1651994269431,
    "duration": 1,
    "pid": 5600,
    "index": 45
  },
  {
    "name": "Load extend/helper.js",
    "start": 1651994269436,
    "end": 1651994269470,
    "duration": 34,
    "pid": 5600,
    "index": 46
  },
  {
    "name": "Require(38) node_modules/egg-security/app/extend/helper.js",
    "start": 1651994269437,
    "end": 1651994269462,
    "duration": 25,
    "pid": 5600,
    "index": 47
  },
  {
    "name": "Require(39) node_modules/egg/app/extend/helper.js",
    "start": 1651994269465,
    "end": 1651994269465,
    "duration": 0,
    "pid": 5600,
    "index": 48
  },
  {
    "name": "Load app.js",
    "start": 1651994269470,
    "end": 1651994269595,
    "duration": 125,
    "pid": 5600,
    "index": 49
  },
  {
    "name": "Require(40) node_modules/egg-session/app.js",
    "start": 1651994269470,
    "end": 1651994269471,
    "duration": 1,
    "pid": 5600,
    "index": 50
  },
  {
    "name": "Require(41) node_modules/egg-security/app.js",
    "start": 1651994269472,
    "end": 1651994269474,
    "duration": 2,
    "pid": 5600,
    "index": 51
  },
  {
    "name": "Require(42) node_modules/egg-onerror/app.js",
    "start": 1651994269475,
    "end": 1651994269483,
    "duration": 8,
    "pid": 5600,
    "index": 52
  },
  {
    "name": "Require(43) node_modules/egg-i18n/app.js",
    "start": 1651994269484,
    "end": 1651994269509,
    "duration": 25,
    "pid": 5600,
    "index": 53
  },
  {
    "name": "Require(44) node_modules/egg-watcher/app.js",
    "start": 1651994269509,
    "end": 1651994269515,
    "duration": 6,
    "pid": 5600,
    "index": 54
  },
  {
    "name": "Require(45) node_modules/egg-schedule/app.js",
    "start": 1651994269516,
    "end": 1651994269521,
    "duration": 5,
    "pid": 5600,
    "index": 55
  },
  {
    "name": "Require(46) node_modules/egg-multipart/app.js",
    "start": 1651994269521,
    "end": 1651994269522,
    "duration": 1,
    "pid": 5600,
    "index": 56
  },
  {
    "name": "Require(47) node_modules/egg-development/app.js",
    "start": 1651994269522,
    "end": 1651994269523,
    "duration": 1,
    "pid": 5600,
    "index": 57
  },
  {
    "name": "Require(48) node_modules/egg-logrotator/app.js",
    "start": 1651994269523,
    "end": 1651994269524,
    "duration": 1,
    "pid": 5600,
    "index": 58
  },
  {
    "name": "Require(49) node_modules/egg-static/app.js",
    "start": 1651994269524,
    "end": 1651994269525,
    "duration": 1,
    "pid": 5600,
    "index": 59
  },
  {
    "name": "Require(50) node_modules/egg-sequelize/app.js",
    "start": 1651994269525,
    "end": 1651994269526,
    "duration": 1,
    "pid": 5600,
    "index": 60
  },
  {
    "name": "Require(51) node_modules/egg-cors/app.js",
    "start": 1651994269526,
    "end": 1651994269526,
    "duration": 0,
    "pid": 5600,
    "index": 61
  },
  {
    "name": "Require(52) node_modules/egg-jwt/app.js",
    "start": 1651994269527,
    "end": 1651994269527,
    "duration": 0,
    "pid": 5600,
    "index": 62
  },
  {
    "name": "Require(53) node_modules/egg-socket.io/app.js",
    "start": 1651994269527,
    "end": 1651994269594,
    "duration": 67,
    "pid": 5600,
    "index": 63
  },
  {
    "name": "Before Start in node_modules/egg-watcher/lib/init.js:15:14",
    "start": 1651994269616,
    "end": 1651994270468,
    "duration": 852,
    "pid": 5600,
    "index": 64
  },
  {
    "name": "Load \"Symbol(model)\" to Application",
    "start": 1651994270189,
    "end": 1651994270221,
    "duration": 32,
    "pid": 5600,
    "index": 65
  },
  {
    "name": "Before Start in node_modules/egg-sequelize/lib/loader.js:39:7",
    "start": 1651994270221,
    "end": 1651994270489,
    "duration": 268,
    "pid": 5600,
    "index": 66
  },
  {
    "name": "Load Controller",
    "start": 1651994270231,
    "end": 1651994270371,
    "duration": 140,
    "pid": 5600,
    "index": 67
  },
  {
    "name": "Load \"controller\" to Application",
    "start": 1651994270231,
    "end": 1651994270371,
    "duration": 140,
    "pid": 5600,
    "index": 68
  },
  {
    "name": "Before Start in node_modules/egg-socket.io/lib/io.js:26:7",
    "start": 1651994270239,
    "end": 1651994270433,
    "duration": 194,
    "pid": 5600,
    "index": 69
  },
  {
    "name": "Load Service",
    "start": 1651994270239,
    "end": 1651994270262,
    "duration": 23,
    "pid": 5600,
    "index": 70
  },
  {
    "name": "Load \"service\" to Context",
    "start": 1651994270239,
    "end": 1651994270262,
    "duration": 23,
    "pid": 5600,
    "index": 71
  },
  {
    "name": "Load Middleware",
    "start": 1651994270262,
    "end": 1651994270371,
    "duration": 109,
    "pid": 5600,
    "index": 72
  },
  {
    "name": "Load \"middlewares\" to Application",
    "start": 1651994270262,
    "end": 1651994270355,
    "duration": 93,
    "pid": 5600,
    "index": 73
  },
  {
    "name": "Load Controller",
    "start": 1651994270371,
    "end": 1651994270383,
    "duration": 12,
    "pid": 5600,
    "index": 74
  },
  {
    "name": "Load \"controller\" to Application",
    "start": 1651994270371,
    "end": 1651994270383,
    "duration": 12,
    "pid": 5600,
    "index": 75
  },
  {
    "name": "Load Router",
    "start": 1651994270383,
    "end": 1651994270388,
    "duration": 5,
    "pid": 5600,
    "index": 76
  },
  {
    "name": "Require(54) app/router.js",
    "start": 1651994270384,
    "end": 1651994270384,
    "duration": 0,
    "pid": 5600,
    "index": 77
  },
  {
    "name": "Before Start in node_modules/egg-core/lib/egg.js:303:10",
    "start": 1651994270385,
    "end": 1651994270428,
    "duration": 43,
    "pid": 5600,
    "index": 78
  }
]