[
  {
    "name": "Process Start",
    "start": 1651933543178,
    "end": 1651933544662,
    "duration": 1484,
    "pid": 17404,
    "index": 0
  },
  {
    "name": "Application Start",
    "start": 1651933544664,
    "end": 1651933545941,
    "duration": 1277,
    "pid": 17404,
    "index": 1
  },
  {
    "name": "Load Plugin",
    "start": 1651933544673,
    "end": 1651933544699,
    "duration": 26,
    "pid": 17404,
    "index": 2
  },
  {
    "name": "Load Config",
    "start": 1651933544699,
    "end": 1651933544744,
    "duration": 45,
    "pid": 17404,
    "index": 3
  },
  {
    "name": "Require(0) config/config.default.js",
    "start": 1651933544701,
    "end": 1651933544701,
    "duration": 0,
    "pid": 17404,
    "index": 4
  },
  {
    "name": "Require(1) node_modules/egg-session/config/config.default.js",
    "start": 1651933544704,
    "end": 1651933544705,
    "duration": 1,
    "pid": 17404,
    "index": 5
  },
  {
    "name": "Require(2) node_modules/egg-security/config/config.default.js",
    "start": 1651933544706,
    "end": 1651933544707,
    "duration": 1,
    "pid": 17404,
    "index": 6
  },
  {
    "name": "Require(3) node_modules/egg-jsonp/config/config.default.js",
    "start": 1651933544708,
    "end": 1651933544709,
    "duration": 1,
    "pid": 17404,
    "index": 7
  },
  {
    "name": "Require(4) node_modules/egg-onerror/config/config.default.js",
    "start": 1651933544710,
    "end": 1651933544711,
    "duration": 1,
    "pid": 17404,
    "index": 8
  },
  {
    "name": "Require(5) node_modules/egg-i18n/config/config.default.js",
    "start": 1651933544711,
    "end": 1651933544712,
    "duration": 1,
    "pid": 17404,
    "index": 9
  },
  {
    "name": "Require(6) node_modules/egg-watcher/config/config.default.js",
    "start": 1651933544713,
    "end": 1651933544714,
    "duration": 1,
    "pid": 17404,
    "index": 10
  },
  {
    "name": "Require(7) node_modules/egg-schedule/config/config.default.js",
    "start": 1651933544715,
    "end": 1651933544715,
    "duration": 0,
    "pid": 17404,
    "index": 11
  },
  {
    "name": "Require(8) node_modules/egg-multipart/config/config.default.js",
    "start": 1651933544716,
    "end": 1651933544717,
    "duration": 1,
    "pid": 17404,
    "index": 12
  },
  {
    "name": "Require(9) node_modules/egg-development/config/config.default.js",
    "start": 1651933544718,
    "end": 1651933544719,
    "duration": 1,
    "pid": 17404,
    "index": 13
  },
  {
    "name": "Require(10) node_modules/egg-logrotator/config/config.default.js",
    "start": 1651933544719,
    "end": 1651933544720,
    "duration": 1,
    "pid": 17404,
    "index": 14
  },
  {
    "name": "Require(11) node_modules/egg-static/config/config.default.js",
    "start": 1651933544721,
    "end": 1651933544721,
    "duration": 0,
    "pid": 17404,
    "index": 15
  },
  {
    "name": "Require(12) node_modules/egg-view/config/config.default.js",
    "start": 1651933544722,
    "end": 1651933544723,
    "duration": 1,
    "pid": 17404,
    "index": 16
  },
  {
    "name": "Require(13) node_modules/egg-sequelize/config/config.default.js",
    "start": 1651933544724,
    "end": 1651933544724,
    "duration": 0,
    "pid": 17404,
    "index": 17
  },
  {
    "name": "Require(14) node_modules/egg-cors/config/config.default.js",
    "start": 1651933544725,
    "end": 1651933544725,
    "duration": 0,
    "pid": 17404,
    "index": 18
  },
  {
    "name": "Require(15) node_modules/egg-jwt/config/config.default.js",
    "start": 1651933544726,
    "end": 1651933544727,
    "duration": 1,
    "pid": 17404,
    "index": 19
  },
  {
    "name": "Require(16) node_modules/egg-socket.io/config/config.default.js",
    "start": 1651933544727,
    "end": 1651933544728,
    "duration": 1,
    "pid": 17404,
    "index": 20
  },
  {
    "name": "Require(17) node_modules/egg/config/config.default.js",
    "start": 1651933544729,
    "end": 1651933544730,
    "duration": 1,
    "pid": 17404,
    "index": 21
  },
  {
    "name": "Require(18) config/config.default.js",
    "start": 1651933544732,
    "end": 1651933544732,
    "duration": 0,
    "pid": 17404,
    "index": 22
  },
  {
    "name": "Require(19) node_modules/egg-security/config/config.local.js",
    "start": 1651933544736,
    "end": 1651933544737,
    "duration": 1,
    "pid": 17404,
    "index": 23
  },
  {
    "name": "Require(20) node_modules/egg-watcher/config/config.local.js",
    "start": 1651933544738,
    "end": 1651933544739,
    "duration": 1,
    "pid": 17404,
    "index": 24
  },
  {
    "name": "Require(21) node_modules/egg-view/config/config.local.js",
    "start": 1651933544741,
    "end": 1651933544741,
    "duration": 0,
    "pid": 17404,
    "index": 25
  },
  {
    "name": "Require(22) node_modules/egg/config/config.local.js",
    "start": 1651933544743,
    "end": 1651933544743,
    "duration": 0,
    "pid": 17404,
    "index": 26
  },
  {
    "name": "Load extend/application.js",
    "start": 1651933544746,
    "end": 1651933544870,
    "duration": 124,
    "pid": 17404,
    "index": 27
  },
  {
    "name": "Require(23) node_modules/egg-session/app/extend/application.js",
    "start": 1651933544747,
    "end": 1651933544748,
    "duration": 1,
    "pid": 17404,
    "index": 28
  },
  {
    "name": "Require(24) node_modules/egg-security/app/extend/application.js",
    "start": 1651933544748,
    "end": 1651933544750,
    "duration": 2,
    "pid": 17404,
    "index": 29
  },
  {
    "name": "Require(25) node_modules/egg-jsonp/app/extend/application.js",
    "start": 1651933544750,
    "end": 1651933544752,
    "duration": 2,
    "pid": 17404,
    "index": 30
  },
  {
    "name": "Require(26) node_modules/egg-logrotator/app/extend/application.js",
    "start": 1651933544753,
    "end": 1651933544759,
    "duration": 6,
    "pid": 17404,
    "index": 31
  },
  {
    "name": "Require(27) node_modules/egg-view/app/extend/application.js",
    "start": 1651933544760,
    "end": 1651933544762,
    "duration": 2,
    "pid": 17404,
    "index": 32
  },
  {
    "name": "Require(28) node_modules/egg-jwt/app/extend/application.js",
    "start": 1651933544763,
    "end": 1651933544811,
    "duration": 48,
    "pid": 17404,
    "index": 33
  },
  {
    "name": "Require(29) node_modules/egg-socket.io/app/extend/application.js",
    "start": 1651933544812,
    "end": 1651933544865,
    "duration": 53,
    "pid": 17404,
    "index": 34
  },
  {
    "name": "Load extend/request.js",
    "start": 1651933544870,
    "end": 1651933544880,
    "duration": 10,
    "pid": 17404,
    "index": 35
  },
  {
    "name": "Require(30) node_modules/egg/app/extend/request.js",
    "start": 1651933544875,
    "end": 1651933544876,
    "duration": 1,
    "pid": 17404,
    "index": 36
  },
  {
    "name": "Load extend/response.js",
    "start": 1651933544880,
    "end": 1651933544887,
    "duration": 7,
    "pid": 17404,
    "index": 37
  },
  {
    "name": "Require(31) node_modules/egg/app/extend/response.js",
    "start": 1651933544883,
    "end": 1651933544884,
    "duration": 1,
    "pid": 17404,
    "index": 38
  },
  {
    "name": "Load extend/context.js",
    "start": 1651933544887,
    "end": 1651933544976,
    "duration": 89,
    "pid": 17404,
    "index": 39
  },
  {
    "name": "Require(32) node_modules/egg-security/app/extend/context.js",
    "start": 1651933544888,
    "end": 1651933544897,
    "duration": 9,
    "pid": 17404,
    "index": 40
  },
  {
    "name": "Require(33) node_modules/egg-jsonp/app/extend/context.js",
    "start": 1651933544897,
    "end": 1651933544900,
    "duration": 3,
    "pid": 17404,
    "index": 41
  },
  {
    "name": "Require(34) node_modules/egg-i18n/app/extend/context.js",
    "start": 1651933544901,
    "end": 1651933544901,
    "duration": 0,
    "pid": 17404,
    "index": 42
  },
  {
    "name": "Require(35) node_modules/egg-multipart/app/extend/context.js",
    "start": 1651933544902,
    "end": 1651933544969,
    "duration": 67,
    "pid": 17404,
    "index": 43
  },
  {
    "name": "Require(36) node_modules/egg-view/app/extend/context.js",
    "start": 1651933544970,
    "end": 1651933544971,
    "duration": 1,
    "pid": 17404,
    "index": 44
  },
  {
    "name": "Require(37) node_modules/egg/app/extend/context.js",
    "start": 1651933544972,
    "end": 1651933544973,
    "duration": 1,
    "pid": 17404,
    "index": 45
  },
  {
    "name": "Load extend/helper.js",
    "start": 1651933544976,
    "end": 1651933545002,
    "duration": 26,
    "pid": 17404,
    "index": 46
  },
  {
    "name": "Require(38) node_modules/egg-security/app/extend/helper.js",
    "start": 1651933544977,
    "end": 1651933544994,
    "duration": 17,
    "pid": 17404,
    "index": 47
  },
  {
    "name": "Require(39) node_modules/egg/app/extend/helper.js",
    "start": 1651933544997,
    "end": 1651933544997,
    "duration": 0,
    "pid": 17404,
    "index": 48
  },
  {
    "name": "Load app.js",
    "start": 1651933545003,
    "end": 1651933545112,
    "duration": 109,
    "pid": 17404,
    "index": 49
  },
  {
    "name": "Require(40) node_modules/egg-session/app.js",
    "start": 1651933545003,
    "end": 1651933545004,
    "duration": 1,
    "pid": 17404,
    "index": 50
  },
  {
    "name": "Require(41) node_modules/egg-security/app.js",
    "start": 1651933545004,
    "end": 1651933545006,
    "duration": 2,
    "pid": 17404,
    "index": 51
  },
  {
    "name": "Require(42) node_modules/egg-onerror/app.js",
    "start": 1651933545007,
    "end": 1651933545015,
    "duration": 8,
    "pid": 17404,
    "index": 52
  },
  {
    "name": "Require(43) node_modules/egg-i18n/app.js",
    "start": 1651933545016,
    "end": 1651933545037,
    "duration": 21,
    "pid": 17404,
    "index": 53
  },
  {
    "name": "Require(44) node_modules/egg-watcher/app.js",
    "start": 1651933545038,
    "end": 1651933545043,
    "duration": 5,
    "pid": 17404,
    "index": 54
  },
  {
    "name": "Require(45) node_modules/egg-schedule/app.js",
    "start": 1651933545044,
    "end": 1651933545046,
    "duration": 2,
    "pid": 17404,
    "index": 55
  },
  {
    "name": "Require(46) node_modules/egg-multipart/app.js",
    "start": 1651933545047,
    "end": 1651933545047,
    "duration": 0,
    "pid": 17404,
    "index": 56
  },
  {
    "name": "Require(47) node_modules/egg-development/app.js",
    "start": 1651933545048,
    "end": 1651933545048,
    "duration": 0,
    "pid": 17404,
    "index": 57
  },
  {
    "name": "Require(48) node_modules/egg-logrotator/app.js",
    "start": 1651933545049,
    "end": 1651933545049,
    "duration": 0,
    "pid": 17404,
    "index": 58
  },
  {
    "name": "Require(49) node_modules/egg-static/app.js",
    "start": 1651933545050,
    "end": 1651933545050,
    "duration": 0,
    "pid": 17404,
    "index": 59
  },
  {
    "name": "Require(50) node_modules/egg-sequelize/app.js",
    "start": 1651933545051,
    "end": 1651933545051,
    "duration": 0,
    "pid": 17404,
    "index": 60
  },
  {
    "name": "Require(51) node_modules/egg-cors/app.js",
    "start": 1651933545052,
    "end": 1651933545052,
    "duration": 0,
    "pid": 17404,
    "index": 61
  },
  {
    "name": "Require(52) node_modules/egg-jwt/app.js",
    "start": 1651933545053,
    "end": 1651933545053,
    "duration": 0,
    "pid": 17404,
    "index": 62
  },
  {
    "name": "Require(53) node_modules/egg-socket.io/app.js",
    "start": 1651933545053,
    "end": 1651933545110,
    "duration": 57,
    "pid": 17404,
    "index": 63
  },
  {
    "name": "Before Start in node_modules/egg-watcher/lib/init.js:15:14",
    "start": 1651933545131,
    "end": 1651933545906,
    "duration": 775,
    "pid": 17404,
    "index": 64
  },
  {
    "name": "Load \"Symbol(model)\" to Application",
    "start": 1651933545630,
    "end": 1651933545657,
    "duration": 27,
    "pid": 17404,
    "index": 65
  },
  {
    "name": "Before Start in node_modules/egg-sequelize/lib/loader.js:39:7",
    "start": 1651933545657,
    "end": 1651933545927,
    "duration": 270,
    "pid": 17404,
    "index": 66
  },
  {
    "name": "Load Controller",
    "start": 1651933545668,
    "end": 1651933545801,
    "duration": 133,
    "pid": 17404,
    "index": 67
  },
  {
    "name": "Load \"controller\" to Application",
    "start": 1651933545668,
    "end": 1651933545801,
    "duration": 133,
    "pid": 17404,
    "index": 68
  },
  {
    "name": "Before Start in node_modules/egg-socket.io/lib/io.js:26:7",
    "start": 1651933545676,
    "end": 1651933545868,
    "duration": 192,
    "pid": 17404,
    "index": 69
  },
  {
    "name": "Load Service",
    "start": 1651933545676,
    "end": 1651933545695,
    "duration": 19,
    "pid": 17404,
    "index": 70
  },
  {
    "name": "Load \"service\" to Context",
    "start": 1651933545676,
    "end": 1651933545695,
    "duration": 19,
    "pid": 17404,
    "index": 71
  },
  {
    "name": "Load Middleware",
    "start": 1651933545695,
    "end": 1651933545801,
    "duration": 106,
    "pid": 17404,
    "index": 72
  },
  {
    "name": "Load \"middlewares\" to Application",
    "start": 1651933545695,
    "end": 1651933545786,
    "duration": 91,
    "pid": 17404,
    "index": 73
  },
  {
    "name": "Load Controller",
    "start": 1651933545801,
    "end": 1651933545811,
    "duration": 10,
    "pid": 17404,
    "index": 74
  },
  {
    "name": "Load \"controller\" to Application",
    "start": 1651933545801,
    "end": 1651933545811,
    "duration": 10,
    "pid": 17404,
    "index": 75
  },
  {
    "name": "Load Router",
    "start": 1651933545811,
    "end": 1651933545818,
    "duration": 7,
    "pid": 17404,
    "index": 76
  },
  {
    "name": "Require(54) app/router.js",
    "start": 1651933545811,
    "end": 1651933545812,
    "duration": 1,
    "pid": 17404,
    "index": 77
  },
  {
    "name": "Before Start in node_modules/egg-core/lib/egg.js:303:10",
    "start": 1651933545813,
    "end": 1651933545862,
    "duration": 49,
    "pid": 17404,
    "index": 78
  }
]