[
  {
    "name": "Process Start",
    "start": 1651991268200,
    "end": 1651991269619,
    "duration": 1419,
    "pid": 8812,
    "index": 0
  },
  {
    "name": "Application Start",
    "start": 1651991269620,
    "end": 1651991270949,
    "duration": 1329,
    "pid": 8812,
    "index": 1
  },
  {
    "name": "Load Plugin",
    "start": 1651991269627,
    "end": 1651991269647,
    "duration": 20,
    "pid": 8812,
    "index": 2
  },
  {
    "name": "Load Config",
    "start": 1651991269647,
    "end": 1651991269683,
    "duration": 36,
    "pid": 8812,
    "index": 3
  },
  {
    "name": "Require(0) config/config.default.js",
    "start": 1651991269648,
    "end": 1651991269649,
    "duration": 1,
    "pid": 8812,
    "index": 4
  },
  {
    "name": "Require(1) node_modules/egg-session/config/config.default.js",
    "start": 1651991269651,
    "end": 1651991269652,
    "duration": 1,
    "pid": 8812,
    "index": 5
  },
  {
    "name": "Require(2) node_modules/egg-security/config/config.default.js",
    "start": 1651991269652,
    "end": 1651991269653,
    "duration": 1,
    "pid": 8812,
    "index": 6
  },
  {
    "name": "Require(3) node_modules/egg-jsonp/config/config.default.js",
    "start": 1651991269654,
    "end": 1651991269655,
    "duration": 1,
    "pid": 8812,
    "index": 7
  },
  {
    "name": "Require(4) node_modules/egg-onerror/config/config.default.js",
    "start": 1651991269655,
    "end": 1651991269656,
    "duration": 1,
    "pid": 8812,
    "index": 8
  },
  {
    "name": "Require(5) node_modules/egg-i18n/config/config.default.js",
    "start": 1651991269657,
    "end": 1651991269657,
    "duration": 0,
    "pid": 8812,
    "index": 9
  },
  {
    "name": "Require(6) node_modules/egg-watcher/config/config.default.js",
    "start": 1651991269658,
    "end": 1651991269658,
    "duration": 0,
    "pid": 8812,
    "index": 10
  },
  {
    "name": "Require(7) node_modules/egg-schedule/config/config.default.js",
    "start": 1651991269659,
    "end": 1651991269659,
    "duration": 0,
    "pid": 8812,
    "index": 11
  },
  {
    "name": "Require(8) node_modules/egg-multipart/config/config.default.js",
    "start": 1651991269660,
    "end": 1651991269661,
    "duration": 1,
    "pid": 8812,
    "index": 12
  },
  {
    "name": "Require(9) node_modules/egg-development/config/config.default.js",
    "start": 1651991269661,
    "end": 1651991269662,
    "duration": 1,
    "pid": 8812,
    "index": 13
  },
  {
    "name": "Require(10) node_modules/egg-logrotator/config/config.default.js",
    "start": 1651991269662,
    "end": 1651991269663,
    "duration": 1,
    "pid": 8812,
    "index": 14
  },
  {
    "name": "Require(11) node_modules/egg-static/config/config.default.js",
    "start": 1651991269663,
    "end": 1651991269664,
    "duration": 1,
    "pid": 8812,
    "index": 15
  },
  {
    "name": "Require(12) node_modules/egg-view/config/config.default.js",
    "start": 1651991269665,
    "end": 1651991269665,
    "duration": 0,
    "pid": 8812,
    "index": 16
  },
  {
    "name": "Require(13) node_modules/egg-sequelize/config/config.default.js",
    "start": 1651991269666,
    "end": 1651991269667,
    "duration": 1,
    "pid": 8812,
    "index": 17
  },
  {
    "name": "Require(14) node_modules/egg-cors/config/config.default.js",
    "start": 1651991269667,
    "end": 1651991269668,
    "duration": 1,
    "pid": 8812,
    "index": 18
  },
  {
    "name": "Require(15) node_modules/egg-jwt/config/config.default.js",
    "start": 1651991269669,
    "end": 1651991269669,
    "duration": 0,
    "pid": 8812,
    "index": 19
  },
  {
    "name": "Require(16) node_modules/egg-socket.io/config/config.default.js",
    "start": 1651991269670,
    "end": 1651991269670,
    "duration": 0,
    "pid": 8812,
    "index": 20
  },
  {
    "name": "Require(17) node_modules/egg/config/config.default.js",
    "start": 1651991269671,
    "end": 1651991269672,
    "duration": 1,
    "pid": 8812,
    "index": 21
  },
  {
    "name": "Require(18) config/config.default.js",
    "start": 1651991269673,
    "end": 1651991269673,
    "duration": 0,
    "pid": 8812,
    "index": 22
  },
  {
    "name": "Require(19) node_modules/egg-security/config/config.local.js",
    "start": 1651991269676,
    "end": 1651991269677,
    "duration": 1,
    "pid": 8812,
    "index": 23
  },
  {
    "name": "Require(20) node_modules/egg-watcher/config/config.local.js",
    "start": 1651991269678,
    "end": 1651991269678,
    "duration": 0,
    "pid": 8812,
    "index": 24
  },
  {
    "name": "Require(21) node_modules/egg-view/config/config.local.js",
    "start": 1651991269680,
    "end": 1651991269680,
    "duration": 0,
    "pid": 8812,
    "index": 25
  },
  {
    "name": "Require(22) node_modules/egg/config/config.local.js",
    "start": 1651991269682,
    "end": 1651991269683,
    "duration": 1,
    "pid": 8812,
    "index": 26
  },
  {
    "name": "Load extend/application.js",
    "start": 1651991269686,
    "end": 1651991269813,
    "duration": 127,
    "pid": 8812,
    "index": 27
  },
  {
    "name": "Require(23) node_modules/egg-session/app/extend/application.js",
    "start": 1651991269687,
    "end": 1651991269689,
    "duration": 2,
    "pid": 8812,
    "index": 28
  },
  {
    "name": "Require(24) node_modules/egg-security/app/extend/application.js",
    "start": 1651991269690,
    "end": 1651991269691,
    "duration": 1,
    "pid": 8812,
    "index": 29
  },
  {
    "name": "Require(25) node_modules/egg-jsonp/app/extend/application.js",
    "start": 1651991269692,
    "end": 1651991269699,
    "duration": 7,
    "pid": 8812,
    "index": 30
  },
  {
    "name": "Require(26) node_modules/egg-logrotator/app/extend/application.js",
    "start": 1651991269701,
    "end": 1651991269704,
    "duration": 3,
    "pid": 8812,
    "index": 31
  },
  {
    "name": "Require(27) node_modules/egg-view/app/extend/application.js",
    "start": 1651991269704,
    "end": 1651991269706,
    "duration": 2,
    "pid": 8812,
    "index": 32
  },
  {
    "name": "Require(28) node_modules/egg-jwt/app/extend/application.js",
    "start": 1651991269707,
    "end": 1651991269754,
    "duration": 47,
    "pid": 8812,
    "index": 33
  },
  {
    "name": "Require(29) node_modules/egg-socket.io/app/extend/application.js",
    "start": 1651991269755,
    "end": 1651991269808,
    "duration": 53,
    "pid": 8812,
    "index": 34
  },
  {
    "name": "Load extend/request.js",
    "start": 1651991269813,
    "end": 1651991269821,
    "duration": 8,
    "pid": 8812,
    "index": 35
  },
  {
    "name": "Require(30) node_modules/egg/app/extend/request.js",
    "start": 1651991269817,
    "end": 1651991269818,
    "duration": 1,
    "pid": 8812,
    "index": 36
  },
  {
    "name": "Load extend/response.js",
    "start": 1651991269821,
    "end": 1651991269829,
    "duration": 8,
    "pid": 8812,
    "index": 37
  },
  {
    "name": "Require(31) node_modules/egg/app/extend/response.js",
    "start": 1651991269824,
    "end": 1651991269826,
    "duration": 2,
    "pid": 8812,
    "index": 38
  },
  {
    "name": "Load extend/context.js",
    "start": 1651991269829,
    "end": 1651991269911,
    "duration": 82,
    "pid": 8812,
    "index": 39
  },
  {
    "name": "Require(32) node_modules/egg-security/app/extend/context.js",
    "start": 1651991269830,
    "end": 1651991269839,
    "duration": 9,
    "pid": 8812,
    "index": 40
  },
  {
    "name": "Require(33) node_modules/egg-jsonp/app/extend/context.js",
    "start": 1651991269839,
    "end": 1651991269841,
    "duration": 2,
    "pid": 8812,
    "index": 41
  },
  {
    "name": "Require(34) node_modules/egg-i18n/app/extend/context.js",
    "start": 1651991269841,
    "end": 1651991269842,
    "duration": 1,
    "pid": 8812,
    "index": 42
  },
  {
    "name": "Require(35) node_modules/egg-multipart/app/extend/context.js",
    "start": 1651991269842,
    "end": 1651991269902,
    "duration": 60,
    "pid": 8812,
    "index": 43
  },
  {
    "name": "Require(36) node_modules/egg-view/app/extend/context.js",
    "start": 1651991269902,
    "end": 1651991269903,
    "duration": 1,
    "pid": 8812,
    "index": 44
  },
  {
    "name": "Require(37) node_modules/egg/app/extend/context.js",
    "start": 1651991269905,
    "end": 1651991269905,
    "duration": 0,
    "pid": 8812,
    "index": 45
  },
  {
    "name": "Load extend/helper.js",
    "start": 1651991269911,
    "end": 1651991269946,
    "duration": 35,
    "pid": 8812,
    "index": 46
  },
  {
    "name": "Require(38) node_modules/egg-security/app/extend/helper.js",
    "start": 1651991269912,
    "end": 1651991269938,
    "duration": 26,
    "pid": 8812,
    "index": 47
  },
  {
    "name": "Require(39) node_modules/egg/app/extend/helper.js",
    "start": 1651991269942,
    "end": 1651991269942,
    "duration": 0,
    "pid": 8812,
    "index": 48
  },
  {
    "name": "Load app.js",
    "start": 1651991269946,
    "end": 1651991270051,
    "duration": 105,
    "pid": 8812,
    "index": 49
  },
  {
    "name": "Require(40) node_modules/egg-session/app.js",
    "start": 1651991269946,
    "end": 1651991269947,
    "duration": 1,
    "pid": 8812,
    "index": 50
  },
  {
    "name": "Require(41) node_modules/egg-security/app.js",
    "start": 1651991269947,
    "end": 1651991269949,
    "duration": 2,
    "pid": 8812,
    "index": 51
  },
  {
    "name": "Require(42) node_modules/egg-onerror/app.js",
    "start": 1651991269950,
    "end": 1651991269957,
    "duration": 7,
    "pid": 8812,
    "index": 52
  },
  {
    "name": "Require(43) node_modules/egg-i18n/app.js",
    "start": 1651991269958,
    "end": 1651991269976,
    "duration": 18,
    "pid": 8812,
    "index": 53
  },
  {
    "name": "Require(44) node_modules/egg-watcher/app.js",
    "start": 1651991269977,
    "end": 1651991269980,
    "duration": 3,
    "pid": 8812,
    "index": 54
  },
  {
    "name": "Require(45) node_modules/egg-schedule/app.js",
    "start": 1651991269980,
    "end": 1651991269983,
    "duration": 3,
    "pid": 8812,
    "index": 55
  },
  {
    "name": "Require(46) node_modules/egg-multipart/app.js",
    "start": 1651991269984,
    "end": 1651991269985,
    "duration": 1,
    "pid": 8812,
    "index": 56
  },
  {
    "name": "Require(47) node_modules/egg-development/app.js",
    "start": 1651991269985,
    "end": 1651991269986,
    "duration": 1,
    "pid": 8812,
    "index": 57
  },
  {
    "name": "Require(48) node_modules/egg-logrotator/app.js",
    "start": 1651991269986,
    "end": 1651991269987,
    "duration": 1,
    "pid": 8812,
    "index": 58
  },
  {
    "name": "Require(49) node_modules/egg-static/app.js",
    "start": 1651991269987,
    "end": 1651991269988,
    "duration": 1,
    "pid": 8812,
    "index": 59
  },
  {
    "name": "Require(50) node_modules/egg-sequelize/app.js",
    "start": 1651991269989,
    "end": 1651991269989,
    "duration": 0,
    "pid": 8812,
    "index": 60
  },
  {
    "name": "Require(51) node_modules/egg-cors/app.js",
    "start": 1651991269989,
    "end": 1651991269990,
    "duration": 1,
    "pid": 8812,
    "index": 61
  },
  {
    "name": "Require(52) node_modules/egg-jwt/app.js",
    "start": 1651991269990,
    "end": 1651991269991,
    "duration": 1,
    "pid": 8812,
    "index": 62
  },
  {
    "name": "Require(53) node_modules/egg-socket.io/app.js",
    "start": 1651991269991,
    "end": 1651991270049,
    "duration": 58,
    "pid": 8812,
    "index": 63
  },
  {
    "name": "Before Start in node_modules/egg-watcher/lib/init.js:15:14",
    "start": 1651991270065,
    "end": 1651991270907,
    "duration": 842,
    "pid": 8812,
    "index": 64
  },
  {
    "name": "Load \"Symbol(model)\" to Application",
    "start": 1651991270588,
    "end": 1651991270618,
    "duration": 30,
    "pid": 8812,
    "index": 65
  },
  {
    "name": "Before Start in node_modules/egg-sequelize/lib/loader.js:39:7",
    "start": 1651991270618,
    "end": 1651991270936,
    "duration": 318,
    "pid": 8812,
    "index": 66
  },
  {
    "name": "Load Controller",
    "start": 1651991270634,
    "end": 1651991270788,
    "duration": 154,
    "pid": 8812,
    "index": 67
  },
  {
    "name": "Load \"controller\" to Application",
    "start": 1651991270635,
    "end": 1651991270788,
    "duration": 153,
    "pid": 8812,
    "index": 68
  },
  {
    "name": "Before Start in node_modules/egg-socket.io/lib/io.js:26:7",
    "start": 1651991270643,
    "end": 1651991270859,
    "duration": 216,
    "pid": 8812,
    "index": 69
  },
  {
    "name": "Load Service",
    "start": 1651991270643,
    "end": 1651991270664,
    "duration": 21,
    "pid": 8812,
    "index": 70
  },
  {
    "name": "Load \"service\" to Context",
    "start": 1651991270643,
    "end": 1651991270664,
    "duration": 21,
    "pid": 8812,
    "index": 71
  },
  {
    "name": "Load Middleware",
    "start": 1651991270664,
    "end": 1651991270788,
    "duration": 124,
    "pid": 8812,
    "index": 72
  },
  {
    "name": "Load \"middlewares\" to Application",
    "start": 1651991270664,
    "end": 1651991270769,
    "duration": 105,
    "pid": 8812,
    "index": 73
  },
  {
    "name": "Load Controller",
    "start": 1651991270788,
    "end": 1651991270803,
    "duration": 15,
    "pid": 8812,
    "index": 74
  },
  {
    "name": "Load \"controller\" to Application",
    "start": 1651991270788,
    "end": 1651991270803,
    "duration": 15,
    "pid": 8812,
    "index": 75
  },
  {
    "name": "Load Router",
    "start": 1651991270803,
    "end": 1651991270809,
    "duration": 6,
    "pid": 8812,
    "index": 76
  },
  {
    "name": "Require(54) app/router.js",
    "start": 1651991270804,
    "end": 1651991270804,
    "duration": 0,
    "pid": 8812,
    "index": 77
  },
  {
    "name": "Before Start in node_modules/egg-core/lib/egg.js:303:10",
    "start": 1651991270805,
    "end": 1651991270855,
    "duration": 50,
    "pid": 8812,
    "index": 78
  }
]