[
  {
    "name": "Process Start",
    "start": 1651894844678,
    "end": 1651894846190,
    "duration": 1512,
    "pid": 4072,
    "index": 0
  },
  {
    "name": "Application Start",
    "start": 1651894846190,
    "end": 1651894847576,
    "duration": 1386,
    "pid": 4072,
    "index": 1
  },
  {
    "name": "Load Plugin",
    "start": 1651894846197,
    "end": 1651894846224,
    "duration": 27,
    "pid": 4072,
    "index": 2
  },
  {
    "name": "Load Config",
    "start": 1651894846224,
    "end": 1651894846257,
    "duration": 33,
    "pid": 4072,
    "index": 3
  },
  {
    "name": "Require(0) config/config.default.js",
    "start": 1651894846225,
    "end": 1651894846226,
    "duration": 1,
    "pid": 4072,
    "index": 4
  },
  {
    "name": "Require(1) node_modules/egg-session/config/config.default.js",
    "start": 1651894846228,
    "end": 1651894846229,
    "duration": 1,
    "pid": 4072,
    "index": 5
  },
  {
    "name": "Require(2) node_modules/egg-security/config/config.default.js",
    "start": 1651894846229,
    "end": 1651894846230,
    "duration": 1,
    "pid": 4072,
    "index": 6
  },
  {
    "name": "Require(3) node_modules/egg-jsonp/config/config.default.js",
    "start": 1651894846231,
    "end": 1651894846232,
    "duration": 1,
    "pid": 4072,
    "index": 7
  },
  {
    "name": "Require(4) node_modules/egg-onerror/config/config.default.js",
    "start": 1651894846232,
    "end": 1651894846233,
    "duration": 1,
    "pid": 4072,
    "index": 8
  },
  {
    "name": "Require(5) node_modules/egg-i18n/config/config.default.js",
    "start": 1651894846233,
    "end": 1651894846234,
    "duration": 1,
    "pid": 4072,
    "index": 9
  },
  {
    "name": "Require(6) node_modules/egg-watcher/config/config.default.js",
    "start": 1651894846235,
    "end": 1651894846235,
    "duration": 0,
    "pid": 4072,
    "index": 10
  },
  {
    "name": "Require(7) node_modules/egg-schedule/config/config.default.js",
    "start": 1651894846236,
    "end": 1651894846236,
    "duration": 0,
    "pid": 4072,
    "index": 11
  },
  {
    "name": "Require(8) node_modules/egg-multipart/config/config.default.js",
    "start": 1651894846237,
    "end": 1651894846237,
    "duration": 0,
    "pid": 4072,
    "index": 12
  },
  {
    "name": "Require(9) node_modules/egg-development/config/config.default.js",
    "start": 1651894846238,
    "end": 1651894846239,
    "duration": 1,
    "pid": 4072,
    "index": 13
  },
  {
    "name": "Require(10) node_modules/egg-logrotator/config/config.default.js",
    "start": 1651894846239,
    "end": 1651894846240,
    "duration": 1,
    "pid": 4072,
    "index": 14
  },
  {
    "name": "Require(11) node_modules/egg-static/config/config.default.js",
    "start": 1651894846240,
    "end": 1651894846241,
    "duration": 1,
    "pid": 4072,
    "index": 15
  },
  {
    "name": "Require(12) node_modules/egg-view/config/config.default.js",
    "start": 1651894846241,
    "end": 1651894846242,
    "duration": 1,
    "pid": 4072,
    "index": 16
  },
  {
    "name": "Require(13) node_modules/egg-sequelize/config/config.default.js",
    "start": 1651894846242,
    "end": 1651894846243,
    "duration": 1,
    "pid": 4072,
    "index": 17
  },
  {
    "name": "Require(14) node_modules/egg-cors/config/config.default.js",
    "start": 1651894846243,
    "end": 1651894846244,
    "duration": 1,
    "pid": 4072,
    "index": 18
  },
  {
    "name": "Require(15) node_modules/egg-jwt/config/config.default.js",
    "start": 1651894846244,
    "end": 1651894846245,
    "duration": 1,
    "pid": 4072,
    "index": 19
  },
  {
    "name": "Require(16) node_modules/egg-socket.io/config/config.default.js",
    "start": 1651894846245,
    "end": 1651894846246,
    "duration": 1,
    "pid": 4072,
    "index": 20
  },
  {
    "name": "Require(17) node_modules/egg/config/config.default.js",
    "start": 1651894846246,
    "end": 1651894846247,
    "duration": 1,
    "pid": 4072,
    "index": 21
  },
  {
    "name": "Require(18) config/config.default.js",
    "start": 1651894846248,
    "end": 1651894846248,
    "duration": 0,
    "pid": 4072,
    "index": 22
  },
  {
    "name": "Require(19) node_modules/egg-security/config/config.local.js",
    "start": 1651894846251,
    "end": 1651894846251,
    "duration": 0,
    "pid": 4072,
    "index": 23
  },
  {
    "name": "Require(20) node_modules/egg-watcher/config/config.local.js",
    "start": 1651894846252,
    "end": 1651894846253,
    "duration": 1,
    "pid": 4072,
    "index": 24
  },
  {
    "name": "Require(21) node_modules/egg-view/config/config.local.js",
    "start": 1651894846254,
    "end": 1651894846255,
    "duration": 1,
    "pid": 4072,
    "index": 25
  },
  {
    "name": "Require(22) node_modules/egg/config/config.local.js",
    "start": 1651894846256,
    "end": 1651894846257,
    "duration": 1,
    "pid": 4072,
    "index": 26
  },
  {
    "name": "Load extend/application.js",
    "start": 1651894846259,
    "end": 1651894846379,
    "duration": 120,
    "pid": 4072,
    "index": 27
  },
  {
    "name": "Require(23) node_modules/egg-session/app/extend/application.js",
    "start": 1651894846260,
    "end": 1651894846261,
    "duration": 1,
    "pid": 4072,
    "index": 28
  },
  {
    "name": "Require(24) node_modules/egg-security/app/extend/application.js",
    "start": 1651894846261,
    "end": 1651894846264,
    "duration": 3,
    "pid": 4072,
    "index": 29
  },
  {
    "name": "Require(25) node_modules/egg-jsonp/app/extend/application.js",
    "start": 1651894846264,
    "end": 1651894846266,
    "duration": 2,
    "pid": 4072,
    "index": 30
  },
  {
    "name": "Require(26) node_modules/egg-logrotator/app/extend/application.js",
    "start": 1651894846267,
    "end": 1651894846269,
    "duration": 2,
    "pid": 4072,
    "index": 31
  },
  {
    "name": "Require(27) node_modules/egg-view/app/extend/application.js",
    "start": 1651894846270,
    "end": 1651894846272,
    "duration": 2,
    "pid": 4072,
    "index": 32
  },
  {
    "name": "Require(28) node_modules/egg-jwt/app/extend/application.js",
    "start": 1651894846273,
    "end": 1651894846320,
    "duration": 47,
    "pid": 4072,
    "index": 33
  },
  {
    "name": "Require(29) node_modules/egg-socket.io/app/extend/application.js",
    "start": 1651894846320,
    "end": 1651894846375,
    "duration": 55,
    "pid": 4072,
    "index": 34
  },
  {
    "name": "Load extend/request.js",
    "start": 1651894846379,
    "end": 1651894846387,
    "duration": 8,
    "pid": 4072,
    "index": 35
  },
  {
    "name": "Require(30) node_modules/egg/app/extend/request.js",
    "start": 1651894846383,
    "end": 1651894846384,
    "duration": 1,
    "pid": 4072,
    "index": 36
  },
  {
    "name": "Load extend/response.js",
    "start": 1651894846387,
    "end": 1651894846395,
    "duration": 8,
    "pid": 4072,
    "index": 37
  },
  {
    "name": "Require(31) node_modules/egg/app/extend/response.js",
    "start": 1651894846390,
    "end": 1651894846392,
    "duration": 2,
    "pid": 4072,
    "index": 38
  },
  {
    "name": "Load extend/context.js",
    "start": 1651894846395,
    "end": 1651894846495,
    "duration": 100,
    "pid": 4072,
    "index": 39
  },
  {
    "name": "Require(32) node_modules/egg-security/app/extend/context.js",
    "start": 1651894846396,
    "end": 1651894846407,
    "duration": 11,
    "pid": 4072,
    "index": 40
  },
  {
    "name": "Require(33) node_modules/egg-jsonp/app/extend/context.js",
    "start": 1651894846407,
    "end": 1651894846409,
    "duration": 2,
    "pid": 4072,
    "index": 41
  },
  {
    "name": "Require(34) node_modules/egg-i18n/app/extend/context.js",
    "start": 1651894846409,
    "end": 1651894846410,
    "duration": 1,
    "pid": 4072,
    "index": 42
  },
  {
    "name": "Require(35) node_modules/egg-multipart/app/extend/context.js",
    "start": 1651894846411,
    "end": 1651894846484,
    "duration": 73,
    "pid": 4072,
    "index": 43
  },
  {
    "name": "Require(36) node_modules/egg-view/app/extend/context.js",
    "start": 1651894846486,
    "end": 1651894846487,
    "duration": 1,
    "pid": 4072,
    "index": 44
  },
  {
    "name": "Require(37) node_modules/egg/app/extend/context.js",
    "start": 1651894846488,
    "end": 1651894846489,
    "duration": 1,
    "pid": 4072,
    "index": 45
  },
  {
    "name": "Load extend/helper.js",
    "start": 1651894846496,
    "end": 1651894846532,
    "duration": 36,
    "pid": 4072,
    "index": 46
  },
  {
    "name": "Require(38) node_modules/egg-security/app/extend/helper.js",
    "start": 1651894846497,
    "end": 1651894846523,
    "duration": 26,
    "pid": 4072,
    "index": 47
  },
  {
    "name": "Require(39) node_modules/egg/app/extend/helper.js",
    "start": 1651894846526,
    "end": 1651894846527,
    "duration": 1,
    "pid": 4072,
    "index": 48
  },
  {
    "name": "Load app.js",
    "start": 1651894846532,
    "end": 1651894846644,
    "duration": 112,
    "pid": 4072,
    "index": 49
  },
  {
    "name": "Require(40) node_modules/egg-session/app.js",
    "start": 1651894846532,
    "end": 1651894846533,
    "duration": 1,
    "pid": 4072,
    "index": 50
  },
  {
    "name": "Require(41) node_modules/egg-security/app.js",
    "start": 1651894846533,
    "end": 1651894846535,
    "duration": 2,
    "pid": 4072,
    "index": 51
  },
  {
    "name": "Require(42) node_modules/egg-onerror/app.js",
    "start": 1651894846536,
    "end": 1651894846548,
    "duration": 12,
    "pid": 4072,
    "index": 52
  },
  {
    "name": "Require(43) node_modules/egg-i18n/app.js",
    "start": 1651894846549,
    "end": 1651894846566,
    "duration": 17,
    "pid": 4072,
    "index": 53
  },
  {
    "name": "Require(44) node_modules/egg-watcher/app.js",
    "start": 1651894846566,
    "end": 1651894846570,
    "duration": 4,
    "pid": 4072,
    "index": 54
  },
  {
    "name": "Require(45) node_modules/egg-schedule/app.js",
    "start": 1651894846570,
    "end": 1651894846572,
    "duration": 2,
    "pid": 4072,
    "index": 55
  },
  {
    "name": "Require(46) node_modules/egg-multipart/app.js",
    "start": 1651894846573,
    "end": 1651894846573,
    "duration": 0,
    "pid": 4072,
    "index": 56
  },
  {
    "name": "Require(47) node_modules/egg-development/app.js",
    "start": 1651894846574,
    "end": 1651894846574,
    "duration": 0,
    "pid": 4072,
    "index": 57
  },
  {
    "name": "Require(48) node_modules/egg-logrotator/app.js",
    "start": 1651894846574,
    "end": 1651894846575,
    "duration": 1,
    "pid": 4072,
    "index": 58
  },
  {
    "name": "Require(49) node_modules/egg-static/app.js",
    "start": 1651894846575,
    "end": 1651894846576,
    "duration": 1,
    "pid": 4072,
    "index": 59
  },
  {
    "name": "Require(50) node_modules/egg-sequelize/app.js",
    "start": 1651894846576,
    "end": 1651894846577,
    "duration": 1,
    "pid": 4072,
    "index": 60
  },
  {
    "name": "Require(51) node_modules/egg-cors/app.js",
    "start": 1651894846577,
    "end": 1651894846577,
    "duration": 0,
    "pid": 4072,
    "index": 61
  },
  {
    "name": "Require(52) node_modules/egg-jwt/app.js",
    "start": 1651894846578,
    "end": 1651894846578,
    "duration": 0,
    "pid": 4072,
    "index": 62
  },
  {
    "name": "Require(53) node_modules/egg-socket.io/app.js",
    "start": 1651894846579,
    "end": 1651894846643,
    "duration": 64,
    "pid": 4072,
    "index": 63
  },
  {
    "name": "Before Start in node_modules/egg-watcher/lib/init.js:15:14",
    "start": 1651894846660,
    "end": 1651894847541,
    "duration": 881,
    "pid": 4072,
    "index": 64
  },
  {
    "name": "Load \"Symbol(model)\" to Application",
    "start": 1651894847223,
    "end": 1651894847259,
    "duration": 36,
    "pid": 4072,
    "index": 65
  },
  {
    "name": "Before Start in node_modules/egg-sequelize/lib/loader.js:39:7",
    "start": 1651894847259,
    "end": 1651894847563,
    "duration": 304,
    "pid": 4072,
    "index": 66
  },
  {
    "name": "Load Controller",
    "start": 1651894847272,
    "end": 1651894847430,
    "duration": 158,
    "pid": 4072,
    "index": 67
  },
  {
    "name": "Load \"controller\" to Application",
    "start": 1651894847272,
    "end": 1651894847430,
    "duration": 158,
    "pid": 4072,
    "index": 68
  },
  {
    "name": "Before Start in node_modules/egg-socket.io/lib/io.js:26:7",
    "start": 1651894847281,
    "end": 1651894847501,
    "duration": 220,
    "pid": 4072,
    "index": 69
  },
  {
    "name": "Load Service",
    "start": 1651894847282,
    "end": 1651894847309,
    "duration": 27,
    "pid": 4072,
    "index": 70
  },
  {
    "name": "Load \"service\" to Context",
    "start": 1651894847282,
    "end": 1651894847309,
    "duration": 27,
    "pid": 4072,
    "index": 71
  },
  {
    "name": "Load Middleware",
    "start": 1651894847309,
    "end": 1651894847430,
    "duration": 121,
    "pid": 4072,
    "index": 72
  },
  {
    "name": "Load \"middlewares\" to Application",
    "start": 1651894847310,
    "end": 1651894847415,
    "duration": 105,
    "pid": 4072,
    "index": 73
  },
  {
    "name": "Load Controller",
    "start": 1651894847430,
    "end": 1651894847446,
    "duration": 16,
    "pid": 4072,
    "index": 74
  },
  {
    "name": "Load \"controller\" to Application",
    "start": 1651894847430,
    "end": 1651894847446,
    "duration": 16,
    "pid": 4072,
    "index": 75
  },
  {
    "name": "Load Router",
    "start": 1651894847446,
    "end": 1651894847451,
    "duration": 5,
    "pid": 4072,
    "index": 76
  },
  {
    "name": "Require(54) app/router.js",
    "start": 1651894847446,
    "end": 1651894847447,
    "duration": 1,
    "pid": 4072,
    "index": 77
  },
  {
    "name": "Before Start in node_modules/egg-core/lib/egg.js:303:10",
    "start": 1651894847448,
    "end": 1651894847496,
    "duration": 48,
    "pid": 4072,
    "index": 78
  }
]