[
  {
    "name": null,
    "methods": [
      "HEAD",
      "GET"
    ],
    "paramNames": [],
    "path": "/",
    "regexp": "/^(?:\\/(?=$))?$/",
    "stack": [
      "wrappedController"
    ]
  },
  {
    "name": null,
    "methods": [
      "POST"
    ],
    "paramNames": [],
    "path": "/upload",
    "regexp": "/^\\/upload(?:\\/(?=$))?$/",
    "stack": [
      "middleware",
      "wrappedController"
    ]
  },
  {
    "name": null,
    "methods": [
      "POST"
    ],
    "paramNames": [],
    "path": "/user/updateUserDetail",
    "regexp": "/^\\/user\\/updateUserDetail(?:\\/(?=$))?$/",
    "stack": [
      "middleware",
      "wrappedController"
    ]
  },
  {
    "name": null,
    "methods": [
      "POST"
    ],
    "paramNames": [],
    "path": "/user/register",
    "regexp": "/^\\/user\\/register(?:\\/(?=$))?$/",
    "stack": [
      "wrappedController"
    ]
  },
  {
    "name": null,
    "methods": [
      "POST"
    ],
    "paramNames": [],
    "path": "/user/login",
    "regexp": "/^\\/user\\/login(?:\\/(?=$))?$/",
    "stack": [
      "wrappedController"
    ]
  },
  {
    "name": null,
    "methods": [
      "POST"
    ],
    "paramNames": [],
    "path": "/user/changePassword",
    "regexp": "/^\\/user\\/changePassword(?:\\/(?=$))?$/",
    "stack": [
      "middleware",
      "wrappedController"
    ]
  },
  {
    "name": null,
    "methods": [
      "POST"
    ],
    "paramNames": [],
    "path": "/user/getInfoByUserName",
    "regexp": "/^\\/user\\/getInfoByUserName(?:\\/(?=$))?$/",
    "stack": [
      "wrappedController"
    ]
  },
  {
    "name": null,
    "methods": [
      "POST"
    ],
    "paramNames": [],
    "path": "/student/addStudent",
    "regexp": "/^\\/student\\/addStudent(?:\\/(?=$))?$/",
    "stack": [
      "middleware",
      "wrappedController"
    ]
  },
  {
    "name": null,
    "methods": [
      "POST"
    ],
    "paramNames": [],
    "path": "/student/getStudentByPage",
    "regexp": "/^\\/student\\/getStudentByPage(?:\\/(?=$))?$/",
    "stack": [
      "middleware",
      "wrappedController"
    ]
  },
  {
    "name": null,
    "methods": [
      "POST"
    ],
    "paramNames": [],
    "path": "/student/updateStudentById",
    "regexp": "/^\\/student\\/updateStudentById(?:\\/(?=$))?$/",
    "stack": [
      "middleware",
      "wrappedController"
    ]
  },
  {
    "name": null,
    "methods": [
      "POST"
    ],
    "paramNames": [],
    "path": "/student/deleteStudentById",
    "regexp": "/^\\/student\\/deleteStudentById(?:\\/(?=$))?$/",
    "stack": [
      "middleware",
      "wrappedController"
    ]
  },
  {
    "name": null,
    "methods": [
      "POST"
    ],
    "paramNames": [],
    "path": "/grade/addClass",
    "regexp": "/^\\/grade\\/addClass(?:\\/(?=$))?$/",
    "stack": [
      "middleware",
      "wrappedController"
    ]
  },
  {
    "name": null,
    "methods": [
      "POST"
    ],
    "paramNames": [],
    "path": "/grade/getClassByPage",
    "regexp": "/^\\/grade\\/getClassByPage(?:\\/(?=$))?$/",
    "stack": [
      "middleware",
      "wrappedController"
    ]
  },
  {
    "name": null,
    "methods": [
      "POST"
    ],
    "paramNames": [],
    "path": "/grade/updateClassById",
    "regexp": "/^\\/grade\\/updateClassById(?:\\/(?=$))?$/",
    "stack": [
      "middleware",
      "wrappedController"
    ]
  },
  {
    "name": null,
    "methods": [
      "POST"
    ],
    "paramNames": [],
    "path": "/grade/deleteClassById",
    "regexp": "/^\\/grade\\/deleteClassById(?:\\/(?=$))?$/",
    "stack": [
      "middleware",
      "wrappedController"
    ]
  },
  {
    "name": null,
    "methods": [
      "POST"
    ],
    "paramNames": [],
    "path": "/dormitory/addDormitory",
    "regexp": "/^\\/dormitory\\/addDormitory(?:\\/(?=$))?$/",
    "stack": [
      "middleware",
      "wrappedController"
    ]
  },
  {
    "name": null,
    "methods": [
      "POST"
    ],
    "paramNames": [],
    "path": "/dormitory/getDormitoryByPage",
    "regexp": "/^\\/dormitory\\/getDormitoryByPage(?:\\/(?=$))?$/",
    "stack": [
      "middleware",
      "wrappedController"
    ]
  },
  {
    "name": null,
    "methods": [
      "POST"
    ],
    "paramNames": [],
    "path": "/dormitory/updateDormitoryById",
    "regexp": "/^\\/dormitory\\/updateDormitoryById(?:\\/(?=$))?$/",
    "stack": [
      "middleware",
      "wrappedController"
    ]
  },
  {
    "name": null,
    "methods": [
      "POST"
    ],
    "paramNames": [],
    "path": "/dormitory/deleteDormitoryById",
    "regexp": "/^\\/dormitory\\/deleteDormitoryById(?:\\/(?=$))?$/",
    "stack": [
      "middleware",
      "wrappedController"
    ]
  },
  {
    "name": null,
    "methods": [
      "POST"
    ],
    "paramNames": [],
    "path": "/maintain/addMaintain",
    "regexp": "/^\\/maintain\\/addMaintain(?:\\/(?=$))?$/",
    "stack": [
      "middleware",
      "wrappedController"
    ]
  },
  {
    "name": null,
    "methods": [
      "POST"
    ],
    "paramNames": [],
    "path": "/maintain/getMaintainByPage",
    "regexp": "/^\\/maintain\\/getMaintainByPage(?:\\/(?=$))?$/",
    "stack": [
      "middleware",
      "wrappedController"
    ]
  },
  {
    "name": null,
    "methods": [
      "POST"
    ],
    "paramNames": [],
    "path": "/maintain/updateMaintainById",
    "regexp": "/^\\/maintain\\/updateMaintainById(?:\\/(?=$))?$/",
    "stack": [
      "middleware",
      "wrappedController"
    ]
  },
  {
    "name": null,
    "methods": [
      "POST"
    ],
    "paramNames": [],
    "path": "/maintain/deleteMaintainById",
    "regexp": "/^\\/maintain\\/deleteMaintainById(?:\\/(?=$))?$/",
    "stack": [
      "middleware",
      "wrappedController"
    ]
  },
  {
    "name": null,
    "methods": [
      "POST"
    ],
    "paramNames": [],
    "path": "/maintain/updateMaintainStatusById",
    "regexp": "/^\\/maintain\\/updateMaintainStatusById(?:\\/(?=$))?$/",
    "stack": [
      "middleware",
      "wrappedController"
    ]
  },
  {
    "name": null,
    "methods": [
      "POST"
    ],
    "paramNames": [],
    "path": "/activity/addActivity",
    "regexp": "/^\\/activity\\/addActivity(?:\\/(?=$))?$/",
    "stack": [
      "middleware",
      "wrappedController"
    ]
  },
  {
    "name": null,
    "methods": [
      "POST"
    ],
    "paramNames": [],
    "path": "/activity/getActivityByPage",
    "regexp": "/^\\/activity\\/getActivityByPage(?:\\/(?=$))?$/",
    "stack": [
      "middleware",
      "wrappedController"
    ]
  },
  {
    "name": null,
    "methods": [
      "POST"
    ],
    "paramNames": [],
    "path": "/activity/updateActivityById",
    "regexp": "/^\\/activity\\/updateActivityById(?:\\/(?=$))?$/",
    "stack": [
      "middleware",
      "wrappedController"
    ]
  },
  {
    "name": null,
    "methods": [
      "POST"
    ],
    "paramNames": [],
    "path": "/activity/deleteActivityById",
    "regexp": "/^\\/activity\\/deleteActivityById(?:\\/(?=$))?$/",
    "stack": [
      "middleware",
      "wrappedController"
    ]
  },
  {
    "name": null,
    "methods": [
      "POST"
    ],
    "paramNames": [],
    "path": "/activity/getActivityById",
    "regexp": "/^\\/activity\\/getActivityById(?:\\/(?=$))?$/",
    "stack": [
      "middleware",
      "wrappedController"
    ]
  },
  {
    "name": null,
    "methods": [
      "POST"
    ],
    "paramNames": [],
    "path": "/mutual/addMutual",
    "regexp": "/^\\/mutual\\/addMutual(?:\\/(?=$))?$/",
    "stack": [
      "middleware",
      "wrappedController"
    ]
  },
  {
    "name": null,
    "methods": [
      "POST"
    ],
    "paramNames": [],
    "path": "/mutual/getMutualByPage",
    "regexp": "/^\\/mutual\\/getMutualByPage(?:\\/(?=$))?$/",
    "stack": [
      "middleware",
      "wrappedController"
    ]
  },
  {
    "name": null,
    "methods": [
      "POST"
    ],
    "paramNames": [],
    "path": "/mutual/updateMutualById",
    "regexp": "/^\\/mutual\\/updateMutualById(?:\\/(?=$))?$/",
    "stack": [
      "middleware",
      "wrappedController"
    ]
  },
  {
    "name": null,
    "methods": [
      "POST"
    ],
    "paramNames": [],
    "path": "/mutual/deleteMutualById",
    "regexp": "/^\\/mutual\\/deleteMutualById(?:\\/(?=$))?$/",
    "stack": [
      "middleware",
      "wrappedController"
    ]
  }
]